Unnamed: 0,小区名字,总价,户型,建筑面积,单价,朝向,楼层,装修,区域,楼房结构,房源发布时间
0,花果新居二期,76万,1室1厅1卫, 57.43平米 ,13234元/平米,东,高楼层,精装,锦江区, 塔楼, 25天前
1,恒大天府半岛4期,280万,4室1厅1卫, 137.57平米 ,20354元/平米,东南,低楼层,精装,天府新区, 板塔结合, 1年前
2,隆鑫印象城邦,93万,3室2厅1卫, 97.38平米 ,9499元/平米,南,低楼层,精装,新津区, 板塔结合, 1年前
3,华润国际社区,76万,3室1厅1卫, 79.66平米 ,9573元/平米,西,低楼层,简装,龙泉驿区, 板塔结合, 1年前
4,海伦印象,129万,2室1厅2卫, 71.03平米 ,18162元/平米,西北,中楼层,简装,天府新区, 板塔结合, 1年前
5,花桥雅苑,34万,2室2厅1卫, 72.39平米 ,4697元/平米,南北,低楼层,毛坯,新津区, 板塔结合, 1年前
6,格林城,169万,3室1厅1卫, 95.38平米 ,17719元/平米,南,高楼层,毛坯,双流区, 板塔结合, 1年前
7,航丽广场,88万,4室2厅1卫, 142.87平米 ,6160元/平米,东,中楼层,毛坯,彭州市, 板楼, 1年前
8,九峰国际,210万,3室2厅1卫, 109.42平米 ,19193元/平米,东北,高楼层,精装,武侯区, 板楼, 1年前
9,柳城印象,105万,3室2厅2卫, 108.28平米 ,9698元/平米,东北,高楼层,精装,温江区, 板塔结合, 1年前
10,人居锦尚春天A区,106万,2室1厅1卫, 76.86平米 ,13792元/平米,西北,低楼层,简装,锦江区, 板塔结合, 1年前
11,长冶南阳御龙府一期,245万,3室2厅2卫, 117.41平米 ,20868元/平米,北,低楼层,毛坯,高新区, 板塔结合, 1年前
12,上层建筑,125万,2室2厅1卫, 80.41平米 ,15546元/平米,西南,低楼层,简装,金牛区, 塔楼, 2个月前
13,蔚蓝卡地亚云墅,220万,4室2厅1卫, 189.83平米 ,11590元/平米,南北,中楼层,精装,郫都区, 暂无数据, 1年前
14,万科城,138万,3室2厅1卫, 92.37平米 ,14940元/平米,东南,低楼层,精装,郫都区, 板塔结合, 1年前
15,阳光华庭,58万,2室1厅3卫, 35.13平米 ,16511元/平米,东西,中楼层,精装,天府新区, 板塔结合, 1年前
16,天府江南C区,50万,2室1厅1卫, 52.13平米 ,9573元/平米,东,低楼层,精装,新都区, 板楼, 1个月前
17,麓山国际半月湾,160万,2室1厅1卫, 91.52平米 ,17483元/平米,东,低楼层,毛坯,天府新区, 塔楼, 1年前
18,美好家园,165万,3室2厅2卫, 119.84平米 ,13769元/平米,东北,中楼层,简装,双流区, 板塔结合, 1个月前
19,合能珍宝琥珀,88万,3室2厅3卫, 84.77平米 ,10382元/平米,西,高楼层,精装,温江区, 板塔结合, 1年前
20,津尚都,79万,3室2厅2卫, 117.41平米 ,6729元/平米,东北,低楼层,其他,新津区, 塔楼, 2个月前
21,祥和苑,70万,2室2厅1卫, 100.79平米 ,6946元/平米,南,中楼层,简装,双流区, 暂无数据, 2个月前
22,芙蓉古城紫云园,355万,5室2厅1卫, 223.08平米 ,15914元/平米,东南,低楼层,其他,温江区, 板楼, 1年前
23,红牌楼广场,188万,3室2厅2卫, 98.75平米 ,19038元/平米,西南,低楼层,简装,武侯区, 板楼, 31天前
24,鹭湖宫10区,96万,3室1厅1卫, 101.71平米 ,9439元/平米,北,高楼层,精装,温江区, 塔楼, 1年前
25,博园世家,96万,5室2厅1卫, 176.59平米 ,5437元/平米,东南,低楼层,简装,郫都区, 板楼, 1年前
26,锦和康城▪锦绣苑,70万,2室1厅1卫, 58.61平米 ,11944元/平米,东,中楼层,毛坯,锦江区, 板塔结合, 1年前
27,中房蓝水湾,136万,3室1厅2卫, 110.24平米 ,12337元/平米,东北,低楼层,简装,成华区, 塔楼, 1年前
28,保利拉斐云邸,145万,4室2厅2卫, 134.67平米 ,10768元/平米,东南,中楼层,其他,新都区, 板塔结合, 1年前
29,和信孔雀天成,112万,3室2厅1卫, 126.81平米 ,8833元/平米,西北,低楼层,简装,温江区, 板塔结合, 1年前
30,金河谷五期,178万,4室2厅1卫, 125.44平米 ,14191元/平米,西南,高楼层,毛坯,温江区, 板楼, 1年前
31,朝阳时代西锦,74万,2室1厅2卫, 86.6平米 ,8522元/平米,东南,高楼层,精装,新都区, 板塔结合, 1年前
32,听湖九园,82万,3室1厅1卫, 113.42平米 ,7213元/平米,西南,中楼层,其他,青白江区, 板塔结合, 3个月前
33,西宸原著,265万,3室2厅1卫, 102.42平米 ,25874元/平米,西北,中楼层,精装,金牛区, 板塔结合, 1年前
34,银锣湾,88万,2室2厅1卫, 83.63平米 ,10523元/平米,东,低楼层,简装,成华区, 板楼, 3个月前
35,绿地国际花都三期,93万,4室2厅1卫, 126.05平米 ,7379元/平米,西南,高楼层,简装,郫都区, 塔楼, 1年前
36,听湖九园,115万,4室2厅1卫, 134.78平米 ,8533元/平米,东南,中楼层,精装,青白江区, 板塔结合, 1年前
37,戛纳湾金棕榈,238万,3室2厅1卫, 121.03平米 ,19665元/平米,南,中楼层,精装,天府新区, 板塔结合, 10个月前
38,灵龙路166号,37万,2室2厅1卫, 56.53平米 ,6510元/平米,东南,中楼层,简装,龙泉驿区, 板楼, 1年前
39,黄金时代(高新区),165万,3室2厅1卫, 108.21平米 ,15249元/平米,北,低楼层,其他,高新区, 板塔结合, 1年前
40,合能珍宝琥珀,95万,3室1厅1卫, 82.86平米 ,11466元/平米,东南,中楼层,精装,温江区, 板塔结合, 8个月前
41,橙郡三期,116万,3室2厅1卫, 92.27平米 ,12572元/平米,南北,高楼层,精装,金牛区, 板塔结合, 1年前
42,光华瑞廷,125万,3室2厅2卫, 99.07平米 ,12618元/平米,南,中楼层,精装,温江区, 板塔结合, 1年前
43,华兴新居,64万,1室1厅1卫, 50.68平米 ,12629元/平米,东南,低楼层,精装,锦江区, 板塔结合, 1年前
44,桂花巷19号,120万,2室1厅1卫, 66.06平米 ,18166元/平米,南北,高楼层,简装,青羊区, 板塔结合, 3个月前
45,马鞍山26号,57万,2室1厅2卫, 60.66平米 ,9397元/平米,东,高楼层,简装,金牛区, 板塔结合, 4个月前
46,一环路东三段99号附8号,83万,2室2厅3卫, 64.3平米 ,12909元/平米,东南,低楼层,精装,成华区, 板楼, 8个月前
47,凯德风尚,146万,2室1厅1卫, 89.78平米 ,16262元/平米,南,中楼层,简装,青羊区, 板塔结合, 24天前
48,路桥家园,78万,2室2厅2卫, 78.41平米 ,9948元/平米,南,低楼层,精装,双流区, 板塔结合, 3个月前
49,朗基御香,120万,3室1厅1卫, 76.64平米 ,15658元/平米,南,中楼层,精装,郫都区, 塔楼, 23天前
50,四川省原子能研究院住宅（老）,108万,3室1厅1卫, 102.4平米 ,10547元/平米,东,低楼层,简装,锦江区, 板楼, 9个月前
51,缤纷城,77万,3室1厅1卫, 112.29平米 ,6858元/平米,东,高楼层,简装,新津区, 板塔结合, 26天前
52,佳兆业悦府,88万,4室2厅1卫, 125.24平米 ,7027元/平米,东南,中楼层,毛坯,青白江区, 塔楼, 18天前
53,人居万新峰荟,118万,3室2厅1卫, 102.42平米 ,11522元/平米,东南,中楼层,精装,温江区, 塔楼, 1个月前
54,御源大湖区,98万,3室1厅1卫, 87.5平米 ,11200元/平米,南,中楼层,简装,龙泉驿区, 板楼, 1年前
55,佳兆业悦府,69万,3室1厅1卫, 93.53平米 ,7367元/平米,北,低楼层,精装,青白江区, 塔楼, 3个月前
56,万科锦西润园,198万,3室2厅1卫, 102.59平米 ,19301元/平米,西南,中楼层,精装,金牛区, 板塔结合, 1个月前
57,全鑫苑,32万,1室1厅2卫, 46.36平米 ,6903元/平米,北,中楼层,其他,龙泉驿区, 板楼, 15天前
58,东山国际新城D区,71万,2室2厅1卫, 79.95平米 ,8831元/平米,南,高楼层,精装,龙泉驿区, 板塔结合, 3个月前
59,锦西国际,50万,2室1厅1卫, 34.06平米 ,14680元/平米,北,高楼层,精装,金牛区, 塔楼, 1年前
60,天山名苑,86万,3室1厅1卫, 111.52平米 ,7712元/平米,东南,低楼层,简装,新津区, 板楼, 3个月前
61,奥园公园府邸,208万,3室2厅1卫, 110.2平米 ,18875元/平米,西,低楼层,精装,天府新区, 板塔结合, 11个月前
62,金融街金悦府,99万,3室2厅1卫, 119.26平米 ,8302元/平米,西南,高楼层,简装,新津区, 塔楼, 11个月前
63,蓝光长岛国际二期,186万,4室2厅1卫, 143.71平米 ,12943元/平米,北,中楼层,其他,双流区, 板塔结合, 11个月前
64,康怡城邦,106万,3室1厅1卫, 148.89平米 ,7120元/平米,东南,低楼层,精装,崇州市, 暂无数据, 3个月前
65,南湖半岛,168万,3室2厅1卫, 119.88平米 ,14015元/平米,南北,中楼层,简装,双流区, 塔楼, 11个月前
66,桐梓林7号,180万,2室1厅1卫, 101.28平米 ,17773元/平米,东,低楼层,精装,武侯区, 板楼, 8个月前
67,建发鹭洲国际,355万,3室2厅1卫, 99.02平米 ,35852元/平米,南北,中楼层,精装,高新区, 板塔结合, 2个月前
68,唐安银座,60万,2室2厅1卫, 80.57平米 ,7423元/平米,东,中楼层,其他,崇州市, 塔楼, 30天前
69,缤纷城,77万,3室1厅1卫, 112.29平米 ,6858元/平米,东,高楼层,简装,新津区, 板塔结合, 26天前
70,蜀镇锦翰园,69万,2室2厅1卫, 71.75平米 ,9617元/平米,东,中楼层,其他,双流区, 板塔结合, 27天前
71,合能四季城二期,88万,3室2厅1卫, 79.52平米 ,11067元/平米,东南,低楼层,精装,郫都区, 板塔结合, 1个月前
72,盛源学府名城,98万,3室1厅2卫, 89.67平米 ,10929元/平米,东北,中楼层,精装,郫都区, 板塔结合, 1个月前
73,合谊同华,62万,3室2厅1卫, 100.06平米 ,6197元/平米,南,中楼层,毛坯,青白江区, 板塔结合, 17天前
74,桂花巷19号,120万,2室1厅1卫, 66.06平米 ,18166元/平米,南北,高楼层,简装,青羊区, 板塔结合, 3个月前
75,华兴新居,64万,1室1厅2卫, 50.68平米 ,12629元/平米,东南,低楼层,精装,锦江区, 板塔结合, 1年前
76,万科金色城市二期,115万,2室1厅1卫, 66.77平米 ,17224元/平米,西北,中楼层,其他,龙泉驿区, 板塔结合, 1个月前
77,金巴黎,26万,1室1厅1卫, 51.41平米 ,5058元/平米,南,高楼层,精装,龙泉驿区, 板塔结合, 3个月前
78,保利叶语,169万,3室1厅1卫, 99.53平米 ,16980元/平米,西,高楼层,精装,双流区, 板塔结合, 1个月前
79,桃都印象,79万,3室2厅1卫, 109.96平米 ,7203元/平米,东北,中楼层,简装,龙泉驿区, 板塔结合, 2个月前
80,中铁骑士府邸,165万,3室2厅1卫, 95.48平米 ,17282元/平米,南,低楼层,精装,双流区, 板塔结合, 29天前
81,瑞景光华,339万,4室2厅1卫, 162.06平米 ,20919元/平米,东西,低楼层,精装,青羊区, 板楼, 2个月前
82,筒车巷3号,68万,3室1厅1卫, 61.84平米 ,10997元/平米,南,中楼层,毛坯,金牛区, 板楼, 3个月前
83,合能珍宝琥珀3期,148万,3室2厅1卫, 137.83平米 ,10738元/平米,西南,高楼层,毛坯,温江区, 塔楼, 3个月前
84,嘉和瑞景,40万,2室1厅1卫, 87.47平米 ,4551元/平米,西南,中楼层,简装,青白江区, 塔楼, 1个月前
85,温江一地,100万,4室2厅1卫, 188.26平米 ,5312元/平米,南,高楼层,毛坯,双流区, 板楼, 30天前
86,凤翔华庭,134万,3室2厅1卫, 126.07平米 ,10590元/平米,东南,中楼层,简装,成华区, 塔楼, 8个月前
87,华润国际社区,115万,3室1厅1卫, 78.76平米 ,14602元/平米,东南,低楼层,精装,龙泉驿区, 板塔结合, 1个月前
88,永吉苑,98万,2室1厅1卫, 88.65平米 ,11055元/平米,西南,中楼层,简装,武侯区, 板塔结合, 2个月前
89,文家巷小区,56万,2室2厅1卫, 85.31平米 ,6565元/平米,南,低楼层,简装,新都区, 塔楼, 26天前
90,金山御景蓝湾,65万,3室1厅2卫, 100平米 ,6500元/平米,东,高楼层,精装,龙泉驿区, 板塔结合, 2个月前
91,万科金域名邸一期,332万,3室2厅1卫, 109.86平米 ,30221元/平米,南,低楼层,精装,高新区, 板塔结合, 3个月前
92,绿地国际花都一期,79万,3室1厅1卫, 88.14平米 ,8907元/平米,东南,高楼层,简装,郫都区, 板楼, 2个月前
93,金秋家园1,117万,3室2厅1卫, 124.89平米 ,9369元/平米,南北,高楼层,毛坯,双流区, 暂无数据, 8个月前
94,云影苑,208万,3室2厅1卫, 132.44平米 ,15706元/平米,南北,中楼层,其他,武侯区, 板楼, 25天前
95,丽阳星座,76万,2室1厅2卫, 76.95平米 ,9877元/平米,东北,低楼层,毛坯,温江区, 板塔结合, 3个月前
96,南峰水岸华府,102万,3室2厅1卫, 102.32平米 ,9969元/平米,南,高楼层,其他,都江堰市, 塔楼, 1个月前
97,光华国际,123万,3室2厅1卫, 104.64平米 ,11755元/平米,南,高楼层,精装,温江区, 板塔结合, 1年前
98,格兰鼎城,58万,2室1厅1卫, 76.51平米 ,7581元/平米,东南,高楼层,毛坯,龙泉驿区, 板塔结合, 1年前
99,石油广都小区,98万,3室1厅1卫, 110.47平米 ,8872元/平米,南,高楼层,其他,双流区, 板楼, 1个月前
100,丽都佳苑,69万,3室1厅2卫, 114.86平米 ,6008元/平米,南,低楼层,毛坯,新津区, 板塔结合, 1年前
101,青房云上二期,198万,3室2厅2卫, 98.03平米 ,20198元/平米,南,高楼层,精装,锦江区, 板楼, 4个月前
102,中铁奥维尔二期,72万,3室1厅1卫, 78.44平米 ,9179元/平米,西南,高楼层,精装,郫都区, 塔楼, 4个月前
103,凯华丽景,160万,3室2厅2卫, 122.26平米 ,13087元/平米,东南,低楼层,简装,天府新区, 板塔结合, 1年前
104,恒大天府半岛二期,142万,2室1厅1卫, 93.09平米 ,15255元/平米,西,中楼层,简装,天府新区, 板塔结合, 1年前
105,洲际春天广场,99万,3室2厅2卫, 80.24平米 ,12338元/平米,西南,中楼层,精装,温江区, 板塔结合, 1年前
106,依云岭,40万,2室1厅1卫, 79.74平米 ,4992元/平米,东北,中楼层,精装,金堂县, 板楼, 28天前
107,麓湖生态城浔岭,425万,3室1厅1卫, 137.36平米 ,30941元/平米,东北,低楼层,精装,天府新区, 板楼, 9个月前
108,西北街43号院,72万,3室2厅1卫, 98.6平米 ,7303元/平米,西南,中楼层,简装,双流区, 暂无数据, 9个月前
109,通瑞月光湖,105万,3室1厅1卫, 104.79平米 ,10021元/平米,南,低楼层,简装,双流区, 塔楼, 9个月前
110,翡翠城四期,120万,1室1厅2卫, 50.87平米 ,23590元/平米,西,低楼层,简装,锦江区, 塔楼, 8个月前
111,蓝光观岭国际社区翡翠湾,47万,3室1厅1卫, 94.08平米 ,4996元/平米,东南,低楼层,精装,金堂县, 板塔结合, 9个月前
112,保利天空之城云锦,246万,4室2厅1卫, 140.8平米 ,17472元/平米,西北,低楼层,精装,天府新区, 板塔结合, 3个月前
113,永康苑(铁佛西路),102万,2室1厅1卫, 92.55平米 ,11022元/平米,东,中楼层,精装,武侯区, 板楼, 1个月前
114,雅砻阳光花园,138万,3室2厅2卫, 125平米 ,11040元/平米,西北,中楼层,精装,温江区, 塔楼, 3个月前
115,荆竹小区7号院,102万,3室2厅1卫, 109.67平米 ,9301元/平米,北,中楼层,精装,成华区, 板楼, 3个月前
116,水城印象,33万,3室1厅1卫, 97.16平米 ,3376元/平米,东南,高楼层,简装,金堂县, 塔楼, 2个月前
117,佳兆业广场,130万,2室2厅1卫, 68.7平米 ,18923元/平米,南,中楼层,精装,青羊区, 板塔结合, 1个月前
118,利通出水芙蓉,38万,1室0厅2卫, 23.1平米 ,16234元/平米,东,高楼层,简装,天府新区, 板楼, 1年前
119,首创爱这城一二期,135万,2室1厅1卫, 86.48平米 ,15611元/平米,南,高楼层,精装,成华区, 塔楼, 2个月前
120,兴城融域,100万,3室1厅2卫, 84.69平米 ,11808元/平米,南,高楼层,简装,青羊区, 塔楼, 1年前
121,洲际春天广场,99万,3室2厅3卫, 80.24平米 ,12338元/平米,西南,中楼层,精装,温江区, 板塔结合, 1年前
122,依云岭,40万,2室1厅1卫, 79.74平米 ,4992元/平米,东北,中楼层,精装,金堂县, 板楼, 28天前
123,纬度18,121万,3室2厅1卫, 122.68平米 ,9864元/平米,东南,中楼层,精装,双流区, 板楼, 2个月前
124,万科金色城市二期,115万,2室1厅1卫, 66.77平米 ,17224元/平米,西北,中楼层,其他,龙泉驿区, 板塔结合, 1个月前
125,橙郡三期,116万,3室2厅1卫, 92.27平米 ,12572元/平米,南北,高楼层,精装,金牛区, 板塔结合, 1年前
126,金河谷五期,178万,4室2厅1卫, 125.44平米 ,14191元/平米,西南,高楼层,毛坯,温江区, 板楼, 1年前
127,朝阳时代西锦,74万,2室1厅1卫, 86.6平米 ,8522元/平米,东南,高楼层,精装,新都区, 板塔结合, 1年前
128,富豪尚都,125万,3室2厅1卫, 117.23平米 ,10663元/平米,南北,中楼层,简装,新都区, 塔楼, 1年前
129,锦西国际,50万,2室1厅2卫, 34.06平米 ,14680元/平米,北,高楼层,精装,金牛区, 塔楼, 1年前
130,全鑫苑,32万,1室1厅1卫, 46.36平米 ,6903元/平米,北,中楼层,其他,龙泉驿区, 板楼, 15天前
131,桂花巷19号,120万,2室1厅2卫, 66.06平米 ,18166元/平米,南北,高楼层,简装,青羊区, 板塔结合, 3个月前
132,一环路东三段99号附8号,83万,2室2厅1卫, 64.3平米 ,12909元/平米,东南,低楼层,精装,成华区, 板楼, 8个月前
133,马鞍山26号,57万,2室1厅1卫, 60.66平米 ,9397元/平米,东,高楼层,简装,金牛区, 板塔结合, 4个月前
134,红牌楼广场,188万,3室2厅1卫, 98.75平米 ,19038元/平米,西南,低楼层,简装,武侯区, 板楼, 31天前
135,鹭湖宫10区,96万,3室1厅1卫, 101.71平米 ,9439元/平米,北,高楼层,精装,温江区, 塔楼, 1年前
136,花样年别样城,118万,3室2厅1卫, 129.62平米 ,9104元/平米,东南,中楼层,精装,双流区, 板楼, 10个月前
137,凤翔华庭,134万,3室2厅1卫, 126.07平米 ,10590元/平米,东南,中楼层,简装,成华区, 塔楼, 8个月前
138,翡翠半岛,123万,2室2厅1卫, 81.28平米 ,15133元/平米,西南,中楼层,简装,高新区, 塔楼, 1年前
139,听湖九园,82万,3室1厅1卫, 113.42平米 ,7213元/平米,西南,中楼层,其他,青白江区, 板塔结合, 3个月前
140,西宸原著,265万,3室2厅2卫, 102.42平米 ,25874元/平米,西北,中楼层,精装,金牛区, 板塔结合, 1年前
141,万科城,138万,3室2厅1卫, 92.37平米 ,14940元/平米,东南,低楼层,精装,郫都区, 板塔结合, 1年前
142,合能珍宝琥珀,95万,3室1厅1卫, 82.86平米 ,11466元/平米,东南,中楼层,精装,温江区, 板塔结合, 8个月前
143,黄金时代(高新区),165万,3室2厅1卫, 108.21平米 ,15249元/平米,北,低楼层,其他,高新区, 板塔结合, 1年前
144,保利叶语,169万,3室1厅1卫, 99.53平米 ,16980元/平米,西,高楼层,精装,双流区, 板塔结合, 1个月前
145,路桥家园,78万,2室2厅2卫, 78.41平米 ,9948元/平米,南,低楼层,精装,双流区, 板塔结合, 3个月前
146,合谊同华,62万,3室2厅1卫, 100.06平米 ,6197元/平米,南,中楼层,毛坯,青白江区, 板塔结合, 17天前
147,嘉和瑞景,40万,2室1厅1卫, 87.47平米 ,4551元/平米,西南,中楼层,简装,青白江区, 塔楼, 1个月前
148,温江一地,100万,4室2厅2卫, 188.26平米 ,5312元/平米,南,高楼层,毛坯,双流区, 板楼, 30天前
149,恒大天府半岛二期,142万,2室1厅1卫, 93.09平米 ,15255元/平米,西,中楼层,简装,天府新区, 板塔结合, 1年前
150,麓湖生态城浔岭,425万,3室1厅1卫, 137.36平米 ,30941元/平米,东北,低楼层,精装,天府新区, 板楼, 9个月前
151,四川省原子能研究院住宅（老）,108万,3室1厅1卫, 102.4平米 ,10547元/平米,东,低楼层,简装,锦江区, 板楼, 9个月前
152,富城花园,70万,3室1厅1卫, 128.8平米 ,5420元/平米,南,高楼层,精装,新都区, 板楼, 2个月前
153,锦绣光华,156万,3室2厅2卫, 104.19平米 ,14973元/平米,南,低楼层,毛坯,青羊区, 板楼, 1个月前
154,上置雅宾利,87万,3室2厅1卫, 83.12平米 ,10443元/平米,南,中楼层,精装,郫都区, 板塔结合, 1个月前
155,锦绣东方一期,72万,1室1厅1卫, 49.9平米 ,14429元/平米,东,低楼层,简装,成华区, 塔楼, 1年前
156,首创爱这城一二期,135万,2室1厅1卫, 86.48平米 ,15611元/平米,南,高楼层,精装,成华区, 塔楼, 2个月前
157,石油广都小区,98万,3室1厅1卫, 110.47平米 ,8872元/平米,南,高楼层,其他,双流区, 板楼, 1个月前
158,金秋家园1,117万,3室2厅1卫, 124.89平米 ,9369元/平米,南北,高楼层,毛坯,双流区, 暂无数据, 8个月前
159,翡翠城四期,213万,3室1厅1卫, 86.56平米 ,24608元/平米,南,低楼层,简装,锦江区, 塔楼, 1个月前
160,河畔新世界,265万,4室2厅1卫, 183.91平米 ,14410元/平米,南北,低楼层,毛坯,天府新区, 塔楼, 1个月前
161,沙河新城,106万,2室1厅1卫, 79平米 ,13418元/平米,东南,中楼层,简装,成华区, 板塔结合, 2个月前
162,五桂小区,50万,3室2厅2卫, 107.68平米 ,4625元/平米,东,中楼层,简装,新都区, 暂无数据, 4个月前
163,丽阳星座,76万,2室1厅1卫, 76.95平米 ,9877元/平米,东北,低楼层,毛坯,温江区, 板塔结合, 3个月前
164,利通出水芙蓉,118万,3室1厅1卫, 92.19平米 ,12800元/平米,东南,高楼层,简装,天府新区, 板楼, 1年前
165,格兰鼎城,58万,2室1厅1卫, 76.51平米 ,7581元/平米,东南,高楼层,毛坯,龙泉驿区, 板塔结合, 1年前
166,桃园柳岸,173万,5室2厅4卫, 170.75平米 ,10132元/平米,西南,高楼层,其他,郫都区, 塔楼, 1年前
167,成都后花园三期,138万,3室2厅2卫, 104.3平米 ,13232元/平米,西南,低楼层,简装,郫都区, 板塔结合, 1年前
168,云影苑,208万,3室2厅1卫, 132.44平米 ,15706元/平米,南北,中楼层,其他,武侯区, 板楼, 25天前
169,花香龙都,85万,2室1厅2卫, 84.66平米 ,9982元/平米,东,中楼层,精装,龙泉驿区, 塔楼, 2个月前
170,长顺上街285号,300万,2室1厅3卫, 103.42平米 ,29008元/平米,南,中楼层,精装,青羊区, 板塔结合, 3个月前
171,加贝书香尚品,98万,3室2厅2卫, 83.81平米 ,11694元/平米,南,中楼层,简装,双流区, 板楼, 1个月前
172,隆基泰和铂悦山,125万,3室1厅5卫, 89.61平米 ,13950元/平米,东南,中楼层,精装,龙泉驿区, 塔楼, 2个月前
173,光明城市,150万,2室1厅1卫, 89.93平米 ,16680元/平米,东南,低楼层,精装,天府新区, 板塔结合, 1年前
174,润扬书院阁,40万,1室1厅1卫, 42.67平米 ,9328元/平米,南,低楼层,简装,双流区, 板塔结合, 1年前
175,湟普国际,60万,1室1厅1卫, 53.5平米 ,11141元/平米,北,低楼层,简装,温江区, 板塔结合, 8个月前
176,佳兆业广场,130万,2室2厅1卫, 68.7平米 ,18923元/平米,南,中楼层,精装,青羊区, 板塔结合, 1个月前
177,水城印象,33万,3室1厅1卫, 97.16平米 ,3376元/平米,东南,高楼层,简装,金堂县, 塔楼, 2个月前
178,荆竹小区7号院,102万,3室2厅1卫, 109.67平米 ,9301元/平米,北,中楼层,精装,成华区, 板楼, 3个月前
179,绿地国际花都一期,79万,3室1厅1卫, 88.14平米 ,8907元/平米,东南,高楼层,简装,郫都区, 板楼, 2个月前
180,南峰水岸华府,102万,3室2厅1卫, 102.32平米 ,9969元/平米,南,高楼层,其他,都江堰市, 塔楼, 1个月前
181,洲际春天广场,99万,3室2厅1卫, 80.24平米 ,12338元/平米,西南,中楼层,精装,温江区, 板塔结合, 1年前
182,凯华丽景,160万,3室2厅1卫, 122.26平米 ,13087元/平米,东南,低楼层,简装,天府新区, 板塔结合, 1年前
183,恒大天府半岛二期,142万,2室1厅1卫, 93.09平米 ,15255元/平米,西,中楼层,简装,天府新区, 板塔结合, 1年前
184,青南美湾,120万,2室2厅1卫, 73.45平米 ,16338元/平米,西,低楼层,简装,天府新区, 板塔结合, 1年前
185,卓锦万黛,140万,3室2厅2卫, 98.32平米 ,14219元/平米,东北,中楼层,精装,龙泉驿区, 板塔结合, 8个月前
186,南湖世纪,120万,2室1厅1卫, 71.54平米 ,16774元/平米,东南,低楼层,精装,双流区, 板楼, 4个月前
187,优山禧园,485万,4室2厅1卫, 158.73平米 ,30556元/平米,西北,高楼层,精装,锦江区, 塔楼, 5个月前
188,和信香榭澜郡,89万,3室1厅3卫, 91.58平米 ,9719元/平米,南,中楼层,毛坯,新都区, 板塔结合, 11个月前
189,海骏达蜀都1号一期北区,100万,3室2厅1卫, 88.22平米 ,11313元/平米,东南,低楼层,精装,郫都区, 板塔结合, 9个月前
190,合能锦城,139万,3室2厅1卫, 81平米 ,17161元/平米,东南,高楼层,精装,锦江区, 塔楼, 6个月前
191,昊园江南壹品,66万,3室1厅1卫, 90.6平米 ,7285元/平米,南,高楼层,毛坯,龙泉驿区, 板塔结合, 11个月前
192,蓝光圣菲TOWN城,158万,3室2厅2卫, 108.98平米 ,14499元/平米,东南,中楼层,精装,双流区, 塔楼, 24天前
193,派克公馆,80万,2室2厅1卫, 88.17平米 ,9074元/平米,东南,高楼层,简装,郫都区, 板塔结合, 6个月前
194,棕榈南岸,186万,3室2厅1卫, 131.87平米 ,14105元/平米,南,中楼层,简装,高新区, 板塔结合, 1年前
195,华宇旭辉锦绣花城,216万,4室2厅1卫, 125.88平米 ,17160元/平米,东,中楼层,精装,成华区, 板楼, 1年前
196,凯德风尚,189万,3室2厅1卫, 88.3平米 ,21405元/平米,北,中楼层,精装,青羊区, 板塔结合, 9个月前
197,中交牧山美庐,103万,3室2厅1卫, 115.56平米 ,8914元/平米,南,中楼层,精装,新津区, 板塔结合, 5个月前
198,光华瑞廷,106万,3室1厅2卫, 99.65平米 ,10638元/平米,东南,高楼层,毛坯,温江区, 板塔结合, 6个月前
199,泽瀚峰景,73万,3室1厅1卫, 83.42平米 ,8751元/平米,东南,中楼层,精装,新都区, 塔楼, 6个月前
200,蓝光凯丽香江,180万,3室2厅1卫, 108.75平米 ,16552元/平米,北,中楼层,精装,锦江区, 板塔结合, 8个月前
201,中海右岸,155万,3室2厅1卫, 89.63平米 ,17294元/平米,南,高楼层,简装,双流区, 塔楼, 10个月前
202,天府名居,195万,2室2厅2卫, 101.08平米 ,19292元/平米,南,高楼层,简装,武侯区, 塔楼, 7个月前
203,锦府苑,86万,2室1厅1卫, 77.2平米 ,11140元/平米,东南,高楼层,简装,双流区, 板楼, 5个月前
204,成都后花园四期,88万,2室2厅2卫, 82.26平米 ,10698元/平米,东南,高楼层,精装,郫都区, 塔楼, 2个月前
205,城南名著,124万,2室2厅2卫, 85.77平米 ,14458元/平米,东,中楼层,简装,高新区, 板塔结合, 11个月前
206,龙门公寓,147万,3室2厅1卫, 123.23平米 ,11929元/平米,南北,中楼层,精装,武侯区, 板楼, 6个月前
207,河畔新世界,350万,4室2厅1卫, 197.71平米 ,17703元/平米,西南,高楼层,毛坯,天府新区, 塔楼, 7个月前
208,黄渡小区一期,30万,3室1厅2卫, 107.39平米 ,2794元/平米,南北,高楼层,精装,新津区, 板塔结合, 6个月前
209,保利紫荆花语,105万,3室2厅1卫, 105.81平米 ,9924元/平米,南,高楼层,精装,新都区, 板塔结合, 6个月前
210,阳光100米娅中心一期,79万,1室1厅2卫, 44.5平米 ,17753元/平米,南,中楼层,简装,成华区, 板塔结合, 1个月前
211,温江一地,85万,3室2厅1卫, 122.82平米 ,6921元/平米,西南,高楼层,毛坯,双流区, 板楼, 7个月前
212,艺锦湾一期,148万,3室2厅1卫, 117.55平米 ,12591元/平米,南北,低楼层,简装,龙泉驿区, 板塔结合, 5个月前
213,美城云庭,130万,2室2厅1卫, 94.58平米 ,13745元/平米,东,低楼层,精装,双流区, 板塔结合, 11个月前
214,西宸原著,336万,4室2厅1卫, 133.81平米 ,25111元/平米,东北,中楼层,精装,金牛区, 板塔结合, 1年前
215,新鸿基悦城,298万,3室2厅3卫, 155.7平米 ,19140元/平米,西南,中楼层,精装,天府新区, 板塔结合, 6个月前
216,双桂社区36号院,113万,2室1厅1卫, 79.17平米 ,14274元/平米,南北,高楼层,精装,高新区, 板塔结合, 2个月前
217,莲花社区,65万,2室2厅1卫, 75.51平米 ,8609元/平米,西南,中楼层,简装,双流区, 暂无数据, 3个月前
218,朗基御今缘,450万,4室2厅1卫, 130.45平米 ,34496元/平米,东南,高楼层,精装,高新区, 板塔结合, 7个月前
219,优品道三期,205万,3室2厅1卫, 92.77平米 ,22098元/平米,东,中楼层,精装,青羊区, 板塔结合, 2个月前
220,航天大院,36万,2室2厅1卫, 68.14平米 ,5284元/平米,北南,中楼层,简装,温江区, 板楼, 10个月前
221,蓝光coco金沙二期,149万,3室2厅1卫, 73.69平米 ,20220元/平米,西,中楼层,简装,青羊区, 板塔结合, 3个月前
222,懋山湖,390万,5室3厅1卫, 297.11平米 ,13127元/平米,东南,低楼层,毛坯,龙泉驿区, 板楼, 9个月前
223,保利大都汇璟汇,148万,3室2厅1卫, 108.12平米 ,13689元/平米,南,高楼层,精装,新都区, 板塔结合, 11个月前
224,峰度天下,230万,2室1厅1卫, 77.25平米 ,29774元/平米,东,中楼层,精装,高新区, 板塔结合, 11个月前
225,绿地国际花都三期,124万,4室2厅2卫, 124.85平米 ,9924元/平米,东南,中楼层,精装,郫都区, 塔楼, 7个月前
226,鼎犀名城,107万,3室1厅1卫, 82.47平米 ,12975元/平米,东南,高楼层,精装,郫都区, 板塔结合, 6个月前
227,二道桥街74号,82万,2室1厅2卫, 63.74平米 ,12865元/平米,东南,中楼层,简装,青羊区, 板楼, 1年前
228,天山名苑,83万,4室2厅2卫, 137.09平米 ,6040元/平米,南,低楼层,简装,新津区, 板楼, 5个月前
229,枫尚领域,85万,3室2厅1卫, 91.43平米 ,9297元/平米,东南,中楼层,精装,都江堰市, 板楼, 1个月前
230,富豪尚都,125万,3室2厅1卫, 117.23平米 ,10663元/平米,南北,中楼层,简装,新都区, 塔楼, 1年前
231,青南美湾,115万,2室2厅1卫, 77.65平米 ,14811元/平米,东南,高楼层,简装,天府新区, 板塔结合, 11个月前
232,全鑫苑,32万,1室1厅1卫, 46.36平米 ,6903元/平米,北,中楼层,其他,龙泉驿区, 板楼, 15天前
233,中坝小区,46万,1室1厅1卫, 45.68平米 ,10071元/平米,南,中楼层,简装,青羊区, 板楼, 6个月前
234,锦西国际,50万,2室1厅1卫, 34.06平米 ,14680元/平米,北,高楼层,精装,金牛区, 塔楼, 1年前
235,花样年智荟城,69万,3室1厅1卫, 98.88平米 ,6928元/平米,东南,中楼层,精装,崇州市, 暂无数据, 5个月前
236,今日花园,105万,4室2厅1卫, 173.17平米 ,6064元/平米,东南,高楼层,简装,郫都区, 板楼, 1年前
237,航天大院,36万,2室2厅1卫, 68.14平米 ,5284元/平米,北南,中楼层,简装,温江区, 板楼, 10个月前
238,蓝光锦绣城,163万,3室2厅1卫, 87.1平米 ,18715元/平米,东北,中楼层,精装,成华区, 板塔结合, 4个月前
239,懋山湖,390万,5室3厅1卫, 297.11平米 ,13127元/平米,东南,低楼层,毛坯,龙泉驿区, 板楼, 9个月前
240,银诚东方国际一期,58万,2室2厅1卫, 74.8平米 ,7688元/平米,南,高楼层,毛坯,龙泉驿区, 板楼, 3个月前
241,北辰香麓,328万,3室2厅1卫, 115.58平米 ,28379元/平米,东南,中楼层,精装,高新区, 塔楼, 5个月前
242,瑞丰花园,120万,3室2厅1卫, 109.84平米 ,10925元/平米,南,低楼层,毛坯,双流区, 塔楼, 4个月前
243,学府美地,80万,3室1厅2卫, 121.93平米 ,6545元/平米,东南,中楼层,精装,温江区, 板楼, 1个月前
244,春天大道,159万,3室2厅1卫, 130.14平米 ,12218元/平米,南,低楼层,精装,温江区, 板塔结合, 8个月前
245,双楠三区,82万,2室1厅1卫, 79.39平米 ,10329元/平米,南,中楼层,简装,武侯区, 板楼, 5个月前
246,上锦雅筑,125万,2室2厅1卫, 85.19平米 ,14674元/平米,东,中楼层,简装,武侯区, 板塔结合, 10个月前
247,鲁能公馆1区,165万,3室2厅1卫, 76.38平米 ,21603元/平米,西,中楼层,简装,成华区, 板楼, 1年前
248,三合嘉苑,60万,2室2厅2卫, 79.28平米 ,7543元/平米,南,低楼层,其他,新都区, 板楼, 8个月前
249,金科一城,88万,2室1厅2卫, 51.6平米 ,17055元/平米,南,中楼层,精装,成华区, 塔楼, 7个月前
250,合能珍宝琥珀,85万,3室1厅1卫, 85.5平米 ,9942元/平米,南,中楼层,简装,温江区, 板塔结合, 11个月前
251,蓝光金悦金沙,119万,3室2厅1卫, 85.15平米 ,13976元/平米,东北,中楼层,毛坯,金牛区, 板塔结合, 5个月前
252,东洪广厦,135万,3室1厅2卫, 88.13平米 ,15319元/平米,西北,低楼层,精装,锦江区, 板塔结合, 8个月前
253,汇景新城,125万,3室2厅1卫, 93.86平米 ,13318元/平米,南,中楼层,精装,新都区, 板塔结合, 6个月前
254,布鲁明顿广场,229万,3室1厅1卫, 93.88平米 ,24393元/平米,南,中楼层,精装,高新区, 板塔结合, 1年前
255,红运花园佳苑,65万,2室1厅1卫, 59.3平米 ,10962元/平米,南,高楼层,精装,武侯区, 板楼, 6个月前
256,邦泰华府公馆,92万,3室2厅2卫, 70.78平米 ,12999元/平米,东南,高楼层,精装,双流区, 板塔结合, 1年前
257,光华馨地,79万,2室2厅1卫, 55.61平米 ,14207元/平米,南,低楼层,精装,青羊区, 板塔结合, 7个月前
258,万科金域名邸二期,405万,4室2厅2卫, 110.7平米 ,36586元/平米,南北,中楼层,精装,高新区, 板塔结合, 9个月前
259,香槟花园,240万,3室2厅2卫, 124.06平米 ,19346元/平米,东西,低楼层,精装,青羊区, 板楼, 7个月前
260,祥和居(龙泉驿),64万,3室2厅1卫, 138.69平米 ,4615元/平米,东南,中楼层,简装,龙泉驿区, 板楼, 9个月前
261,九峰·东方明珠,76万,3室1厅1卫, 112.39平米 ,6763元/平米,南,高楼层,毛坯,龙泉驿区, 塔楼, 9个月前
262,蜀郡又一城,216万,3室1厅1卫, 109.57平米 ,19714元/平米,南,高楼层,精装,天府新区, 塔楼, 9个月前
263,绿地国际花都三期,93万,4室2厅1卫, 126.05平米 ,7379元/平米,西南,高楼层,简装,郫都区, 塔楼, 1年前
264,锦江逸家,152万,3室1厅2卫, 62.32平米 ,24391元/平米,东南,中楼层,简装,锦江区, 塔楼, 6个月前
265,听湖九园,115万,4室2厅1卫, 134.78平米 ,8533元/平米,东南,中楼层,精装,青白江区, 板塔结合, 1年前
266,中坝小区,46万,1室1厅1卫, 45.68平米 ,10071元/平米,南,中楼层,简装,青羊区, 板楼, 6个月前
267,恒大天府半岛4期,280万,4室1厅1卫, 137.57平米 ,20354元/平米,东南,低楼层,精装,天府新区, 板塔结合, 1年前
268,花样年智荟城,69万,3室1厅2卫, 98.88平米 ,6928元/平米,东南,中楼层,精装,崇州市, 暂无数据, 5个月前
269,九峰国际,210万,3室2厅1卫, 109.42平米 ,19193元/平米,东北,高楼层,精装,武侯区, 板楼, 1年前
270,清水河畔,125万,3室1厅1卫, 98.18平米 ,12732元/平米,西南,高楼层,简装,青羊区, 板塔结合, 11个月前
271,航丽广场,88万,4室2厅1卫, 142.87平米 ,6160元/平米,东,中楼层,毛坯,彭州市, 板楼, 1年前
272,青南美湾,115万,2室2厅2卫, 77.65平米 ,14811元/平米,东南,高楼层,简装,天府新区, 板塔结合, 11个月前
273,人居锦尚春天A区,106万,2室1厅2卫, 76.86平米 ,13792元/平米,西北,低楼层,简装,锦江区, 板塔结合, 1年前
274,蓝光金悦金沙,119万,3室2厅1卫, 85.15平米 ,13976元/平米,东北,中楼层,毛坯,金牛区, 板塔结合, 5个月前
275,泰和欧城,50万,3室2厅1卫, 89.94平米 ,5538元/平米,东南,中楼层,其他,青白江区, 塔楼, 1年前
276,红运花园佳苑,65万,2室1厅1卫, 59.3平米 ,10962元/平米,南,高楼层,精装,武侯区, 板楼, 6个月前
277,三利麓山城春风里,169万,3室2厅1卫, 107.3平米 ,15751元/平米,南,高楼层,简装,天府新区, 板塔结合, 1年前
278,汇景新城,125万,3室2厅1卫, 93.86平米 ,13318元/平米,南,中楼层,精装,新都区, 板塔结合, 6个月前
279,柳城印象,105万,3室2厅2卫, 108.28平米 ,9698元/平米,东北,高楼层,精装,温江区, 板塔结合, 1年前
280,华润公园九里三期,187万,4室1厅1卫, 133.21平米 ,14038元/平米,南,高楼层,毛坯,双流区, 板塔结合, 9个月前
281,麓山国际半月湾,160万,2室1厅1卫, 91.52平米 ,17483元/平米,东,低楼层,毛坯,天府新区, 塔楼, 1年前
282,翰林世家,115万,3室2厅1卫, 116.4平米 ,9880元/平米,东南,中楼层,简装,温江区, 板塔结合, 1个月前
283,花桥雅苑,34万,2室2厅1卫, 72.39平米 ,4697元/平米,南北,低楼层,毛坯,新津区, 板塔结合, 1年前
284,新鸿基悦城,298万,3室2厅1卫, 155.7平米 ,19140元/平米,西南,中楼层,精装,天府新区, 板塔结合, 6个月前
285,隆鑫印象城邦,93万,3室2厅1卫, 97.38平米 ,9499元/平米,南,低楼层,精装,新津区, 板塔结合, 1年前
286,美城云庭,130万,2室2厅1卫, 94.58平米 ,13745元/平米,东,低楼层,精装,双流区, 板塔结合, 11个月前
287,华润国际社区,135万,3室1厅1卫, 79.66平米 ,16948元/平米,西,低楼层,简装,龙泉驿区, 板塔结合, 1年前
288,静水香榭,70万,3室1厅1卫, 115.77平米 ,6004元/平米,南,中楼层,毛坯,温江区, 板塔结合, 4个月前
289,朗基少帅府,128万,3室2厅1卫, 82.35平米 ,15544元/平米,西南,高楼层,精装,郫都区, 塔楼, 6个月前
290,格林城,122万,2室1厅1卫, 70.67平米 ,17264元/平米,东南,低楼层,简装,双流区, 板塔结合, 9个月前
291,万科理想城三期·星河,108万,3室1厅2卫, 73.91平米 ,14613元/平米,西北,高楼层,精装,郫都区, 塔楼, 10个月前
292,驿都城,105万,3室2厅1卫, 79.53平米 ,13203元/平米,东北,中楼层,精装,龙泉驿区, 塔楼, 8个月前
293,康桥品上,86万,2室2厅4卫, 89.35平米 ,9581元/平米,南,中楼层,精装,双流区, 塔楼, 6个月前
294,华腾舒云居,88万,2室2厅2卫, 57.16平米 ,15396元/平米,东南,低楼层,精装,双流区, 板塔结合, 9个月前
295,桃园柳岸,89万,3室2厅1卫, 118.05平米 ,7540元/平米,东北,中楼层,精装,郫都区, 板楼, 11个月前
296,蜀镇尚楠湾,138万,3室2厅1卫, 117.61平米 ,11734元/平米,南,中楼层,毛坯,双流区, 板塔结合, 8个月前
297,印象金沙,130万,2室2厅1卫, 89.35平米 ,14550元/平米,东南,低楼层,简装,青羊区, 板塔结合, 2个月前
298,现代新居C区,60万,2室2厅5卫, 74.31平米 ,8048元/平米,南,低楼层,毛坯,龙泉驿区, 暂无数据, 6个月前
299,北斗七星城,26万,2室1厅1卫, 41.17平米 ,6316元/平米,南,高楼层,精装,金牛区, 塔楼, 7个月前
300,瑞升橡树林华府,112万,2室2厅1卫, 79.49平米 ,14090元/平米,东南,中楼层,精装,双流区, 塔楼, 6个月前
301,华宇旭辉锦绣花城,229万,4室2厅2卫, 136.02平米 ,16836元/平米,东,高楼层,精装,成华区, 板塔结合, 7个月前
302,静水香榭,78万,3室2厅1卫, 117.42平米 ,6643元/平米,东南,中楼层,精装,温江区, 板塔结合, 6个月前
303,兴城融域,175万,3室2厅1卫, 127.51平米 ,13725元/平米,南,低楼层,简装,青羊区, 塔楼, 7个月前
304,东林小区,70万,2室1厅1卫, 71.94平米 ,9731元/平米,北,中楼层,毛坯,成华区, 板楼, 6个月前
305,幸福世家,43万,2室1厅1卫, 56.57平米 ,7602元/平米,东南,低楼层,精装,都江堰市, 塔楼, 5个月前
306,东原城,54万,2室2厅1卫, 71.98平米 ,7503元/平米,东,高楼层,简装,温江区, 板塔结合, 6个月前
307,万科金色城市二期,149万,3室1厅1卫, 88.28平米 ,16879元/平米,南北,高楼层,精装,龙泉驿区, 板塔结合, 7个月前
308,兴元丽园A区,80万,2室1厅2卫, 65.04平米 ,12301元/平米,南北,高楼层,精装,武侯区, 板塔结合, 6个月前
309,时代锦绣,169万,3室2厅2卫, 94.68平米 ,17850元/平米,东南,中楼层,其他,武侯区, 板塔结合, 7个月前
310,鲁能公馆1区,165万,3室2厅1卫, 76.38平米 ,21603元/平米,西,中楼层,简装,成华区, 板楼, 1年前
311,龙锦湾,90万,2室1厅1卫, 77.73平米 ,11528元/平米,南,高楼层,简装,龙泉驿区, 塔楼, 4个月前
312,金地天府城,100万,2室2厅1卫, 68.09平米 ,14614元/平米,南,高楼层,简装,高新区, 塔楼, 5个月前
313,华府幸福城,72万,3室2厅1卫, 96.57平米 ,7456元/平米,东南,高楼层,简装,龙泉驿区, 暂无数据, 5个月前
314,蓝光圣菲TOWN城,106万,3室2厅1卫, 86.37平米 ,12273元/平米,南,低楼层,简装,双流区, 塔楼, 5个月前
315,洛森堡,128万,3室2厅2卫, 93.48平米 ,13693元/平米,西南,高楼层,毛坯,天府新区, 塔楼, 5个月前
316,嘉美地,95万,2室1厅1卫, 59.06平米 ,16086元/平米,东,低楼层,精装,双流区, 板塔结合, 5个月前
317,东润风尚,46万,1室0厅1卫, 31.41平米 ,14646元/平米,东,中楼层,简装,锦江区, 塔楼, 6个月前
318,悦民苑,99万,2室1厅1卫, 89.91平米 ,11012元/平米,东南,低楼层,简装,金牛区, 板楼, 1个月前
319,天府香城印象,75万,3室1厅1卫, 88.99平米 ,8428元/平米,南,低楼层,简装,新都区, 板塔结合, 5个月前
320,卓锦城五期,185万,3室1厅1卫, 86.13平米 ,21480元/平米,东北,中楼层,精装,锦江区, 塔楼, 5个月前
321,居家福地,54万,1室1厅2卫, 60.21平米 ,8936元/平米,南,高楼层,简装,成华区, 板楼, 1个月前
322,天合汇锦城,255万,2室2厅1卫, 87.06平米 ,29291元/平米,东,高楼层,精装,高新区, 塔楼, 5个月前
323,中海锦江城云熙一期,215万,3室2厅2卫, 110.94平米 ,19380元/平米,南,中楼层,精装,天府新区, 塔楼, 5个月前
324,万达城闲山悦四区,65万,3室2厅1卫, 94平米 ,6894元/平米,东南,低楼层,其他,都江堰市, 板塔结合, 5个月前
325,远光水印城,170万,3室2厅1卫, 131.97平米 ,12882元/平米,西北,高楼层,精装,天府新区, 板塔结合, 7个月前
326,玉林南路102号,84万,2室1厅1卫, 60.72平米 ,13834元/平米,东,低楼层,简装,高新区, 板楼, 5个月前
327,人民南路四段20号,95万,3室1厅1卫, 64.55平米 ,14718元/平米,南,中楼层,简装,武侯区, 板楼, 6个月前
328,中海右岸,160万,2室2厅1卫, 70.86平米 ,22580元/平米,北,高楼层,精装,双流区, 板塔结合, 5个月前
329,霏红榭,90万,3室1厅2卫, 99.12平米 ,9080元/平米,东南,低楼层,精装,龙泉驿区, 板塔结合, 4个月前
330,电力公寓,63万,2室2厅1卫, 96.39平米 ,6536元/平米,东南,低楼层,精装,温江区, 板楼, 4个月前
331,蓝润棠湖春天,79万,2室1厅1卫, 57.59平米 ,13683元/平米,西,高楼层,其他,双流区, 板楼, 4个月前
332,华府世家,150万,2室2厅2卫, 80.26平米 ,18690元/平米,南,中楼层,简装,青羊区, 塔楼, 4个月前
333,怡泰花园,63万,1室1厅1卫, 46.39平米 ,13581元/平米,西,高楼层,精装,武侯区, 板楼, 4个月前
334,龙湖九里晴川,205万,3室1厅1卫, 79.66平米 ,25735元/平米,东西,高楼层,精装,高新区, 板塔结合, 4个月前
335,怡景城市花苑,57万,2室1厅1卫, 53.81平米 ,10556元/平米,东南,低楼层,精装,郫都区, 塔楼, 3个月前
336,青房天韵华庭,125万,2室2厅2卫, 79.94平米 ,15637元/平米,西南,低楼层,简装,金牛区, 板塔结合, 4个月前
337,翡翠积家,47万,2室2厅2卫, 77.51平米 ,6000元/平米,东南,高楼层,毛坯,都江堰市, 塔楼, 4个月前
338,成龙花园,52万,1室1厅1卫, 43.72平米 ,11894元/平米,南,中楼层,简装,锦江区, 板楼, 3个月前
339,蔚蓝阁A区,499万,3室2厅2卫, 151.36平米 ,32968元/平米,东北,高楼层,精装,天府新区, 塔楼, 21天前
340,中房蓝水湾,175万,3室2厅2卫, 119.67平米 ,14624元/平米,西南,中楼层,其他,成华区, 塔楼, 2个月前
341,合能四季城二期,90万,3室2厅1卫, 78.9平米 ,11407元/平米,东南,低楼层,精装,郫都区, 板塔结合, 1个月前
342,青南美湾,115万,2室1厅5卫, 72.97平米 ,15760元/平米,西,中楼层,精装,天府新区, 板塔结合, 8个月前
343,德坤海地亚,69万,3室1厅2卫, 91.08平米 ,7576元/平米,东,高楼层,精装,温江区, 板塔结合, 10个月前
344,维也纳花园一期,88万,4室2厅1卫, 123.43平米 ,7130元/平米,南,低楼层,精装,新都区, 板楼, 5个月前
345,蓝光凯丽美域,248万,3室1厅2卫, 101.2平米 ,24506元/平米,东南,中楼层,精装,青羊区, 塔楼, 7个月前
346,尚房国际公馆,186万,3室1厅1卫, 113.82平米 ,16342元/平米,东南,高楼层,精装,武侯区, 板塔结合, 4个月前
347,富力桃园B区,97万,3室2厅1卫, 93.79平米 ,10321元/平米,西北,低楼层,精装,新都区, 板塔结合, 26天前
348,听湖九园,88万,3室2厅1卫, 94.02平米 ,9360元/平米,东,低楼层,其他,青白江区, 板塔结合, 4个月前
349,御龙山二期,178万,2室2厅1卫, 84.71平米 ,21013元/平米,北,低楼层,精装,成华区, 板塔结合, 2个月前
350,中铁丽景书香,82万,3室1厅2卫, 71.48平米 ,11472元/平米,西南,中楼层,简装,温江区, 板塔结合, 2个月前
351,金秋乐园一期,37万,2室1厅1卫, 75.92平米 ,4848元/平米,东南,低楼层,毛坯,新津区, 板楼, 7个月前
352,交大靓典,99万,2室1厅1卫, 81.81平米 ,12102元/平米,东南,高楼层,简装,青羊区, 塔楼, 1个月前
353,中铁城锦南汇,235万,4室2厅2卫, 135.73平米 ,17314元/平米,南,中楼层,精装,高新区, 塔楼, 6个月前
354,滨江两岸,118万,3室2厅2卫, 92.12平米 ,12810元/平米,西南,低楼层,简装,郫都区, 塔楼, 4个月前
355,曼哈顿自然派,72万,1室1厅1卫, 59.73平米 ,12055元/平米,南,低楼层,精装,武侯区, 板塔结合, 7个月前
356,西岸观邸,178万,3室2厅1卫, 92.78平米 ,19186元/平米,东南,低楼层,其他,金牛区, 板塔结合, 7个月前
357,凯丽豪景,269万,3室2厅1卫, 118.79平米 ,22646元/平米,西北,高楼层,精装,金牛区, 塔楼, 4个月前
358,紫荆城,36万,2室2厅3卫, 83.33平米 ,4297元/平米,东,高楼层,简装,都江堰市, 板塔结合, 4个月前
359,天府丽都,65万,2室1厅3卫, 82.48平米 ,7881元/平米,东南,中楼层,其他,都江堰市, 板塔结合, 6个月前
360,润莱金座,185万,2室2厅1卫, 84.5平米 ,21894元/平米,南,中楼层,精装,高新区, 塔楼, 5个月前
361,蜀都新城,86万,3室2厅1卫, 128.43平米 ,6697元/平米,西南,中楼层,简装,郫都区, 板楼, 5个月前
362,美丽朋城,82万,1室1厅1卫, 61.97平米 ,13233元/平米,西,中楼层,简装,青羊区, 板塔结合, 4个月前
363,龙腾东麓城,86万,3室2厅2卫, 90.72平米 ,9480元/平米,东,高楼层,精装,龙泉驿区, 板塔结合, 5个月前
364,万科理想城三期·星河,180万,4室2厅1卫, 111.11平米 ,16201元/平米,西南,高楼层,精装,郫都区, 塔楼, 6个月前
365,皇冠国际社区三期,69万,2室1厅1卫, 55.92平米 ,12340元/平米,西南,高楼层,精装,龙泉驿区, 塔楼, 6个月前
366,中交牧山美庐,103万,3室2厅1卫, 115.56平米 ,8914元/平米,南,中楼层,精装,新津区, 板塔结合, 5个月前
367,昊园江南壹品,66万,3室1厅1卫, 90.6平米 ,7285元/平米,南,高楼层,毛坯,龙泉驿区, 板塔结合, 11个月前
368,香槟花园,240万,3室2厅1卫, 124.06平米 ,19346元/平米,东西,低楼层,精装,青羊区, 板楼, 7个月前
369,光华馨地,79万,2室2厅1卫, 55.61平米 ,14207元/平米,南,低楼层,精装,青羊区, 板塔结合, 7个月前
370,泽瀚峰景,73万,3室1厅1卫, 83.42平米 ,8751元/平米,东南,中楼层,精装,新都区, 塔楼, 6个月前
371,北辰香麓,328万,3室2厅1卫, 115.58平米 ,28379元/平米,东南,高楼层,精装,高新区, 塔楼, 5个月前
372,学府美地,80万,3室1厅1卫, 121.93平米 ,6545元/平米,东南,中楼层,精装,温江区, 板楼, 1个月前
373,蓝光圣菲TOWN城,85万,2室2厅2卫, 68.95平米 ,12328元/平米,北,低楼层,简装,双流区, 塔楼, 3个月前
374,时代晶座(高新),190万,2室1厅1卫, 77.21平米 ,24609元/平米,东,低楼层,精装,高新区, 塔楼, 2个月前
375,优品道三期,205万,3室2厅1卫, 92.77平米 ,22098元/平米,东,中楼层,精装,青羊区, 板塔结合, 2个月前
376,莲花社区,65万,2室2厅1卫, 75.51平米 ,8609元/平米,西南,中楼层,简装,双流区, 暂无数据, 3个月前
377,水韵尚城,123万,3室2厅1卫, 147.7平米 ,8328元/平米,南,低楼层,毛坯,温江区, 板塔结合, 9个月前
378,海骏达蜀都1号一期北区,68万,2室2厅1卫, 67.81平米 ,9999元/平米,西北,中楼层,简装,郫都区, 板楼, 1年前
379,嘉通云尚,132万,2室2厅1卫, 79.53平米 ,16598元/平米,东南,中楼层,精装,成华区, 塔楼, 1年前
380,中央花园二期,70万,3室2厅1卫, 74.8平米 ,9332元/平米,南北,高楼层,简装,武侯区, 板塔结合, 5个月前
381,瑞临锦苑,68万,2室1厅1卫, 96.39平米 ,7055元/平米,东南,中楼层,精装,龙泉驿区, 板楼, 22天前
382,河畔新世界,232万,3室2厅1卫, 136.8平米 ,16960元/平米,西南,中楼层,精装,天府新区, 塔楼, 15天前
383,洛森堡,139万,3室2厅2卫, 93.95平米 ,14796元/平米,南,低楼层,精装,天府新区, 板楼, 4个月前
384,龙湖物业滨湖城,65万,3室1厅1卫, 103.61平米 ,6274元/平米,西,中楼层,精装,郫都区, 板楼, 4个月前
385,书香府邸二期英伦,103万,2室2厅1卫, 95.32平米 ,10806元/平米,北,高楼层,其他,郫都区, 板楼, 5个月前
386,观园国际,570万,4室3厅2卫, 183平米 ,31148元/平米,西,低楼层,精装,高新区, 板塔结合, 1年前
387,三利麓山城春风里,215万,4室2厅1卫, 126.65平米 ,16976元/平米,西北,中楼层,精装,天府新区, 板塔结合, 3个月前
388,糍粑店街4号,107万,2室2厅1卫, 90.61平米 ,11809元/平米,东南,高楼层,简装,锦江区, 板楼, 3个月前
389,金牛综贸大厦,62万,2室1厅1卫, 63.34平米 ,9789元/平米,东南,高楼层,其他,金牛区, 板楼, 2个月前
390,保利天空之城云曜,248万,4室2厅1卫, 138.75平米 ,17874元/平米,南,低楼层,精装,天府新区, 暂无数据, 1个月前
391,盛世中华,270万,4室1厅1卫, 268.32平米 ,10063元/平米,东南,低楼层,其他,龙泉驿区, 板塔结合, 1年前
392,樱花假日,48万,1室0厅2卫, 37.86平米 ,12679元/平米,南,低楼层,简装,武侯区, 塔楼, 9个月前
393,左岸花都,158万,2室2厅2卫, 93.33平米 ,16930元/平米,西,中楼层,精装,天府新区, 板楼, 7个月前
394,通瑞月光湖,109万,3室1厅2卫, 96.52平米 ,11293元/平米,西南,中楼层,精装,双流区, 塔楼, 7个月前
395,新鑫家园,80万,2室2厅1卫, 109.52平米 ,7305元/平米,南,高楼层,毛坯,龙泉驿区, 塔楼, 1个月前
396,建工梧桐屿,120万,4室1厅2卫, 142.93平米 ,8396元/平米,东南,中楼层,其他,青白江区, 暂无数据, 21天前
397,五世同堂街66号,78万,2室1厅2卫, 59.45平米 ,13121元/平米,南,低楼层,简装,锦江区, 板楼, 6个月前
398,新力翡翠湾,38万,2室2厅1卫, 54.31平米 ,6997元/平米,南,低楼层,其他,青白江区, 塔楼, 8个月前
399,丽都花园丽府,365万,4室2厅1卫, 147.12平米 ,24810元/平米,西北,中楼层,精装,武侯区, 板楼, 4个月前
400,融创南湖逸家,145万,3室1厅1卫, 74.29平米 ,19519元/平米,东,中楼层,精装,双流区, 板塔结合, 1个月前
401,青龙乾院B区,78万,2室1厅1卫, 54.84平米 ,14224元/平米,南,中楼层,精装,成华区, 塔楼, 21天前
402,华润公园九里,155万,3室2厅1卫, 94.05平米 ,16481元/平米,东,高楼层,精装,双流区, 板塔结合, 5个月前
403,航天丙区,45万,3室2厅1卫, 75.35平米 ,5973元/平米,东南,高楼层,简装,龙泉驿区, 板楼, 7个月前
404,楠香山,114万,2室2厅1卫, 77.71平米 ,14670元/平米,东北,低楼层,其他,高新区, 板塔结合, 5个月前
405,兴堰丽景D区,35万,2室1厅1卫, 68.73平米 ,5093元/平米,东南,低楼层,精装,都江堰市, 板楼, 3个月前
406,锦绣花园西区,298万,3室2厅1卫, 153.11平米 ,19464元/平米,东南,低楼层,其他,武侯区, 板楼, 19天前
407,城南名著,130万,2室2厅1卫, 85.27平米 ,15246元/平米,南,中楼层,精装,高新区, 板塔结合, 5个月前
408,合能枫丹铂麓三期,220万,4室2厅5卫, 143.32平米 ,15351元/平米,南北,中楼层,毛坯,天府新区, 板楼, 1个月前
409,和音晶座,74万,3室2厅1卫, 95.12平米 ,7759元/平米,东南,低楼层,精装,温江区, 板塔结合, 7个月前
410,大都保峰玖著,118万,3室2厅1卫, 99.95平米 ,11806元/平米,东南,高楼层,毛坯,新都区, 板塔结合, 23天前
411,槐树苑二期锦苑,78万,2室1厅1卫, 67.12平米 ,11621元/平米,南,中楼层,简装,成华区, 板楼, 5个月前
412,融创南湖逸家,130万,3室1厅1卫, 66.09平米 ,19671元/平米,东,中楼层,精装,双流区, 板塔结合, 1个月前
413,锦江逸家,152万,3室1厅1卫, 62.32平米 ,24391元/平米,东南,中楼层,简装,锦江区, 塔楼, 6个月前
414,汇融悉尼湾达令港,89万,2室2厅1卫, 92.9平米 ,9581元/平米,西,中楼层,精装,新都区, 板塔结合, 7个月前
415,助邦公寓,122万,4室2厅1卫, 136.98平米 ,8907元/平米,南,高楼层,简装,金牛区, 板楼, 7个月前
416,人居柏云庭,215万,4室2厅1卫, 166.29平米 ,12930元/平米,西南,中楼层,毛坯,郫都区, 暂无数据, 5个月前
417,利阳阿里山,82万,3室2厅1卫, 120.65平米 ,6797元/平米,东南,低楼层,简装,郫都区, 板楼, 6个月前
418,锦西人家三区,95万,2室2厅2卫, 77.04平米 ,12306元/平米,东南,低楼层,简装,金牛区, 塔楼, 6个月前
419,三利麓山城本草荟,188万,3室1厅1卫, 108.98平米 ,17251元/平米,南,高楼层,精装,天府新区, 板塔结合, 23天前
420,华腾舒云居,88万,2室2厅3卫, 57.16平米 ,15396元/平米,东南,低楼层,精装,双流区, 板塔结合, 9个月前
421,光明城市,159万,3室2厅2卫, 89.65平米 ,17736元/平米,东,高楼层,精装,天府新区, 板塔结合, 5个月前
422,驿都城,105万,3室2厅1卫, 79.53平米 ,13203元/平米,东北,中楼层,精装,龙泉驿区, 塔楼, 8个月前
423,灵龙路78号,51万,2室1厅1卫, 87.27平米 ,5844元/平米,北,中楼层,简装,龙泉驿区, 暂无数据, 10个月前
424,嘉裕第六洲蝴蝶谷,64万,3室2厅1卫, 125.66平米 ,5094元/平米,东南,低楼层,毛坯,崇州市, 板楼, 6个月前
425,锦丽华庭,89万,2室2厅1卫, 75.74平米 ,11751元/平米,西,中楼层,精装,双流区, 塔楼, 4个月前
426,蜀郡又一城,216万,3室1厅1卫, 109.57平米 ,19714元/平米,南,高楼层,精装,天府新区, 塔楼, 9个月前
427,朗基少帅府,128万,3室2厅1卫, 82.35平米 ,15544元/平米,西南,高楼层,精装,郫都区, 塔楼, 6个月前
428,二道桥街74号,82万,2室1厅1卫, 63.74平米 ,12865元/平米,东南,中楼层,简装,青羊区, 板楼, 1年前
429,鼎犀名城,107万,3室1厅1卫, 82.47平米 ,12975元/平米,东南,高楼层,精装,郫都区, 板塔结合, 6个月前
430,新鸿基悦城,298万,3室2厅1卫, 155.7平米 ,19140元/平米,西南,中楼层,精装,天府新区, 板塔结合, 6个月前
431,天山名苑,83万,4室2厅2卫, 137.09平米 ,6040元/平米,南,低楼层,简装,新津区, 板楼, 5个月前
432,美城云庭,130万,2室2厅2卫, 94.58平米 ,13745元/平米,东,低楼层,精装,双流区, 板塔结合, 11个月前
433,峰度天下,230万,2室1厅2卫, 77.25平米 ,29774元/平米,东,中楼层,精装,高新区, 板塔结合, 11个月前
434,温江一地,85万,3室2厅1卫, 122.82平米 ,6921元/平米,西南,高楼层,毛坯,双流区, 板楼, 7个月前
435,枫尚领域,85万,3室2厅1卫, 91.43平米 ,9297元/平米,东南,中楼层,精装,都江堰市, 板楼, 1个月前
436,清水河畔,125万,3室1厅1卫, 98.18平米 ,12732元/平米,西南,高楼层,简装,青羊区, 板塔结合, 11个月前
437,清江别韵,72万,3室2厅1卫, 110.12平米 ,6539元/平米,西北,中楼层,简装,郫都区, 塔楼, 7个月前
438,青南美湾,115万,2室2厅1卫, 77.65平米 ,14811元/平米,东南,高楼层,简装,天府新区, 板塔结合, 11个月前
439,毗河新城小区,52万,3室1厅1卫, 100.71平米 ,5164元/平米,东南,中楼层,简装,新都区, 暂无数据, 5个月前
440,中坝小区,46万,1室1厅1卫, 45.68平米 ,10071元/平米,南,中楼层,简装,青羊区, 板楼, 6个月前
441,花样年智荟城,69万,3室1厅1卫, 98.88平米 ,6928元/平米,东南,中楼层,精装,崇州市, 暂无数据, 5个月前
442,航天大院,36万,2室2厅1卫, 68.14平米 ,5284元/平米,北南,中楼层,简装,温江区, 板楼, 10个月前
443,懋山湖,390万,5室3厅1卫, 297.11平米 ,13127元/平米,东南,低楼层,毛坯,龙泉驿区, 板楼, 9个月前
444,红运花园佳苑,65万,2室1厅2卫, 59.3平米 ,10962元/平米,南,高楼层,精装,武侯区, 板楼, 6个月前
445,蓝光金悦金沙,119万,3室2厅1卫, 85.15平米 ,13976元/平米,东北,中楼层,毛坯,金牛区, 板塔结合, 5个月前
446,阳光地中海,95万,3室2厅3卫, 86.99平米 ,10921元/平米,北,高楼层,简装,双流区, 塔楼, 1个月前
447,新新街31号,25万,2室1厅1卫, 71.07平米 ,3518元/平米,南,高楼层,其他,新都区, 板塔结合, 5个月前
448,桂景花城,53万,2室1厅2卫, 93.67平米 ,5659元/平米,南北,高楼层,其他,新都区, 塔楼, 1年前
449,绿地国际花都三期,124万,4室2厅2卫, 124.85平米 ,9924元/平米,东南,中楼层,精装,郫都区, 塔楼, 7个月前
450,万科金色城市二期,120万,3室2厅1卫, 75.42平米 ,15911元/平米,东南,中楼层,精装,龙泉驿区, 板塔结合, 5个月前
451,兴元嘉园,140万,5室1厅1卫, 155.24平米 ,9019元/平米,南,高楼层,简装,武侯区, 板楼, 1年前
452,龙门公寓,147万,3室2厅1卫, 123.23平米 ,11929元/平米,南北,中楼层,精装,武侯区, 板楼, 6个月前
453,南阳锦城,102万,2室2厅1卫, 79.71平米 ,12797元/平米,北,低楼层,精装,双流区, 板塔结合, 7个月前
454,嘉楠美地,145万,3室1厅1卫, 87.92平米 ,16493元/平米,东南,高楼层,精装,武侯区, 塔楼, 5个月前
455,金水湾,119万,3室2厅1卫, 123.94平米 ,9602元/平米,东南,低楼层,精装,温江区, 板楼, 5个月前
456,电建地产美立方,80万,2室1厅2卫, 57.54平米 ,13904元/平米,东南,高楼层,精装,成华区, 塔楼, 5个月前
457,创＋理想城,87万,2室2厅1卫, 78.04平米 ,11149元/平米,南,中楼层,精装,温江区, 板塔结合, 5个月前
458,保利熙公馆,135万,4室2厅1卫, 124.85平米 ,10813元/平米,东南,高楼层,精装,郫都区, 板塔结合, 4个月前
459,鸿生花园,190万,3室2厅2卫, 129.5平米 ,14672元/平米,西南,低楼层,简装,青羊区, 板楼, 7个月前
460,堤亚纳河谷,70万,2室1厅2卫, 57.36平米 ,12204元/平米,东南,高楼层,精装,新都区, 板楼, 4个月前
461,双楠风景一期,69万,1室1厅1卫, 58.57平米 ,11781元/平米,东南,高楼层,精装,武侯区, 板楼, 5个月前
462,猛追湾东街6号,78万,3室1厅1卫, 77.5平米 ,10065元/平米,北南,高楼层,其他,成华区, 板塔结合, 4个月前
463,天府逸家一期,105万,3室1厅1卫, 86.68平米 ,12114元/平米,西,中楼层,其他,龙泉驿区, 板塔结合, 5个月前
464,解放路一段3号,70万,2室1厅1卫, 59.01平米 ,11863元/平米,南,低楼层,其他,金牛区, 板楼, 7个月前
465,银木佳苑,135万,3室1厅2卫, 88.55平米 ,15246元/平米,西北,高楼层,简装,锦江区, 塔楼, 5个月前
466,闲山悦一区,138万,4室2厅1卫, 115.08平米 ,11992元/平米,东南,高楼层,精装,都江堰市, 板塔结合, 4个月前
467,恒大天府半岛二期,209万,3室2厅1卫, 142.58平米 ,14659元/平米,北,高楼层,精装,天府新区, 板楼, 26天前
468,恒大天府半岛二期,140万,2室1厅1卫, 94.5平米 ,14815元/平米,西,低楼层,精装,天府新区, 板塔结合, 1年前
469,中德英伦世邦K区,220万,3室2厅1卫, 86.8平米 ,25346元/平米,北,低楼层,精装,高新区, 板塔结合, 7个月前
470,龙城半岛,120万,3室1厅1卫, 90.5平米 ,13238元/平米,东南,高楼层,简装,郫都区, 塔楼, 6个月前
471,金科一城,158万,3室1厅2卫, 99.09平米 ,15946元/平米,南北,中楼层,简装,成华区, 塔楼, 3个月前
472,合能锦城,150万,3室1厅1卫, 82.17平米 ,18255元/平米,南,高楼层,精装,锦江区, 塔楼, 5个月前
473,万科理想城三期·星河,180万,4室2厅1卫, 111.11平米 ,16201元/平米,西南,高楼层,精装,郫都区, 塔楼, 6个月前
474,吉祥花园,73万,3室1厅1卫, 126.87平米 ,5754元/平米,东南,中楼层,简装,龙泉驿区, 板楼, 8个月前
475,滨江两岸,118万,3室2厅1卫, 92.12平米 ,12810元/平米,西南,低楼层,简装,郫都区, 塔楼, 4个月前
476,德坤海地亚,69万,3室1厅1卫, 91.08平米 ,7576元/平米,东,高楼层,精装,温江区, 板塔结合, 10个月前
477,青南美湾,115万,2室1厅1卫, 72.97平米 ,15760元/平米,西,中楼层,精装,天府新区, 板塔结合, 8个月前
478,龙腾东麓城,86万,3室2厅1卫, 90.72平米 ,9480元/平米,东,高楼层,精装,龙泉驿区, 板塔结合, 5个月前
479,紫荆城,36万,2室2厅1卫, 83.33平米 ,4297元/平米,东,高楼层,简装,都江堰市, 板塔结合, 4个月前
480,果壳里的城,85万,2室2厅1卫, 78.94平米 ,10768元/平米,南,低楼层,简装,龙泉驿区, 塔楼, 3个月前
481,天府丽都,65万,2室1厅2卫, 82.48平米 ,7881元/平米,东南,中楼层,其他,都江堰市, 板塔结合, 6个月前
482,人民南路四段20号,95万,3室1厅1卫, 64.55平米 ,14718元/平米,南,中楼层,简装,武侯区, 板楼, 6个月前
483,西城公馆,70万,1室1厅1卫, 52.16平米 ,13382元/平米,西北,中楼层,简装,金牛区, 塔楼, 6个月前
484,远光水印城,170万,3室2厅1卫, 131.97平米 ,12882元/平米,西北,高楼层,精装,天府新区, 板塔结合, 7个月前
485,青龙乾院B区,78万,2室1厅1卫, 54.84平米 ,14224元/平米,南,中楼层,精装,成华区, 塔楼, 21天前
486,华林南苑,72万,1室1厅1卫, 54.99平米 ,13094元/平米,南,高楼层,其他,成华区, 板塔结合, 8个月前
487,华宇旭辉锦绣花城,229万,4室2厅1卫, 136.02平米 ,16836元/平米,东,高楼层,精装,成华区, 板塔结合, 7个月前
488,上善清波小区B,120万,2室1厅1卫, 91.26平米 ,13095元/平米,南,低楼层,简装,青羊区, 板塔结合, 1年前
489,龙锦湾,90万,2室1厅2卫, 77.73平米 ,11528元/平米,南,高楼层,简装,龙泉驿区, 塔楼, 4个月前
490,兴城融域,175万,3室2厅1卫, 127.51平米 ,13725元/平米,南,低楼层,简装,青羊区, 塔楼, 7个月前
491,杜鹃城千万间,33万,2室1厅1卫, 80.27平米 ,4049元/平米,东南,中楼层,其他,郫都区, 塔楼, 4个月前
492,时代锦绣,169万,3室2厅1卫, 94.68平米 ,17850元/平米,东南,中楼层,其他,武侯区, 板塔结合, 7个月前
493,品润金樽府,89万,3室1厅1卫, 99.93平米 ,8907元/平米,东南,中楼层,毛坯,温江区, 塔楼, 7个月前
494,幸福世家,43万,2室1厅1卫, 56.57平米 ,7602元/平米,东南,低楼层,精装,都江堰市, 塔楼, 5个月前
495,锦橙,77万,2室2厅2卫, 73.41平米 ,10490元/平米,南,高楼层,精装,龙泉驿区, 塔楼, 6个月前
496,河滨森邻C区,56万,2室2厅3卫, 67.38平米 ,8312元/平米,东北,高楼层,简装,金牛区, 塔楼, 4个月前
497,边城香格里,166万,3室2厅1卫, 141.84平米 ,11704元/平米,南,中楼层,精装,温江区, 板塔结合, 4个月前
498,宗申流溪丽园,85万,2室1厅1卫, 86.54平米 ,9823元/平米,东南,高楼层,简装,双流区, 板塔结合, 4个月前
499,洛阳路190号院,137万,3室1厅1卫, 85.1平米 ,16076元/平米,东南,高楼层,简装,青羊区, 暂无数据, 7个月前
500,和信孔雀天成,119万,3室2厅1卫, 105.54平米 ,11238元/平米,东南,高楼层,精装,温江区, 板塔结合, 5个月前
501,玉林南路102号,84万,2室1厅1卫, 60.72平米 ,13834元/平米,东,低楼层,简装,高新区, 板楼, 5个月前
502,兴堰丽景D区,35万,2室1厅2卫, 68.73平米 ,5093元/平米,东南,低楼层,精装,都江堰市, 板楼, 3个月前
503,北大资源紫境府二期,440万,4室1厅4卫, 183.52平米 ,23976元/平米,东南,高楼层,毛坯,高新区, 板楼, 6个月前
504,龙湖物业滨湖城,77万,3室2厅1卫, 106平米 ,7246元/平米,南,高楼层,精装,郫都区, 板楼, 7个月前
505,宇众悦府,69万,2室1厅2卫, 48.83平米 ,14049元/平米,西北,中楼层,精装,郫都区, 板塔结合, 10个月前
506,瀚城新天地,64万,4室2厅1卫, 109.13平米 ,5865元/平米,东南,高楼层,毛坯,青白江区, 板塔结合, 7个月前
507,蓝光幸福满庭,65万,2室1厅2卫, 46.23平米 ,14061元/平米,东南,高楼层,精装,郫都区, 板塔结合, 6个月前
508,清江雅居,154万,2室1厅1卫, 90.84平米 ,16953元/平米,东南,高楼层,精装,青羊区, 塔楼, 1年前
509,蓝光圣菲TOWN城,85万,2室1厅1卫, 70.33平米 ,12086元/平米,东,中楼层,毛坯,双流区, 塔楼, 6个月前
510,东立国际花城,88万,2室1厅1卫, 88.01平米 ,9999元/平米,北,低楼层,简装,双流区, 板塔结合, 6个月前
511,奥园公园府邸,149万,2室2厅1卫, 66.85平米 ,22289元/平米,北,中楼层,精装,天府新区, 板塔结合, 6个月前
512,蓝光金双楠二期,105万,2室1厅1卫, 51.18平米 ,20516元/平米,西北,高楼层,精装,武侯区, 板塔结合, 5个月前
513,万树森林一期,52万,1室2厅1卫, 59.07平米 ,8770元/平米,南,中楼层,简装,郫都区, 板楼, 5个月前
514,岷江国际新城,83万,3室2厅2卫, 117.42平米 ,7069元/平米,西南,高楼层,简装,新津区, 板楼, 4个月前
515,成龙花园,52万,1室1厅1卫, 43.72平米 ,11894元/平米,南,中楼层,简装,锦江区, 板楼, 3个月前
516,东润风尚,46万,1室0厅4卫, 31.41平米 ,14646元/平米,东,中楼层,简装,锦江区, 塔楼, 6个月前
517,悦民苑,99万,2室1厅1卫, 89.91平米 ,11012元/平米,东南,低楼层,简装,金牛区, 板楼, 1个月前
518,中房蓝水湾,175万,3室2厅1卫, 119.67平米 ,14624元/平米,西南,中楼层,其他,成华区, 塔楼, 2个月前
519,合能四季城二期,90万,3室2厅1卫, 78.9平米 ,11407元/平米,东南,低楼层,精装,郫都区, 板塔结合, 1个月前
520,蔚蓝阁A区,499万,3室2厅1卫, 151.36平米 ,32968元/平米,东北,高楼层,精装,天府新区, 塔楼, 21天前
521,润莱金座,185万,2室2厅2卫, 84.5平米 ,21894元/平米,南,中楼层,精装,高新区, 塔楼, 5个月前
522,蜀都新城,86万,3室2厅2卫, 128.43平米 ,6697元/平米,西南,中楼层,简装,郫都区, 板楼, 5个月前
523,龙腾东麓城,86万,3室2厅1卫, 90.72平米 ,9480元/平米,东,高楼层,精装,龙泉驿区, 板塔结合, 5个月前
524,听湖九园,88万,3室2厅2卫, 94.02平米 ,9360元/平米,东,低楼层,其他,青白江区, 板塔结合, 4个月前
525,御龙山二期,178万,2室2厅1卫, 84.71平米 ,21013元/平米,北,低楼层,精装,成华区, 板塔结合, 2个月前
526,金科一城,158万,3室1厅1卫, 99.09平米 ,15946元/平米,南北,中楼层,简装,成华区, 塔楼, 3个月前
527,西城公馆,70万,1室1厅2卫, 52.16平米 ,13382元/平米,西北,中楼层,简装,金牛区, 塔楼, 6个月前
528,凯丽豪景,269万,3室2厅1卫, 118.79平米 ,22646元/平米,西北,高楼层,精装,金牛区, 塔楼, 4个月前
529,嘉和世纪城,52万,3室1厅1卫, 99.74平米 ,5214元/平米,东南,低楼层,毛坯,青白江区, 板塔结合, 7个月前
530,天府丽都,65万,2室1厅1卫, 82.48平米 ,7881元/平米,东南,中楼层,其他,都江堰市, 板塔结合, 6个月前
531,滨江两岸,118万,3室2厅1卫, 92.12平米 ,12810元/平米,西南,低楼层,简装,郫都区, 塔楼, 4个月前
532,合能锦城,150万,3室1厅2卫, 82.17平米 ,18255元/平米,南,高楼层,精装,锦江区, 塔楼, 5个月前
533,万科理想城三期·星河,180万,4室2厅2卫, 111.11平米 ,16201元/平米,西南,高楼层,精装,郫都区, 塔楼, 6个月前
534,新都国际广场二期,72万,2室1厅1卫, 77.06平米 ,9318元/平米,南,低楼层,其他,新都区, 塔楼, 1个月前
535,中德英伦世邦K区,220万,3室2厅1卫, 86.8平米 ,25346元/平米,北,低楼层,精装,高新区, 板塔结合, 7个月前
536,中铁丽景书香,82万,3室1厅2卫, 71.48平米 ,11472元/平米,西南,中楼层,简装,温江区, 板塔结合, 2个月前
537,地源吾舍,128万,2室2厅1卫, 86.03平米 ,14879元/平米,南,低楼层,精装,天府新区, 塔楼, 1年前
538,金强大学城,48万,2室2厅1卫, 65.84平米 ,7291元/平米,东南,低楼层,简装,温江区, 塔楼, 1年前
539,中央花园二期,70万,3室2厅2卫, 74.8平米 ,9332元/平米,南北,高楼层,简装,武侯区, 板塔结合, 5个月前
540,领馆逸品,109万,2室2厅1卫, 78.75平米 ,13842元/平米,东南,中楼层,精装,高新区, 塔楼, 5个月前
541,海川国际社区,46万,2室1厅1卫, 69.12平米 ,6656元/平米,东南,高楼层,简装,龙泉驿区, 塔楼, 6个月前
542,都城雅颂居,385万,3室2厅1卫, 137.46平米 ,28009元/平米,北,低楼层,精装,高新区, 塔楼, 1个月前
543,丽鑫苑,109万,3室2厅1卫, 121.77平米 ,8952元/平米,东南,高楼层,简装,武侯区, 板楼, 1个月前
544,樱花假日,48万,1室0厅1卫, 37.86平米 ,12679元/平米,南,低楼层,简装,武侯区, 塔楼, 9个月前
545,南峰水岸华府,69万,3室2厅1卫, 88.17平米 ,7804元/平米,南,低楼层,毛坯,都江堰市, 板塔结合, 1年前
546,汇融悉尼湾达令港,95万,3室1厅1卫, 83.78平米 ,11340元/平米,西,低楼层,简装,新都区, 板塔结合, 10个月前
547,温哥华南苑,43万,1室0厅1卫, 45.15平米 ,9524元/平米,北,中楼层,精装,双流区, 板塔结合, 5个月前
548,傲城,139万,3室1厅2卫, 104.91平米 ,13250元/平米,东南,中楼层,其他,郫都区, 板塔结合, 5个月前
549,上龙门,126万,3室2厅1卫, 87.93平米 ,14330元/平米,西,中楼层,精装,龙泉驿区, 板塔结合, 1年前
550,润莱金座,180万,2室2厅2卫, 78.16平米 ,23030元/平米,南,高楼层,精装,高新区, 塔楼, 1年前
551,华银美景,100万,2室2厅2卫, 79.27平米 ,12590元/平米,东,低楼层,简装,双流区, 板塔结合, 9个月前
552,阳光100米娅中心二期,103万,2室1厅1卫, 65.12平米 ,15817元/平米,南,中楼层,简装,成华区, 塔楼, 8个月前
553,温哥华南苑,100万,3室2厅1卫, 78.36平米 ,12762元/平米,南,中楼层,精装,双流区, 板塔结合, 3个月前
554,兴元绿洲一期,92万,2室2厅2卫, 79.59平米 ,11560元/平米,南,中楼层,简装,金牛区, 塔楼, 5个月前
555,恒大未来城二期,120万,3室2厅1卫, 92.93平米 ,12913元/平米,西南,高楼层,精装,温江区, 塔楼, 9个月前
556,中铁瑞景汇中心,95万,2室1厅1卫, 72.76平米 ,13057元/平米,东南,低楼层,其他,金牛区, 塔楼, 1个月前
557,金强大学城,48万,2室2厅2卫, 65.84平米 ,7291元/平米,东南,低楼层,简装,温江区, 塔楼, 1年前
558,杏苑,155万,3室2厅2卫, 119.6平米 ,12960元/平米,东北,低楼层,简装,青羊区, 板楼, 8个月前
559,棠湖泊林镇,87万,2室2厅1卫, 83.64平米 ,10402元/平米,东南,高楼层,简装,双流区, 板塔结合, 11个月前
560,城市春天,285万,3室2厅1卫, 96.12平米 ,29651元/平米,南,高楼层,精装,高新区, 板塔结合, 5个月前
561,听湖九园,90万,3室2厅4卫, 116.03平米 ,7757元/平米,东南,中楼层,毛坯,青白江区, 板塔结合, 7个月前
562,家益凤凰富居,195万,4室1厅2卫, 143.3平米 ,13608元/平米,南,低楼层,精装,新都区, 板楼, 1个月前
563,雅居乐十里花巷,149万,4室2厅1卫, 140.65平米 ,10594元/平米,北,高楼层,其他,双流区, 板塔结合, 28天前
564,阳光城半山悦,269万,4室2厅1卫, 142.58平米 ,18867元/平米,西北,高楼层,精装,天府新区, 板塔结合 , 2个月前
565,保利玫瑰花语,105万,3室2厅1卫, 78.78平米 ,13329元/平米,东,中楼层,毛坯,龙泉驿区, 板塔结合, 1年前
566,锦西国际,32万,1室0厅1卫, 32.97平米 ,9706元/平米,北,中楼层,简装,金牛区, 塔楼, 7个月前
567,阳晨丽都,43万,3室2厅1卫, 105.27平米 ,4047元/平米,南,低楼层,其他,青羊区, 板塔结合, 2个月前
568,光华瑞廷,120万,3室1厅1卫, 85.56平米 ,14002元/平米,南,低楼层,精装,温江区, 板塔结合, 1年前
569,蓝光圣菲TOWN城,116万,3室2厅3卫, 83.68平米 ,13863元/平米,东,中楼层,精装,双流区, 塔楼, 23天前
570,晶宝盛世桃源,98万,3室1厅1卫, 99.15平米 ,9885元/平米,东南,低楼层,简装,郫都区, 板塔结合, 2个月前
571,华府幸福城,29万,1室1厅1卫, 33.87平米 ,8563元/平米,西南,低楼层,其他,龙泉驿区, 暂无数据, 23天前
572,财富中心,168万,2室1厅1卫, 56.86平米 ,29547元/平米,南,中楼层,精装,锦江区, 板塔结合, 7个月前
573,云水苑,155万,3室2厅1卫, 88.78平米 ,17459元/平米,东南,低楼层,简装,成华区, 塔楼, 6个月前
574,金沙园三期,300万,3室2厅1卫, 125.61平米 ,23884元/平米,东南,低楼层,精装,青羊区, 板楼, 4个月前
575,品润金樽府,68万,3室2厅4卫, 81.7平米 ,8324元/平米,南北,中楼层,毛坯,温江区, 塔楼, 1年前
576,天投北鑫苑,290万,3室2厅1卫, 120.43平米 ,24081元/平米,南,中楼层,毛坯,天府新区, 板塔结合, 9个月前
577,远光水印城,110万,2室1厅1卫, 81.94平米 ,13425元/平米,东,低楼层,简装,天府新区, 板塔结合, 4个月前
578,通锦路15号院,82万,2室1厅1卫, 65.47平米 ,12525元/平米,东南,高楼层,其他,金牛区, 板楼, 1个月前
579,合能珍宝琥珀,73万,2室1厅1卫, 65.16平米 ,11204元/平米,西,高楼层,精装,温江区, 板塔结合, 4个月前
580,凤凰栖岸,96万,3室2厅1卫, 89.95平米 ,10673元/平米,北,低楼层,毛坯,温江区, 板塔结合, 6个月前
581,锦江城市花园二期,72万,2室1厅1卫, 51.19平米 ,14066元/平米,东南,高楼层,其他,锦江区, 板塔结合, 1个月前
582,天投·东鑫苑云筑,190万,3室2厅1卫, 131.52平米 ,14447元/平米,西,低楼层,毛坯,天府新区, 板楼, 1年前
583,悦龙山,96万,2室2厅1卫, 75.26平米 ,12756元/平米,东南,低楼层,其他,龙泉驿区, 塔楼, 6个月前
584,欧郡C区,82万,3室2厅2卫, 106.83平米 ,7676元/平米,东南,低楼层,精装,新津区, 塔楼, 2个月前
585,师大现代花园,105万,3室2厅1卫, 115.77平米 ,9070元/平米,南北,低楼层,简装,龙泉驿区, 塔楼, 1年前
586,锦蓉佳苑,130万,2室1厅1卫, 69.88平米 ,18604元/平米,东北,中楼层,简装,锦江区, 板塔结合, 1年前
587,湖滨路36号,55万,3室2厅1卫, 110.3平米 ,4960元/平米,南,中楼层,其他,新都区, 暂无数据, 10个月前
588,实业街19号,173万,2室1厅1卫, 53平米 ,32642元/平米,东,中楼层,简装,青羊区, 平房, 7个月前
589,朗基紫境东来,195万,4室2厅2卫, 138平米 ,14131元/平米,西北,中楼层,毛坯,龙泉驿区, 板塔结合, 8个月前
590,蓝光圣菲TOWN城,91万,2室1厅2卫, 77.85平米 ,11690元/平米,南,中楼层,简装,双流区, 塔楼, 1年前
591,保利金香槟,218万,3室2厅2卫, 113.11平米 ,19274元/平米,东北,高楼层,精装,青羊区, 板塔结合, 1年前
592,中海锦江城花涧一期,230万,3室2厅1卫, 111.42平米 ,20643元/平米,南,高楼层,精装,天府新区, 板楼, 1年前
593,蓝光金悦城,210万,3室1厅1卫, 118.21平米 ,17765元/平米,南,高楼层,精装,新武侯区, 板塔结合, 1个月前
594,香澜半岛,127万,2室1厅1卫, 74.41平米 ,17068元/平米,西,中楼层,精装,成华区, 板塔结合, 1个月前
595,南城都汇汇尚园,409万,4室2厅1卫, 140.87平米 ,29034元/平米,南北,中楼层,精装,武侯区, 板塔结合, 7个月前
596,麓山国际悦庭,75万,1室1厅3卫, 51.92平米 ,14446元/平米,南,中楼层,毛坯,天府新区, 塔楼, 1年前
597,成都合院一期,55万,1室0厅1卫, 39.99平米 ,13754元/平米,东南,低楼层,简装,郫都区, 板塔结合, 6个月前
598,檀香山,210万,2室2厅1卫, 97.3平米 ,21583元/平米,东南,中楼层,精装,武侯区, 板塔结合, 4个月前
599,鹰冠庄园,160万,3室2厅1卫, 145.9平米 ,10967元/平米,东,低楼层,精装,龙泉驿区, 板楼, 1年前
600,红馆,200万,3室2厅2卫, 127.01平米 ,15747元/平米,东南,中楼层,简装,武侯区, 板塔结合, 5个月前
601,世纪朝阳,172万,2室1厅1卫, 91.14平米 ,18873元/平米,东南,高楼层,精装,锦江区, 板塔结合, 3个月前
602,佳年华新生活A区,95万,3室2厅1卫, 81.83平米 ,11610元/平米,西北,高楼层,简装,新都区, 板塔结合, 1年前
603,汇智栖岸名居,90万,2室2厅1卫, 76.75平米 ,11714元/平米,东,低楼层,精装,温江区, 塔楼, 7个月前
604,复地雍湖湾,489万,4室2厅2卫, 145.5平米 ,33609元/平米,南,高楼层,毛坯,高新区, 板塔结合, 6个月前
605,保利公园198蔷薇郡,110万,4室2厅1卫, 130.55平米 ,8426元/平米,南,中楼层,毛坯,新都区, 塔楼, 10个月前
606,华宇广场,137万,2室1厅2卫, 69平米 ,19856元/平米,东北,高楼层,简装,锦江区, 塔楼, 11个月前
607,新派客,87万,3室1厅1卫, 74.49平米 ,11680元/平米,西南,高楼层,毛坯,新都区, 暂无数据, 22天前
608,兴元绿洲一期,131万,3室2厅1卫, 113.13平米 ,11580元/平米,西北,中楼层,精装,金牛区, 塔楼, 1年前
609,民兴苑,100万,2室1厅2卫, 80.26平米 ,12435元/平米,东南,中楼层,精装,成华区, 塔楼, 6个月前
610,优品道珑苑,108万,3室1厅1卫, 90平米 ,12000元/平米,东南,低楼层,其他,新都区, 板塔结合, 1年前
611,香澜半岛,140万,2室1厅1卫, 84.87平米 ,16473元/平米,北,中楼层,精装,成华区, 板塔结合, 10个月前
612,今阁公寓,42万,1室0厅1卫, 35.62平米 ,11792元/平米,西,低楼层,简装,金牛区, 板楼, 7个月前
613,东原亲亲里,94万,2室1厅2卫, 61.56平米 ,15270元/平米,西北,中楼层,其他,金牛区, 塔楼, 9个月前
614,雅砻阳光花园,95万,3室2厅1卫, 114.11平米 ,8326元/平米,东南,低楼层,毛坯,温江区, 塔楼, 10个月前
615,新鸿基悦城,274万,3室2厅1卫, 142.19平米 ,19270元/平米,南,低楼层,精装,天府新区, 板塔结合, 11个月前
616,十二桥路16号附2号,68万,1室0厅1卫, 30.3平米 ,22443元/平米,西南,低楼层,简装,青羊区, 板楼, 15天前
617,绿地新城新里桃溪川,145万,3室2厅1卫, 134.69平米 ,10766元/平米,西南,低楼层,精装,龙泉驿区, 板楼, 7个月前
618,恋日家园G区,112万,3室1厅1卫, 123.91平米 ,9039元/平米,东北,中楼层,简装,成华区, 板楼, 7个月前
619,世家东部时空,148万,3室2厅1卫, 92.3平米 ,16035元/平米,南,高楼层,精装,成华区, 塔楼, 1年前
620,华润置地理想之城,77万,3室2厅1卫, 113.63平米 ,6777元/平米,南,高楼层,其他,彭州市, 塔楼, 1个月前
621,锦橙,77万,2室2厅1卫, 71.06平米 ,10836元/平米,东南,高楼层,精装,龙泉驿区, 塔楼, 1年前
622,百吉街52号,86万,2室2厅4卫, 77.19平米 ,11077元/平米,东南,中楼层,其他,武侯区, 板楼, 1个月前
623,双楠忆景,198万,3室1厅2卫, 88.63平米 ,22341元/平米,东,中楼层,精装,武侯区, 板塔结合, 20天前
624,西财学府尚郡,113万,4室2厅1卫, 127.15平米 ,8888元/平米,南,中楼层,毛坯,温江区, 板楼, 5个月前
625,河畔新世界,198万,3室2厅1卫, 139.59平米 ,14185元/平米,西南,中楼层,精装,天府新区, 塔楼, 5个月前
626,西财学府尚郡,170万,4室2厅1卫, 158.74平米 ,10710元/平米,东南,中楼层,精装,温江区, 板楼, 2个月前
627,交大卡布里城,43万,1室1厅1卫, 50.99平米 ,8434元/平米,东南,中楼层,简装,郫都区, 板塔结合, 11个月前
628,珑熙郡,242万,3室2厅1卫, 86.55平米 ,27961元/平米,东南,中楼层,精装,新武侯区, 塔楼, 1个月前
629,华汇天地,140万,3室2厅5卫, 92.75平米 ,15095元/平米,南,高楼层,其他,双流区, 板塔结合, 9个月前
630,西财学府尚郡,140万,4室2厅1卫, 166.18平米 ,8425元/平米,东南,低楼层,毛坯,温江区, 板楼, 29天前
631,西财学府尚郡,120万,4室1厅1卫, 127.38平米 ,9421元/平米,东南,中楼层,精装,温江区, 板楼, 5个月前
632,西财学府尚郡,103万,4室1厅1卫, 126.7平米 ,8130元/平米,东南,低楼层,毛坯,温江区, 板楼, 7个月前
633,梧桐苑,74万,2室2厅1卫, 68.1平米 ,10867元/平米,南,高楼层,简装,高新区, 板楼, 1年前
634,西岸观邸,168万,3室1厅1卫, 92.87平米 ,18090元/平米,东南,高楼层,精装,金牛区, 板塔结合, 2个月前
635,电建洺悦府,270万,3室2厅2卫, 127.87平米 ,21116元/平米,西南,中楼层,简装,金牛区, 塔楼, 1个月前
636,府河音乐花园,137万,3室2厅1卫, 125.38平米 ,10927元/平米,北南,高楼层,精装,天府新区, 板塔结合, 3个月前
637,河畔新世界,140万,2室2厅1卫, 94.46平米 ,14822元/平米,西南,低楼层,精装,天府新区, 塔楼, 6个月前
638,锦辰佳苑,98万,2室1厅1卫, 52.84平米 ,18547元/平米,西,中楼层,精装,高新区, 塔楼, 8个月前
639,锦绣街7号,78万,2室1厅1卫, 69平米 ,11276元/平米,南,高楼层,毛坯,武侯区, 板楼, 6个月前
640,堰山和畔4期,90万,3室1厅1卫, 120.13平米 ,7484元/平米,东南,低楼层,精装,都江堰市, 塔楼, 2个月前
641,万科理想城二期·树院,138万,3室2厅1卫, 85.22平米 ,16194元/平米,西南,高楼层,精装,郫都区, 板塔结合, 7个月前
642,天府世家,615万,5室2厅1卫, 137.18平米 ,44832元/平米,东南,中楼层,精装,高新区, 板塔结合, 4个月前
643,洲际亚洲湾A区,149万,4室2厅1卫, 121.17平米 ,12297元/平米,南,中楼层,精装,温江区, 板塔结合, 1年前
644,一里阳光,75万,3室1厅1卫, 83.04平米 ,9032元/平米,西南,中楼层,其他,郫都区, 塔楼, 7个月前
645,湖滨路123号,52万,3室2厅1卫, 119.5平米 ,4352元/平米,南,低楼层,简装,新都区, 暂无数据, 1年前
646,人居悦云庭,210万,4室1厅1卫, 160.78平米 ,13062元/平米,东南,中楼层,毛坯,新都区, 塔楼, 8个月前
647,万鸿城市花园,49万,2室1厅1卫, 69.45平米 ,7027元/平米,东南,低楼层,简装,龙泉驿区, 板塔结合, 5个月前
648,远大林语城,249万,4室1厅2卫, 143.01平米 ,17412元/平米,南,中楼层,毛坯,双流区, 板楼, 1个月前
649,边城香格里,140万,3室1厅1卫, 117.39平米 ,11927元/平米,东南,中楼层,精装,温江区, 板塔结合, 25天前
650,王家塘街95号,95万,2室1厅1卫, 53.18平米 ,17864元/平米,东南,中楼层,毛坯,青羊区, 板楼, 28天前
651,为民新居,132万,3室1厅2卫, 95.04平米 ,13889元/平米,东,高楼层,简装,金牛区, 塔楼, 2个月前
652,华润公园九里,130万,3室2厅2卫, 94.47平米 ,13761元/平米,北,低楼层,简装,双流区, 板塔结合, 6个月前
653,蜀都新城,83万,3室2厅1卫, 127.93平米 ,6488元/平米,南,中楼层,简装,郫都区, 板楼, 1年前
654,盛世年华,152万,3室2厅1卫, 103.45平米 ,14694元/平米,东,低楼层,简装,青羊区, 塔楼, 10个月前
655,万科理想城四期未来城,174万,4室2厅3卫, 115.81平米 ,15008元/平米,西南,低楼层,精装,郫都区, 板塔结合, 6个月前
656,乐视界广场,149万,4室2厅2卫, 124.98平米 ,11922元/平米,西北,高楼层,精装,郫都区, 板塔结合, 1年前
657,芙华新大陆,70万,1室1厅2卫, 55.28平米 ,12627元/平米,东北,低楼层,精装,成华区, 塔楼, 2个月前
658,上东壹号丽景苑,138万,3室1厅2卫, 86.31平米 ,15989元/平米,南,中楼层,精装,成华区, 板塔结合, 5个月前
659,欣盛家园,125万,3室2厅3卫, 130.93平米 ,9548元/平米,西北,低楼层,精装,温江区, 板楼, 7个月前
660,青华路22号,110万,3室2厅1卫, 71.72平米 ,15338元/平米,南,高楼层,精装,青羊区, 板楼, 7个月前
661,清江美庐,87万,2室1厅1卫, 59.99平米 ,14420元/平米,东南,中楼层,精装,青羊区, 塔楼, 1个月前
662,五医院家属院,37万,2室1厅2卫, 66.98平米 ,5495元/平米,东南,低楼层,简装,温江区, 暂无数据, 6个月前
663,红湖公园城,63万,2室2厅1卫, 72.96平米 ,8608元/平米,东南,高楼层,精装,新都区, 板塔结合, 5个月前
664,蓝光公园华府,189万,4室2厅1卫, 123.15平米 ,15348元/平米,南,中楼层,其他,龙泉驿区, 板塔结合, 14天前
665,富力桃园B区,86万,3室2厅1卫, 96.96平米 ,8870元/平米,东南,低楼层,毛坯,新都区, 板塔结合, 1年前
666,佳兆业威登郡,105万,2室2厅2卫, 79.49平米 ,13210元/平米,西,中楼层,精装,双流区, 板塔结合, 4个月前
667,招商雍华府二期,198万,3室2厅2卫, 95.84平米 ,20660元/平米,西南,高楼层,精装,成华区, 板塔结合, 18天前
668,恒大天府半岛三期,245万,4室2厅2卫, 154.84平米 ,15823元/平米,南北,高楼层,精装,天府新区, 板楼, 10个月前
669,恒大天府半岛三期,200万,4室2厅1卫, 137.15平米 ,14583元/平米,南,高楼层,精装,天府新区, 板塔结合, 1年前
670,棠湖泊林镇,93万,3室2厅1卫, 79.36平米 ,11719元/平米,西,中楼层,简装,双流区, 板楼, 1年前
671,望江锦园,195万,3室2厅1卫, 111.9平米 ,17427元/平米,西南,高楼层,简装,锦江区, 塔楼, 7个月前
672,云翔远景,170万,3室2厅2卫, 109.1平米 ,15583元/平米,西南,中楼层,简装,武侯区, 板楼, 6个月前
673,盛世年华,72万,2室1厅1卫, 50.01平米 ,14398元/平米,南,中楼层,简装,青羊区, 板楼, 1年前
674,鹏发·绿岛,58万,3室1厅2卫, 89.4平米 ,6488元/平米,东南,中楼层,精装,新都区, 塔楼, 3个月前
675,万鸿城市花园,89万,3室1厅1卫, 117.41平米 ,7564元/平米,东南,低楼层,简装,龙泉驿区, 板塔结合, 25天前
676,天府滨河湾,175万,4室2厅1卫, 118平米 ,14831元/平米,东南,中楼层,精装,天府新区, 塔楼, 2个月前
677,四海逸家二期,365万,4室1厅1卫, 97.3平米 ,37513元/平米,东南,中楼层,精装,锦江区, 塔楼, 3个月前
678,红馆,200万,3室2厅1卫, 127.01平米 ,15747元/平米,东南,中楼层,简装,武侯区, 板塔结合, 5个月前
679,朋城远界,66万,3室2厅1卫, 84.74平米 ,7789元/平米,东南,中楼层,其他,彭州市, 塔楼, 20天前
680,花果新居一期,67万,1室1厅1卫, 55.36平米 ,12103元/平米,东南,中楼层,毛坯,锦江区, 板楼, 13天前
681,牡丹御园,165万,3室1厅1卫, 118.62平米 ,13910元/平米,南,中楼层,精装,高新区, 板塔结合, 5个月前
682,金科集美学府,225万,4室2厅1卫, 134.01平米 ,16790元/平米,东南,中楼层,毛坯,双流区, 塔楼, 5个月前
683,金山御景蓝湾,56万,3室1厅1卫, 100平米 ,5600元/平米,东南,低楼层,毛坯,龙泉驿区, 板楼, 7个月前
684,毕生路57号,75万,4室2厅1卫, 167.02平米 ,4491元/平米,南北,中楼层,其他,新都区, 板楼, 10个月前
685,棉花沱社区,48万,3室2厅1卫, 106.75平米 ,4497元/平米,东南,高楼层,其他,新津区, 暂无数据, 1个月前
686,锦城南府,403万,3室1厅1卫, 136.85平米 ,29449元/平米,西,中楼层,精装,高新区, 塔楼, 1个月前
687,锦绣西苑二期,55万,2室2厅1卫, 87.26平米 ,6304元/平米,东南,高楼层,简装,郫都区, 板楼, 1年前
688,金山苑,119万,2室2厅1卫, 76.11平米 ,15636元/平米,东南,高楼层,简装,成华区, 塔楼, 1个月前
689,上风瑞庭,118万,3室2厅1卫, 118.15平米 ,9988元/平米,南,中楼层,毛坯,温江区, 板塔结合, 1个月前
690,恒大天府半岛二期,260万,4室2厅1卫, 186.47平米 ,13944元/平米,东南,低楼层,精装,天府新区, 板楼, 6个月前
691,千禧河畔C区,149万,3室2厅1卫, 86.94平米 ,17139元/平米,东,低楼层,精装,新都区, 板塔结合, 1个月前
692,华润二十四城七期,276万,3室1厅1卫, 100.85平米 ,27368元/平米,西,低楼层,简装,成华区, 板塔结合, 1年前
693,恒大上林苑,63万,3室1厅1卫, 114.2平米 ,5517元/平米,南,高楼层,简装,新都区, 板塔结合, 1个月前
694,蓝光幸福满庭,105万,3室1厅1卫, 82.33平米 ,12754元/平米,西北,中楼层,简装,郫都区, 板塔结合, 1年前
695,四海逸家二期,365万,4室1厅1卫, 97.3平米 ,37513元/平米,东南,中楼层,精装,锦江区, 塔楼, 3个月前
696,美好时光,118万,2室2厅2卫, 83.91平米 ,14063元/平米,西北,低楼层,简装,武侯区, 板楼, 21天前
697,果壳里的城,108万,3室1厅1卫, 87.92平米 ,12284元/平米,东南,高楼层,毛坯,龙泉驿区, 塔楼, 6个月前
698,滨江两岸二期,155万,4室2厅1卫, 107.57平米 ,14410元/平米,东北,高楼层,精装,郫都区, 暂无数据, 1年前
699,花样年花样城,35万,1室1厅3卫, 42.42平米 ,8251元/平米,南,中楼层,简装,温江区, 板塔结合, 1年前
700,华侨城东岸一期,465万,4室2厅1卫, 169.24平米 ,27476元/平米,西,低楼层,毛坯,金牛区, 板楼, 1年前
701,中国铁建北湖国际城二期,145万,3室2厅1卫, 91平米 ,15935元/平米,东南,中楼层,精装,成华区, 板塔结合, 2个月前
702,金科一城,93万,2室2厅1卫, 67.76平米 ,13725元/平米,西,高楼层,简装,成华区, 塔楼, 1年前
703,荣盛香榭兰庭一期,146万,3室1厅3卫, 75.78平米 ,19267元/平米,西南,高楼层,精装,成华区, 塔楼, 5个月前
704,果壳里的城,138万,3室1厅1卫, 89.51平米 ,15418元/平米,南北,高楼层,其他,龙泉驿区, 塔楼, 23天前
705,明新国际新城,80万,3室2厅1卫, 115.84平米 ,6907元/平米,东,中楼层,简装,新都区, 板塔结合, 4个月前
706,蓝润华府春天,95万,3室2厅1卫, 75.71平米 ,12548元/平米,南,高楼层,简装,双流区, 板塔结合, 15天前
707,雅居乐剑桥郡,65万,1室1厅1卫, 59.23平米 ,10975元/平米,西南,低楼层,精装,双流区, 板塔结合, 4个月前
708,明星花苑,70万,3室2厅1卫, 136.77平米 ,5104元/平米,东南,高楼层,简装,龙泉驿区, 板楼, 4个月前
709,汇智栖岸名居,95万,3室1厅1卫, 78.68平米 ,12075元/平米,东,低楼层,精装,温江区, 塔楼, 16天前
710,雄飞北尚广场,94万,3室2厅1卫, 89.27平米 ,10530元/平米,南,中楼层,精装,新都区, 塔楼, 21天前
711,皇经楼新居二期B区,53万,1室1厅2卫, 53.75平米 ,9861元/平米,西,高楼层,其他,锦江区, 板楼, 17天前
712,川大河畔,105万,3室2厅1卫, 105.59平米 ,9945元/平米,南北,中楼层,简装,双流区, 板塔结合, 1年前
713,上风瑞庭,118万,3室2厅1卫, 118.15平米 ,9988元/平米,南,中楼层,毛坯,温江区, 板塔结合, 1个月前
714,保利狮子湖檀香郡,129万,3室2厅1卫, 121.93平米 ,10580元/平米,南北,中楼层,精装,新都区, 暂无数据, 2个月前
715,英郡三期,220万,3室1厅1卫, 108.83平米 ,20216元/平米,东南,低楼层,精装,高新区, 塔楼, 21天前
716,温哥华花园,129万,3室1厅2卫, 130.92平米 ,9854元/平米,南北,中楼层,精装,双流区, 塔楼, 5个月前
717,锦绣西苑二期,55万,2室2厅1卫, 87.26平米 ,6304元/平米,东南,高楼层,简装,郫都区, 板楼, 1年前
718,双玺,160万,2室1厅1卫, 77.16平米 ,20737元/平米,南,低楼层,简装,青羊区, 板塔结合, 5个月前
719,棉花沱社区,48万,3室2厅1卫, 106.75平米 ,4497元/平米,东南,高楼层,其他,新津区, 暂无数据, 1个月前
720,恒大上林苑,63万,3室1厅2卫, 114.2平米 ,5517元/平米,南,高楼层,简装,新都区, 板塔结合, 1个月前
721,金山御景蓝湾,56万,3室1厅1卫, 100平米 ,5600元/平米,东南,低楼层,毛坯,龙泉驿区, 板楼, 7个月前
722,万达华府B区,110万,4室2厅1卫, 99.67平米 ,11037元/平米,东北,低楼层,精装,郫都区, 板塔结合, 2个月前
723,东立国际广场,149万,3室2厅1卫, 112.46平米 ,13250元/平米,西南,高楼层,精装,成华区, 板塔结合, 8个月前
724,金山苑,119万,2室2厅1卫, 76.11平米 ,15636元/平米,东南,高楼层,简装,成华区, 塔楼, 1个月前
725,昊园江南壹品,65万,3室2厅1卫, 82.54平米 ,7875元/平米,南,高楼层,毛坯,龙泉驿区, 板塔结合, 7个月前
726,慧生时代广场,86万,3室1厅1卫, 86.89平米 ,9898元/平米,南,高楼层,精装,龙泉驿区, 板楼, 7个月前
727,果壳里的城,110万,3室2厅1卫, 87.96平米 ,12506元/平米,南,低楼层,简装,龙泉驿区, 塔楼, 6个月前
728,西线阳光,93万,2室2厅1卫, 87.32平米 ,10651元/平米,西北,低楼层,简装,金牛区, 板楼, 7个月前
729,天投东鑫苑云熙,340万,4室2厅1卫, 207.38平米 ,16396元/平米,西北,高楼层,毛坯,天府新区, 板楼, 8个月前
730,怡水居,82万,2室1厅2卫, 84.85平米 ,9665元/平米,东,高楼层,精装,龙泉驿区, 板楼, 17天前
731,龙光玖龙府二期,88万,3室2厅1卫, 99.77平米 ,8821元/平米,东南,中楼层,精装,新津区, 板楼, 1年前
732,毕生路57号,75万,4室2厅1卫, 167.02平米 ,4491元/平米,南北,中楼层,其他,新都区, 板楼, 10个月前
733,水韵天府,146万,3室2厅1卫, 127.42平米 ,11427元/平米,南,低楼层,简装,金牛区, 板楼, 1年前
734,嘉和世纪城,46万,2室2厅2卫, 80.34平米 ,5726元/平米,南,中楼层,毛坯,青白江区, 板塔结合, 10个月前
735,千禧河畔C区,149万,3室2厅1卫, 86.94平米 ,17139元/平米,东,低楼层,精装,新都区, 板塔结合, 1个月前
736,棉花沱社区,48万,3室2厅1卫, 106.75平米 ,4497元/平米,东南,高楼层,其他,新津区, 暂无数据, 1个月前
737,锦城南府,403万,3室1厅1卫, 136.85平米 ,29449元/平米,西,中楼层,精装,高新区, 塔楼, 1个月前
738,恒大上林苑,63万,3室1厅2卫, 114.2平米 ,5517元/平米,南,高楼层,简装,新都区, 板塔结合, 1个月前
739,南湖国际社区,239万,4室2厅1卫, 155.94平米 ,15327元/平米,东,低楼层,精装,双流区, 板塔结合, 3个月前
740,保利西子城,110万,3室2厅1卫, 107.7平米 ,10214元/平米,西北,中楼层,毛坯,温江区, 板塔结合, 1年前
741,紫御熙庭,228万,3室2厅1卫, 97.56平米 ,23371元/平米,东,低楼层,简装,青羊区, 板塔结合, 4个月前
742,两河锦地,65万,2室1厅1卫, 72.5平米 ,8966元/平米,东南,低楼层,简装,金牛区, 板楼, 1年前
743,双玺,160万,2室1厅1卫, 77.16平米 ,20737元/平米,南,低楼层,简装,青羊区, 板塔结合, 5个月前
744,朋城远界,66万,3室2厅1卫, 84.74平米 ,7789元/平米,东南,中楼层,其他,彭州市, 塔楼, 20天前
745,金科集美学府,225万,4室2厅1卫, 134.01平米 ,16790元/平米,东南,中楼层,毛坯,双流区, 塔楼, 5个月前
746,花果新居一期,67万,1室1厅1卫, 55.36平米 ,12103元/平米,东南,中楼层,毛坯,锦江区, 板楼, 13天前
747,牡丹御园,165万,3室1厅1卫, 118.62平米 ,13910元/平米,南,中楼层,精装,高新区, 板塔结合, 5个月前
748,金山御景蓝湾,76万,3室1厅1卫, 116.25平米 ,6538元/平米,东南,低楼层,其他,龙泉驿区, 板楼, 20天前
749,恒雨后现代城,95万,3室2厅1卫, 118.26平米 ,8034元/平米,西,中楼层,简装,龙泉驿区, 暂无数据, 3个月前
750,红湖公园城,74万,3室2厅2卫, 92.3平米 ,8018元/平米,南,高楼层,精装,新都区, 板塔结合, 1年前
751,雄飞生活广场,78万,2室1厅1卫, 80.47平米 ,9694元/平米,西,高楼层,简装,龙泉驿区, 板塔结合, 1年前
752,金沙愉景二期,220万,4室2厅1卫, 128.57平米 ,17112元/平米,西北,高楼层,精装,青羊区, 板塔结合, 2个月前
753,圣采泊尚,105万,3室1厅1卫, 80.35平米 ,13068元/平米,东,高楼层,其他,新都区, 板塔结合, 3个月前
754,华润二十四城七期,276万,3室1厅2卫, 100.85平米 ,27368元/平米,西,低楼层,简装,成华区, 板塔结合, 1年前
755,万科城,100万,3室2厅1卫, 79.44平米 ,12589元/平米,东北,低楼层,精装,郫都区, 塔楼, 1年前
756,紫御熙庭,228万,3室2厅1卫, 97.56平米 ,23371元/平米,东,低楼层,简装,青羊区, 板塔结合, 4个月前
757,南湖国际社区,239万,4室2厅2卫, 155.94平米 ,15327元/平米,东,低楼层,精装,双流区, 板塔结合, 3个月前
758,两河锦地,65万,2室1厅1卫, 72.5平米 ,8966元/平米,东南,低楼层,简装,金牛区, 板楼, 1年前
759,欧美苑,48万,1室1厅1卫, 51.88平米 ,9253元/平米,东南,高楼层,简装,金牛区, 板楼, 9个月前
760,雅居乐花园,115万,3室1厅2卫, 123.02平米 ,9349元/平米,东北,低楼层,精装,双流区, 板塔结合, 2个月前
761,万家和新城花园,169万,4室2厅1卫, 196.19平米 ,8615元/平米,东南,中楼层,精装,新都区, 板楼, 5个月前
762,千禧河畔C区,149万,3室2厅1卫, 86.94平米 ,17139元/平米,东,低楼层,精装,新都区, 板塔结合, 1个月前
763,锦城南府,403万,3室1厅1卫, 136.85平米 ,29449元/平米,西,中楼层,精装,高新区, 塔楼, 1个月前
764,万达华府B区,110万,4室2厅1卫, 99.67平米 ,11037元/平米,东北,低楼层,精装,郫都区, 板塔结合, 2个月前
765,千和沁香华庭,159万,3室1厅1卫, 116.97平米 ,13594元/平米,东西,中楼层,精装,青羊区, 板楼, 3个月前
766,西安路小区,53万,2室1厅1卫, 71平米 ,7465元/平米,东,高楼层,精装,双流区, 板塔结合, 5个月前
767,五医院家属院,37万,2室1厅1卫, 66.98平米 ,5495元/平米,东南,低楼层,简装,温江区, 暂无数据, 6个月前
768,清江美庐,87万,2室1厅1卫, 59.99平米 ,14420元/平米,东南,中楼层,精装,青羊区, 塔楼, 1个月前
769,青华路22号,110万,3室2厅1卫, 71.72平米 ,15338元/平米,南,高楼层,精装,青羊区, 板楼, 7个月前
770,西西学府里（二期）,143万,2室1厅1卫, 88.98平米 ,16072元/平米,东北,高楼层,精装,金牛区, 板塔结合, 11个月前
771,蓝光公园华府,189万,4室2厅1卫, 123.15平米 ,15348元/平米,南,中楼层,其他,龙泉驿区, 板塔结合, 14天前
772,金巴黎,49万,3室2厅2卫, 81.99平米 ,5977元/平米,西南,低楼层,精装,龙泉驿区, 板塔结合, 5个月前
773,驷马康城,99万,2室2厅3卫, 78.68平米 ,12583元/平米,南,中楼层,精装,成华区, 板塔结合, 5个月前
774,保利公园198蔷薇郡,110万,4室2厅2卫, 130.55平米 ,8426元/平米,南,中楼层,毛坯,新都区, 塔楼, 10个月前
775,华宇广场,137万,2室1厅1卫, 69平米 ,19856元/平米,东北,高楼层,简装,锦江区, 塔楼, 11个月前
776,天旭逸城,78万,4室2厅1卫, 140.53平米 ,5551元/平米,西南,中楼层,毛坯,新都区, 暂无数据, 9个月前
777,省气象局宿舍,178万,4室2厅1卫, 141.21平米 ,12606元/平米,南,低楼层,简装,青羊区, 板楼, 24天前
778,芙华金色海伦,150万,5室2厅1卫, 121.05平米 ,12392元/平米,西南,低楼层,简装,郫都区, 板楼, 3个月前
779,益州蓉苑,298万,4室2厅1卫, 165.78平米 ,17976元/平米,东南,高楼层,毛坯,金牛区, 板楼, 3个月前
780,莲花新区,246万,4室1厅2卫, 137.24平米 ,17925元/平米,东北,低楼层,简装,双流区, 板楼, 3个月前
781,半岛云著,90万,4室2厅1卫, 129.15平米 ,6969元/平米,东南,中楼层,毛坯,新都区, 板楼, 1年前
782,御源大湖区,130万,3室1厅1卫, 120.94平米 ,10741元/平米,南,低楼层,精装,龙泉驿区, 塔楼, 11个月前
783,中铁丽景书香,90万,3室2厅1卫, 87.14平米 ,10329元/平米,东北,中楼层,毛坯,温江区, 板塔结合, 4个月前
784,天来汇景,124万,3室2厅2卫, 88.22平米 ,14000元/平米,西北,高楼层,精装,温江区, 板塔结合, 9个月前
785,天投东鑫苑云熙,340万,4室2厅1卫, 207.38平米 ,16396元/平米,西北,高楼层,毛坯,天府新区, 板楼, 8个月前
786,柳河苑,64万,3室2厅1卫, 89.11平米 ,7183元/平米,西南,中楼层,简装,温江区, 板塔结合, 26天前
787,东环路38号,33万,2室2厅3卫, 87.97平米 ,3752元/平米,南,高楼层,简装,新都区, 板塔结合, 1个月前
788,航天大院,36万,2室1厅3卫, 62.4平米 ,5770元/平米,北,高楼层,其他,温江区, 板楼, 7个月前
789,西线阳光,93万,2室2厅2卫, 87.32平米 ,10651元/平米,西北,低楼层,简装,金牛区, 板楼, 7个月前
790,棕北国际,60万,1室0厅1卫, 36.24平米 ,16557元/平米,南,中楼层,其他,武侯区, 塔楼, 1年前
791,昊园江南壹品,68万,3室1厅1卫, 76.39平米 ,8902元/平米,东,高楼层,精装,龙泉驿区, 塔楼, 27天前
792,香域中央,75万,2室2厅1卫, 86.6平米 ,8661元/平米,东南,低楼层,精装,新都区, 塔楼, 25天前
793,百仁安盛,160万,3室2厅1卫, 136.95平米 ,11684元/平米,西北,低楼层,简装,金牛区, 板楼, 21天前
794,驿都城,105万,3室2厅1卫, 79.53平米 ,13203元/平米,东南,中楼层,简装,龙泉驿区, 塔楼, 5个月前
795,橙郡一期,209万,4室2厅1卫, 156.56平米 ,13350元/平米,东南,中楼层,毛坯,金牛区, 板楼, 5个月前
796,金恒德时代金悦,145万,4室2厅1卫, 103.81平米 ,13968元/平米,西南,低楼层,精装,温江区, 板塔结合, 4个月前
797,恒大西锦城,145万,2室2厅1卫, 87.22平米 ,16625元/平米,西南,低楼层,精装,金牛区, 塔楼, 5个月前
798,万科理想城四期未来城,174万,4室2厅1卫, 115.81平米 ,15008元/平米,西南,低楼层,精装,郫都区, 板塔结合, 6个月前
799,万科理想城二期·树院,138万,3室2厅3卫, 85.22平米 ,16194元/平米,西南,高楼层,精装,郫都区, 板塔结合, 7个月前
800,天府世家,615万,5室2厅1卫, 137.18平米 ,44832元/平米,东南,中楼层,精装,高新区, 板塔结合, 4个月前
801,盛世年华,152万,3室2厅1卫, 103.45平米 ,14694元/平米,东,低楼层,简装,青羊区, 塔楼, 10个月前
802,蜀都新城,83万,3室2厅1卫, 127.93平米 ,6488元/平米,南,中楼层,简装,郫都区, 板楼, 1年前
803,新鸿基悦城,274万,3室2厅2卫, 142.19平米 ,19270元/平米,南,低楼层,精装,天府新区, 板塔结合, 11个月前
804,绿地新城新里桃溪川,145万,3室2厅2卫, 134.69平米 ,10766元/平米,西南,低楼层,精装,龙泉驿区, 板楼, 7个月前
805,堰山和畔4期,90万,3室1厅1卫, 120.13平米 ,7484元/平米,东南,低楼层,精装,都江堰市, 塔楼, 2个月前
806,锦辰佳苑,98万,2室1厅1卫, 52.84平米 ,18547元/平米,西,中楼层,精装,高新区, 塔楼, 8个月前
807,水岸天城,90万,3室2厅1卫, 121.71平米 ,7379元/平米,西北,高楼层,精装,郫都区, 板楼, 11个月前
808,花样年美岸,245万,3室2厅1卫, 87.61平米 ,27965元/平米,北,中楼层,精装,高新区, 板塔结合, 5个月前
809,成都建筑材料工业设计研究院,125万,3室1厅1卫, 100.18平米 ,12458元/平米,南,中楼层,其他,成华区, 暂无数据, 4个月前
810,悦龙山,123万,3室1厅1卫, 88.52平米 ,13896元/平米,西北,中楼层,精装,龙泉驿区, 板塔结合, 7个月前
811,双玺,88万,2室1厅1卫, 48.19平米 ,18262元/平米,南,中楼层,简装,青羊区, 板塔结合, 1年前
812,华润公园九里,130万,3室2厅1卫, 94.47平米 ,13761元/平米,北,低楼层,简装,双流区, 板塔结合, 6个月前
813,天来汇景,124万,3室2厅2卫, 88.22平米 ,14000元/平米,西北,高楼层,精装,温江区, 板塔结合, 9个月前
814,王家塘街95号,95万,2室1厅1卫, 53.18平米 ,17864元/平米,东南,中楼层,毛坯,青羊区, 板楼, 28天前
815,双玺,88万,2室1厅1卫, 48.19平米 ,18262元/平米,南,中楼层,简装,青羊区, 板塔结合, 1年前
816,御源大湖区,130万,3室1厅1卫, 120.94平米 ,10741元/平米,南,低楼层,精装,龙泉驿区, 塔楼, 11个月前
817,电建洺悦府,270万,3室2厅2卫, 127.87平米 ,21116元/平米,西南,中楼层,简装,金牛区, 塔楼, 1个月前
818,河畔新世界,140万,2室2厅1卫, 94.46平米 ,14822元/平米,西南,低楼层,精装,天府新区, 塔楼, 6个月前
819,为民新居,132万,3室1厅1卫, 95.04平米 ,13889元/平米,东,高楼层,简装,金牛区, 塔楼, 2个月前
820,远大林语城,249万,4室1厅1卫, 143.01平米 ,17412元/平米,南,中楼层,毛坯,双流区, 板楼, 1个月前
821,边城香格里,140万,3室1厅1卫, 117.39平米 ,11927元/平米,东南,中楼层,精装,温江区, 板塔结合, 25天前
822,中国铁建国际城,99万,3室2厅1卫, 86.96平米 ,11385元/平米,东西,高楼层,精装,龙泉驿区, 板塔结合, 4个月前
823,远大都市风景四期,138万,3室2厅1卫, 74.3平米 ,18574元/平米,东南,中楼层,精装,高新区, 板塔结合, 3个月前
824,荣盛香堤荣府,146万,3室2厅1卫, 103.97平米 ,14043元/平米,西南,中楼层,精装,新都区, 板楼, 1个月前
825,合能橙中心,82万,3室1厅2卫, 76.71平米 ,10690元/平米,东南,中楼层,毛坯,郫都区, 塔楼, 1年前
826,嘉祥瑞庭南城,246万,3室2厅1卫, 96.7平米 ,25440元/平米,北,高楼层,精装,高新区, 塔楼, 1年前
827,鸿阁一号,102万,2室1厅2卫, 75.86平米 ,13446元/平米,东,中楼层,精装,高新区, 塔楼, 1年前
828,西城御景,83万,3室1厅1卫, 91.49平米 ,9073元/平米,南,低楼层,精装,郫都区, 板塔结合, 1年前
829,华天阳光,108万,2室1厅1卫, 89.57平米 ,12058元/平米,南,中楼层,精装,成华区, 塔楼, 6个月前
830,林庭叠院,207万,3室1厅1卫, 142.12平米 ,14566元/平米,西南,中楼层,毛坯,金牛区, 板楼, 1年前
831,上东一号二期,63万,1室1厅1卫, 51.35平米 ,12269元/平米,南,低楼层,简装,成华区, 板塔结合, 1年前
832,骑士郡,88万,2室2厅1卫, 71.08平米 ,12381元/平米,南,高楼层,简装,双流区, 塔楼, 1个月前
833,怡景城市花苑,89万,3室1厅2卫, 85.84平米 ,10369元/平米,东南,低楼层,其他,郫都区, 塔楼, 7个月前
834,中梁壹号院,210万,3室2厅1卫, 101.91平米 ,20607元/平米,南北,中楼层,精装,龙泉驿区, 板塔结合, 1年前
835,万科第五城四期,135万,3室2厅1卫, 92.51平米 ,14594元/平米,东,中楼层,简装,双流区, 板塔结合, 1年前
836,锦江城市花园一期,75万,2室1厅2卫, 48.67平米 ,15410元/平米,西南,中楼层,精装,锦江区, 板塔结合, 1年前
837,书香府邸二期英伦,125万,3室1厅1卫, 115.14平米 ,10857元/平米,东南,高楼层,简装,郫都区, 板楼, 1年前
838,保利香樟郡,76万,3室1厅1卫, 90.63平米 ,8386元/平米,西北,中楼层,精装,新都区, 板楼, 4个月前
839,幸福彼岸,115万,3室1厅1卫, 110.76平米 ,10338元/平米,西北,高楼层,精装,金牛区, 板塔结合, 1个月前
840,郫县百伦广场,68万,2室2厅2卫, 81.01平米 ,8395元/平米,西南,高楼层,精装,郫都区, 塔楼, 2个月前
841,南湖时光里,98万,2室2厅1卫, 77.87平米 ,12586元/平米,东北,中楼层,毛坯,双流区, 暂无数据, 7个月前
842,麦田国际社区,82万,3室2厅1卫, 83.82平米 ,9783元/平米,南,高楼层,简装,新都区, 板塔结合, 1个月前
843,花桥雅苑,35万,2室1厅1卫, 73.84平米 ,4740元/平米,南北,低楼层,毛坯,新津区, 板塔结合, 5个月前
844,三利麓山城本草荟,185万,3室2厅1卫, 109.35平米 ,16919元/平米,南,低楼层,精装,天府新区, 板塔结合, 1个月前
845,府河音乐花园,137万,3室2厅1卫, 125.38平米 ,10927元/平米,北南,高楼层,精装,天府新区, 板塔结合, 3个月前
846,招商雍华府一期,146万,2室2厅1卫, 87.44平米 ,16698元/平米,东南,中楼层,简装,成华区, 板塔结合, 1个月前
847,电建洺悦府,270万,3室2厅1卫, 127.87平米 ,21116元/平米,西南,中楼层,简装,金牛区, 塔楼, 1个月前
848,为民新居,132万,3室1厅1卫, 95.04平米 ,13889元/平米,东,高楼层,简装,金牛区, 塔楼, 2个月前
849,万鸿城市花园,49万,2室1厅1卫, 69.45平米 ,7027元/平米,东南,低楼层,简装,龙泉驿区, 板塔结合, 5个月前
850,洲际亚洲湾A区,149万,4室2厅1卫, 121.17平米 ,12297元/平米,南,中楼层,精装,温江区, 板塔结合, 1年前
851,兴元绿洲一期,131万,3室2厅1卫, 113.13平米 ,11580元/平米,西北,中楼层,精装,金牛区, 塔楼, 1年前
852,湖滨路123号,52万,3室2厅2卫, 119.5平米 ,4352元/平米,南,低楼层,简装,新都区, 暂无数据, 1年前
853,人居悦云庭,210万,4室1厅1卫, 160.78平米 ,13062元/平米,东南,中楼层,毛坯,新都区, 塔楼, 8个月前
854,优品道珑苑,108万,3室1厅2卫, 90平米 ,12000元/平米,东南,低楼层,其他,新都区, 板塔结合, 1年前
855,今阁公寓,42万,1室0厅2卫, 35.62平米 ,11792元/平米,西,低楼层,简装,金牛区, 板楼, 7个月前
856,芙华新大陆,70万,1室1厅1卫, 55.28平米 ,12627元/平米,东北,低楼层,精装,成华区, 塔楼, 2个月前
857,民兴苑,100万,2室1厅1卫, 80.26平米 ,12435元/平米,东南,中楼层,精装,成华区, 塔楼, 6个月前
858,东原亲亲里,94万,2室1厅1卫, 61.56平米 ,15270元/平米,西北,中楼层,其他,金牛区, 塔楼, 9个月前
859,一里阳光,75万,3室1厅1卫, 83.04平米 ,9032元/平米,西南,中楼层,其他,郫都区, 塔楼, 7个月前
860,世家东部时空,148万,3室2厅3卫, 92.3平米 ,16035元/平米,南,高楼层,精装,成华区, 塔楼, 1年前
861,华润置地理想之城,77万,3室2厅1卫, 113.63平米 ,6777元/平米,南,高楼层,其他,彭州市, 塔楼, 1个月前
862,乐视界广场,149万,4室2厅1卫, 124.98平米 ,11922元/平米,西北,高楼层,精装,郫都区, 板塔结合, 1年前
863,上东壹号丽景苑,138万,3室1厅2卫, 86.31平米 ,15989元/平米,南,中楼层,精装,成华区, 板塔结合, 5个月前
864,欣盛家园,125万,3室2厅1卫, 130.93平米 ,9548元/平米,西北,低楼层,精装,温江区, 板楼, 7个月前
865,锦东庭园,210万,3室2厅2卫, 91.66平米 ,22911元/平米,东南,中楼层,简装,锦江区, 板楼, 1个月前
866,凤凰1号•栖云湖,91万,4室2厅2卫, 138.73平米 ,6560元/平米,北,低楼层,毛坯,青白江区, 暂无数据, 8天前
867,西财学府尚郡,103万,4室1厅1卫, 126.7平米 ,8130元/平米,东南,低楼层,毛坯,温江区, 板楼, 7个月前
868,十二桥路16号附2号,68万,1室0厅3卫, 30.3平米 ,22443元/平米,西南,低楼层,简装,青羊区, 板楼, 15天前
869,恋日家园G区,112万,3室1厅1卫, 123.91平米 ,9039元/平米,东北,中楼层,简装,成华区, 板楼, 7个月前
870,雅居乐十里花巷,100万,3室2厅1卫, 99.81平米 ,10020元/平米,南,低楼层,简装,双流区, 板塔结合, 5个月前
871,镏金岁月,128万,1室1厅1卫, 53.11平米 ,24101元/平米,东,低楼层,精装,锦江区, 塔楼, 5个月前
872,西岸观邸,168万,3室1厅2卫, 92.87平米 ,18090元/平米,东南,高楼层,精装,金牛区, 板塔结合, 2个月前
873,香澜半岛,140万,2室1厅1卫, 84.87平米 ,16473元/平米,北,中楼层,精装,成华区, 板塔结合, 10个月前
874,雅砻阳光花园,95万,3室2厅1卫, 114.11平米 ,8326元/平米,东南,低楼层,毛坯,温江区, 塔楼, 10个月前
875,兴亿小区,86万,2室1厅2卫, 73.63平米 ,11681元/平米,南北,低楼层,简装,武侯区, 塔楼, 4个月前
876,燃灯寺北街29号,81万,3室2厅3卫, 68.92平米 ,11753元/平米,北,中楼层,精装,武侯区, 板楼, 1个月前
877,世茂城一期,95万,2室1厅1卫, 82.99平米 ,11448元/平米,南北,高楼层,精装,龙泉驿区, 板楼, 8个月前
878,雅居乐剑桥郡,132万,4室1厅2卫, 131.49平米 ,10039元/平米,西南,低楼层,精装,双流区, 板塔结合, 1个月前
879,中铁城鉴湖栖郡,93万,3室2厅1卫, 122.2平米 ,7611元/平米,东南,中楼层,毛坯,温江区, 板楼, 1年前
880,恒大御府,86万,3室1厅1卫, 121.01平米 ,7107元/平米,东南,高楼层,精装,新都区, 板楼, 1个月前
881,领都,109万,2室1厅2卫, 78.99平米 ,13774元/平米,东,中楼层,简装,成华区, 板塔结合, 2个月前
882,合能耀之城,108万,2室2厅1卫, 64.32平米 ,16792元/平米,南,中楼层,精装,成华区, 板塔结合, 1个月前
883,金山御景蓝湾,58万,3室1厅2卫, 104.57平米 ,5547元/平米,西南,高楼层,毛坯,龙泉驿区, 板楼, 8个月前
884,上霖东方,170万,3室2厅1卫, 119.38平米 ,14232元/平米,西北,高楼层,精装,成华区, 塔楼, 1年前
885,凤栖桐,139万,2室1厅1卫, 71.9平米 ,19333元/平米,南,高楼层,简装,青羊区, 塔楼, 8个月前
886,蓝光花满庭三期南区,108万,3室2厅1卫, 94.69平米 ,11406元/平米,西,高楼层,精装,新都区, 塔楼, 1年前
887,保利天空之城云琅,345万,4室1厅1卫, 156.81平米 ,22002元/平米,南,中楼层,精装,天府新区, 暂无数据, 1个月前
888,天立广场,63万,2室1厅1卫, 72.67平米 ,8670元/平米,东南,低楼层,精装,龙泉驿区, 板塔结合, 1个月前
889,融锦城,116万,2室1厅2卫, 65.38平米 ,17743元/平米,南,低楼层,精装,成华区, 塔楼, 3个月前
890,钢管厂五区,70万,2室1厅1卫, 57.49平米 ,12142元/平米,东南,中楼层,简装,双流区, 板楼, 1个月前
891,汇厦沙河锦庭二期,145万,2室1厅1卫, 67.23平米 ,21568元/平米,南,高楼层,精装,成华区, 板塔结合, 4个月前
892,通济巷27号,65万,3室2厅2卫, 72.95平米 ,8911元/平米,南,中楼层,毛坯,双流区, 暂无数据, 8个月前
893,锦江城市花园二期,130万,3室2厅1卫, 84.37平米 ,15409元/平米,东南,中楼层,精装,锦江区, 板塔结合, 8个月前
894,富力山水人家,88万,4室2厅1卫, 152.54平米 ,5769元/平米,东南,低楼层,简装,龙泉驿区, 板楼, 1年前
895,中铁塔米亚,83万,2室2厅1卫, 70.85平米 ,11715元/平米,西南,中楼层,精装,郫都区, 板塔结合, 6个月前
896,同善桥横街8号社区,80万,2室2厅2卫, 64.43平米 ,12417元/平米,南,中楼层,简装,青羊区, 板楼, 1个月前
897,金恒德时代金悦,119万,3室2厅1卫, 87.16平米 ,13654元/平米,南,低楼层,精装,温江区, 板塔结合, 4个月前
898,恒业星园,100万,2室2厅1卫, 78.77平米 ,12696元/平米,东,高楼层,简装,金牛区, 板塔结合, 1个月前
899,懋园国际商住城,168万,3室2厅1卫, 126.01平米 ,13333元/平米,南,高楼层,简装,金牛区, 板楼, 1年前
900,锦江城市花园3期,155万,3室1厅1卫, 84.88平米 ,18262元/平米,东南,高楼层,精装,锦江区, 板塔结合, 1个月前
901,交大万嘉樟菊园,89万,3室2厅1卫, 104.84平米 ,8490元/平米,西北,中楼层,简装,郫都区, 板塔结合, 1年前
902,心愿花园二期,49万,1室1厅2卫, 47.98平米 ,10213元/平米,南,中楼层,精装,青羊区, 塔楼, 3个月前
903,天赋龙庭,83万,3室1厅2卫, 92.87平米 ,8916元/平米,南,中楼层,精装,龙泉驿区, 板塔结合, 4个月前
904,翰林南城,118万,3室1厅1卫, 113.87平米 ,10363元/平米,南,中楼层,精装,双流区, 板塔结合, 1个月前
905,青华路20号,110万,3室1厅2卫, 76.2平米 ,14436元/平米,南北,中楼层,简装,青羊区, 板楼, 1个月前
906,保利天屿一期,285万,4室2厅1卫, 107.06平米 ,26621元/平米,东南,中楼层,毛坯,天府新区, 板楼, 1个月前
907,香槟城,105万,3室2厅2卫, 93.02平米 ,11288元/平米,北,中楼层,精装,龙泉驿区, 板塔结合, 3个月前
908,棕榈南岸,192万,3室2厅1卫, 139.39平米 ,13775元/平米,南,中楼层,简装,高新区, 板楼, 4个月前
909,机车馨苑,84万,2室1厅1卫, 72.18平米 ,11638元/平米,南,中楼层,简装,成华区, 板楼, 6个月前
910,阳光华苑,158万,3室2厅1卫, 108.07平米 ,14621元/平米,西,中楼层,毛坯,天府新区, 板楼, 2个月前
911,龙湖弗莱明戈一期,115万,3室2厅2卫, 91.73平米 ,12537元/平米,西南,高楼层,精装,郫都区, 塔楼, 4个月前
912,绿地国际花都三期,81万,3室2厅2卫, 83.1平米 ,9700元/平米,西南,高楼层,简装,郫都区, 塔楼, 5个月前
913,金沙愉景二期,175万,3室2厅2卫, 90.18平米 ,19406元/平米,东南,低楼层,精装,青羊区, 板塔结合, 5个月前
914,首钢蓉城里,150万,3室2厅1卫, 99.69平米 ,15027元/平米,西南,高楼层,毛坯,成华区, 板塔结合, 1年前
915,鑫苑鑫都汇,130万,3室2厅4卫, 73.85平米 ,17604元/平米,西北,中楼层,精装,天府新区, 板塔结合, 8个月前
916,麓山国际云曦台,175万,3室2厅1卫, 100.41平米 ,17429元/平米,南,高楼层,毛坯,天府新区, 板楼, 1年前
917,大城际,165万,3室2厅1卫, 118.37平米 ,13940元/平米,南北,高楼层,简装,高新区, 板塔结合, 3个月前
918,学府苑(新都),62万,2室1厅2卫, 87.36平米 ,7086元/平米,西,中楼层,精装,新都区, 板楼, 3个月前
919,戛纳湾金棕榈,140万,3室2厅4卫, 94.46平米 ,14822元/平米,西南,高楼层,毛坯,天府新区, 板塔结合, 4个月前
920,锦龙云府,132万,2室1厅1卫, 80平米 ,16500元/平米,东西,高楼层,精装,高新区, 塔楼, 8个月前
921,鑫苑名家二期,95万,2室1厅1卫, 64平米 ,14844元/平米,东南,中楼层,精装,锦江区, 板塔结合, 1年前
922,香年广场,86万,1室1厅1卫, 28.11平米 ,30595元/平米,东,低楼层,精装,高新区, 塔楼, 1年前
923,派克公馆,54万,1室1厅1卫, 58.17平米 ,9198元/平米,东南,低楼层,精装,郫都区, 塔楼, 1年前
924,麓山国际云曦台,175万,3室2厅1卫, 110.05平米 ,15902元/平米,南北,中楼层,精装,天府新区, 塔楼, 8个月前
925,万科第五城二期,119万,3室2厅2卫, 78.11平米 ,15235元/平米,西,中楼层,精装,双流区, 板塔结合, 4个月前
926,香槟城,59万,2室1厅1卫, 62.54平米 ,9434元/平米,东,低楼层,毛坯,龙泉驿区, 板塔结合, 5个月前
927,麓山国际悦庭,150万,3室2厅1卫, 83.12平米 ,18047元/平米,东南,中楼层,精装,天府新区, 塔楼, 5个月前
928,和信香榭澜郡,69万,2室1厅2卫, 73.31平米 ,9413元/平米,南,中楼层,毛坯,新都区, 板塔结合, 30天前
929,中德英伦联邦C区,220万,3室1厅1卫, 105.6平米 ,20834元/平米,东南,高楼层,精装,高新区, 板塔结合, 3个月前
930,国栋南园五星城,57万,1室1厅1卫, 49.29平米 ,11565元/平米,东南,高楼层,精装,双流区, 板楼, 1个月前
931,温哥华花园六期,106万,3室2厅2卫, 101.2平米 ,10475元/平米,南北,高楼层,毛坯,双流区, 塔楼, 6个月前
932,恒大御龙天峰,72万,3室1厅2卫, 94.27平米 ,7638元/平米,东南,低楼层,其他,龙泉驿区, 板塔结合, 2个月前
933,蓝光花满庭一期,175万,3室2厅1卫, 110.66平米 ,15815元/平米,南,低楼层,精装,金牛区, 板塔结合, 1个月前
934,华府世家,115万,2室1厅1卫, 65.25平米 ,17625元/平米,东,低楼层,其他,青羊区, 塔楼, 1个月前
935,三和花园,166万,3室2厅1卫, 134.97平米 ,12300元/平米,西南,中楼层,精装,金牛区, 板塔结合, 1个月前
936,中房学府海棠一期,103万,3室2厅2卫, 87.85平米 ,11725元/平米,东南,中楼层,精装,郫都区, 塔楼, 1年前
937,民福苑,57万,4室2厅1卫, 156.75平米 ,3624元/平米,南,高楼层,精装,崇州市, 暂无数据, 1个月前
938,华润龙湾御府,128万,3室1厅2卫, 112.06平米 ,11423元/平米,西南,高楼层,精装,金牛区, 板塔结合, 2个月前
939,金沙柏林郡,142万,3室2厅2卫, 86.25平米 ,16464元/平米,西南,中楼层,精装,青羊区, 板塔结合, 8个月前
940,万科城,115万,3室2厅1卫, 77.68平米 ,14805元/平米,东北,低楼层,精装,郫都区, 板塔结合, 3个月前
941,花香龙都,112万,3室2厅1卫, 123.03平米 ,9104元/平米,南,中楼层,精装,龙泉驿区, 塔楼, 1年前
942,南湖世纪,153万,3室1厅1卫, 90.95平米 ,16823元/平米,北,中楼层,精装,双流区, 塔楼, 4个月前
943,蓝光观岭国际社区翡翠湾,66万,4室1厅2卫, 118.72平米 ,5543元/平米,西南,低楼层,精装,金堂县, 板塔结合, 5个月前
944,神仙树缤纷,110万,2室1厅1卫, 62.25平米 ,17671元/平米,东南,中楼层,精装,新都区, 塔楼, 2个月前
945,俊发时光俊园,148万,2室1厅1卫, 69.8平米 ,21204元/平米,东,中楼层,精装,青羊区, 塔楼, 2个月前
946,鼓楼南街100号,90万,2室2厅1卫, 72.59平米 ,12399元/平米,西北,中楼层,简装,青羊区, 板楼, 1年前
947,西延锦绣,238万,3室2厅2卫, 152.38平米 ,15619元/平米,西南,中楼层,精装,金牛区, 板楼, 3个月前
948,清水路苑,145万,3室2厅1卫, 89.22平米 ,16252元/平米,北,高楼层,精装,青羊区, 板塔结合, 1个月前
949,雅居乐星徽城,78万,3室2厅2卫, 101.28平米 ,7702元/平米,西南,高楼层,精装,青白江区, 塔楼, 1年前
950,中央花园二期,91万,3室1厅1卫, 91.3平米 ,9968元/平米,南,中楼层,简装,武侯区, 板塔结合, 1个月前
951,沙河壹号一期,160万,3室1厅1卫, 88.93平米 ,17992元/平米,南,中楼层,精装,锦江区, 塔楼, 1年前
952,长虹和悦府,152万,3室1厅1卫, 75.1平米 ,20240元/平米,东,低楼层,精装,青羊区, 板塔结合, 1个月前
953,宗申赛纳维,29万,1室1厅1卫, 48.68平米 ,5958元/平米,东,中楼层,精装,双流区, 板塔结合, 5个月前
954,中德英伦世邦K区,226万,3室2厅1卫, 91.17平米 ,24789元/平米,西南,中楼层,精装,高新区, 板塔结合, 3个月前
955,兴城人居瑞云府,95万,3室1厅1卫, 118.98平米 ,7985元/平米,东南,高楼层,其他,青白江区, 板塔结合, 6个月前
956,泰合新光华府,80万,2室2厅1卫, 74.09平米 ,10798元/平米,东北,中楼层,其他,温江区, 板塔结合, 1个月前
957,海科名城,83万,3室1厅4卫, 90.64平米 ,9158元/平米,东北,中楼层,简装,温江区, 塔楼, 1年前
958,鸿阁一号,95万,1室1厅1卫, 59.11平米 ,16072元/平米,南,中楼层,精装,高新区, 塔楼, 1个月前
959,果壳里的城,115万,2室2厅2卫, 79.36平米 ,14491元/平米,南北,高楼层,精装,龙泉驿区, 塔楼, 2个月前
960,花样年花样城,55万,2室1厅1卫, 79.55平米 ,6914元/平米,南,中楼层,精装,温江区, 板塔结合, 1年前
961,新界五期,205万,3室2厅1卫, 89.13平米 ,23001元/平米,东北,中楼层,简装,武侯区, 塔楼, 6个月前
962,观城,280万,3室2厅1卫, 88.18平米 ,31754元/平米,东西,高楼层,精装,成华区, 板楼, 7个月前
963,温资金港华府,98万,2室2厅1卫, 89.1平米 ,10999元/平米,南,中楼层,精装,双流区, 塔楼, 8个月前
964,合能珍宝琥珀3期,108万,3室1厅1卫, 79.76平米 ,13541元/平米,西,中楼层,精装,温江区, 塔楼, 3个月前
965,宏达世纪锦城,216万,4室1厅1卫, 123.98平米 ,17423元/平米,西南,低楼层,精装,天府新区, 塔楼, 30天前
966,宏达世纪锦城,199万,4室2厅2卫, 123.33平米 ,16136元/平米,西南,高楼层,简装,天府新区, 板塔结合, 2个月前
967,合能耀之城,108万,2室2厅1卫, 64.32平米 ,16792元/平米,南,中楼层,精装,成华区, 板塔结合, 1个月前
968,合兴路144号,49万,3室1厅1卫, 86平米 ,5698元/平米,东南,中楼层,其他,郫都区, 板塔结合, 1个月前
969,傲城,78万,2室2厅1卫, 70.27平米 ,11101元/平米,东北,低楼层,精装,郫都区, 板塔结合, 3个月前
970,锦江逸家,198万,3室2厅1卫, 74.71平米 ,26503元/平米,东北,低楼层,简装,锦江区, 塔楼, 1年前
971,武城大观城市花园一期,125万,3室1厅1卫, 118.64平米 ,10537元/平米,北,低楼层,简装,成华区, 板楼, 1年前
972,榕树岭,68万,2室2厅1卫, 74.82平米 ,9089元/平米,东,中楼层,简装,温江区, 板塔结合, 3个月前
973,鑫苑名家二期,95万,2室1厅1卫, 64平米 ,14844元/平米,东南,中楼层,精装,锦江区, 板塔结合, 1年前
974,香年广场,86万,1室1厅2卫, 28.11平米 ,30595元/平米,东,低楼层,精装,高新区, 塔楼, 1年前
975,派克公馆,54万,1室1厅2卫, 58.17平米 ,9198元/平米,东南,低楼层,精装,郫都区, 塔楼, 1年前
976,青华路20号,110万,3室1厅1卫, 76.2平米 ,14436元/平米,南北,中楼层,简装,青羊区, 板楼, 1个月前
977,上霖东方,170万,3室2厅1卫, 119.38平米 ,14232元/平米,西北,高楼层,精装,成华区, 塔楼, 1年前
978,天赋龙庭,83万,3室1厅1卫, 92.87平米 ,8916元/平米,南,中楼层,精装,龙泉驿区, 板塔结合, 4个月前
979,保利天空之城云琅,345万,4室1厅2卫, 156.81平米 ,22002元/平米,南,中楼层,精装,天府新区, 暂无数据, 1个月前
980,心愿花园二期,49万,1室1厅1卫, 47.98平米 ,10213元/平米,南,中楼层,精装,青羊区, 塔楼, 3个月前
981,龙舟路60号,115万,3室1厅1卫, 107.74平米 ,10674元/平米,东南,中楼层,简装,双流区, 板塔结合, 4个月前
982,空港十六区,99万,2室1厅1卫, 77.7平米 ,12703元/平米,南,高楼层,精装,双流区, 板塔结合, 1个月前
983,御嶺春天,110万,3室2厅1卫, 106.05平米 ,10373元/平米,东南,低楼层,精装,龙泉驿区, 塔楼, 5个月前
984,百合园,110万,3室2厅1卫, 124.13平米 ,8862元/平米,南,中楼层,简装,双流区, 板楼, 6个月前
985,派克公馆,72万,2室1厅1卫, 69.97平米 ,10291元/平米,东南,低楼层,简装,郫都区, 塔楼, 1年前
986,保利公园198百合郡,110万,4室2厅1卫, 134.74平米 ,8164元/平米,北,低楼层,简装,新都区, 板塔结合, 1年前
987,人居锦尚春天B区,140万,3室2厅2卫, 90.72平米 ,15422元/平米,东南,中楼层,精装,锦江区, 塔楼, 1年前
988,东原亲亲里,146万,3室2厅2卫, 82.31平米 ,17738元/平米,西南,中楼层,精装,金牛区, 塔楼, 1个月前
989,置信学府杏林一期,65万,2室1厅3卫, 103.11平米 ,6304元/平米,东南,低楼层,简装,温江区, 板塔结合, 1年前
990,和贵久居福,108万,3室2厅1卫, 83.61平米 ,12918元/平米,南,低楼层,简装,双流区, 塔楼, 1个月前
991,双楠回归线,112万,2室1厅1卫, 84.02平米 ,13331元/平米,西北,中楼层,精装,武侯区, 板楼, 3个月前
992,雅居乐剑桥郡,103万,3室2厅1卫, 90.55平米 ,11375元/平米,南,中楼层,精装,双流区, 板塔结合, 6个月前
993,俊发时光俊园,258万,3室2厅1卫, 109.37平米 ,23590元/平米,东,中楼层,精装,青羊区, 塔楼, 1年前
994,顺江小区一期,60万,2室1厅1卫, 71.83平米 ,8326元/平米,南,中楼层,其他,郫都区, 板楼, 1个月前
995,爱家馨城,129万,2室2厅2卫, 85.6平米 ,15071元/平米,西北,中楼层,简装,武侯区, 板塔结合, 5个月前
996,蓝润睿城,67万,2室1厅1卫, 72.28平米 ,9256元/平米,东南,中楼层,简装,温江区, 塔楼, 1个月前
997,世茂城四期,110万,3室1厅1卫, 81.08平米 ,13567元/平米,东北,中楼层,毛坯,龙泉驿区, 塔楼, 2个月前
998,蓝光公园华府,200万,4室1厅1卫, 123.15平米 ,16241元/平米,南,高楼层,精装,龙泉驿区, 板塔结合, 1年前
999,华润橡树湾B区,102万,3室2厅1卫, 77.93平米 ,13089元/平米,西北,低楼层,精装,郫都区, 板塔结合, 6个月前
1000,中房优山PLUS,815万,4室2厅1卫, 350.55平米 ,23254元/平米,东北,中楼层,精装,锦江区, 板塔结合, 2个月前
1001,翠朗园,62万,3室1厅1卫, 82.86平米 ,7471元/平米,东南,中楼层,其他,都江堰市, 暂无数据, 2个月前
1002,中铁骑士公馆,290万,4室2厅1卫, 102.55平米 ,28279元/平米,南,低楼层,精装,新武侯区, 板塔结合, 1个月前
1003,万科理想城四期未来城,199万,4室2厅2卫, 116.33平米 ,17107元/平米,南,中楼层,精装,郫都区, 板塔结合, 8个月前
1004,棠中路一段62号,80万,3室1厅1卫, 118.38平米 ,6750元/平米,南,高楼层,精装,双流区, 板楼, 7个月前
1005,和信孔雀天成,124万,3室1厅1卫, 105.99平米 ,11653元/平米,东南,低楼层,精装,温江区, 板塔结合, 4个月前
1006,傲城,78万,2室2厅1卫, 70.27平米 ,11101元/平米,东北,低楼层,精装,郫都区, 板塔结合, 3个月前
1007,锦江逸家,198万,3室2厅1卫, 74.71平米 ,26503元/平米,东北,低楼层,简装,锦江区, 塔楼, 1年前
1008,宏达世纪锦城,216万,4室1厅1卫, 123.98平米 ,17423元/平米,西南,低楼层,精装,天府新区, 塔楼, 30天前
1009,榕树岭,68万,2室2厅1卫, 74.82平米 ,9089元/平米,东,中楼层,简装,温江区, 板塔结合, 3个月前
1010,宏达世纪锦城,199万,4室2厅2卫, 123.33平米 ,16136元/平米,西南,高楼层,简装,天府新区, 板塔结合, 2个月前
1011,武城大观城市花园一期,125万,3室1厅2卫, 118.64平米 ,10537元/平米,北,低楼层,简装,成华区, 板楼, 1年前
1012,万科理想城三期·星河,145万,3室1厅1卫, 85.17平米 ,17025元/平米,东南,低楼层,其他,郫都区, 塔楼, 1个月前
1013,博雅新城C区,75万,3室1厅2卫, 88.95平米 ,8432元/平米,南,低楼层,精装,新都区, 板塔结合, 1年前
1014,缤纷翠微湖,62万,2室2厅1卫, 60.45平米 ,10257元/平米,南,高楼层,简装,新都区, 塔楼, 1年前
1015,合兴路144号,49万,3室1厅1卫, 86平米 ,5698元/平米,东南,中楼层,其他,郫都区, 板塔结合, 1个月前
1016,恒大西锦城,132万,2室2厅1卫, 89.12平米 ,14812元/平米,南,低楼层,简装,金牛区, 塔楼, 5个月前
1017,雄飞生活广场,110万,3室2厅1卫, 93.11平米 ,11814元/平米,东,高楼层,精装,龙泉驿区, 板塔结合, 3个月前
1018,芙华新大陆,129万,3室1厅1卫, 119.01平米 ,10840元/平米,北,中楼层,简装,成华区, 塔楼, 1年前
1019,明阳家在回廊,105万,2室2厅1卫, 76.9平米 ,13655元/平米,东南,中楼层,精装,金牛区, 板楼, 1年前
1020,江华社区,53万,2室1厅1卫, 82.35平米 ,6436元/平米,南,高楼层,其他,龙泉驿区, 板楼, 1个月前
1021,香山半岛,140万,2室1厅1卫, 89.59平米 ,15627元/平米,南,低楼层,精装,天府新区, 塔楼, 1个月前
1022,温资金港华府,130万,2室1厅1卫, 96.05平米 ,13535元/平米,西,低楼层,精装,双流区, 塔楼, 5个月前
1023,锦和康城▪锦绣苑,72万,2室1厅1卫, 59.14平米 ,12175元/平米,东,中楼层,简装,锦江区, 塔楼, 8个月前
1024,水韵尚城,145万,4室1厅1卫, 179.09平米 ,8097元/平米,南,低楼层,精装,温江区, 板塔结合, 31天前
1025,荣盛花语城,210万,3室1厅1卫, 87.73平米 ,23938元/平米,南北,中楼层,精装,青羊区, 塔楼, 1个月前
1026,万科金色城品,132万,3室2厅1卫, 87.12平米 ,15152元/平米,南,中楼层,精装,龙泉驿区, 板楼, 7个月前
1027,鑫苑名家一期,85万,2室2厅2卫, 62.7平米 ,13557元/平米,东南,高楼层,精装,锦江区, 塔楼, 6个月前
1028,清凤时代城,256万,3室1厅1卫, 99.41平米 ,25752元/平米,北,中楼层,精装,高新区, 板塔结合, 2个月前
1029,泉水人家,51万,1室2厅1卫, 52.4平米 ,9733元/平米,南,低楼层,简装,金牛区, 板楼, 4个月前
1030,保利香樟郡,76万,3室1厅1卫, 90.63平米 ,8386元/平米,西北,中楼层,精装,新都区, 板楼, 4个月前
1031,锦江城市花园一期,75万,2室1厅2卫, 48.67平米 ,15410元/平米,西南,中楼层,精装,锦江区, 板塔结合, 1年前
1032,书香府邸二期英伦,125万,3室1厅1卫, 115.14平米 ,10857元/平米,东南,高楼层,简装,郫都区, 板楼, 1年前
1033,中梁壹号院,210万,3室2厅1卫, 101.91平米 ,20607元/平米,南北,中楼层,精装,龙泉驿区, 板塔结合, 1年前
1034,南湖时光里,98万,2室2厅1卫, 77.87平米 ,12586元/平米,东北,中楼层,毛坯,双流区, 暂无数据, 7个月前
1035,正成城市乐章,153万,3室2厅1卫, 89.24平米 ,17145元/平米,东,中楼层,简装,武侯区, 板楼, 9个月前
1036,沙河壹号二期,171万,3室2厅1卫, 91.1平米 ,18771元/平米,西北,中楼层,精装,锦江区, 塔楼, 1年前
1037,时代水岸康城,83万,4室2厅1卫, 90.35平米 ,9187元/平米,西南,高楼层,精装,郫都区, 板塔结合, 7个月前
1038,佳兆业悦府,74万,4室1厅2卫, 125.88平米 ,5863元/平米,东南,中楼层,毛坯,青白江区, 板楼, 2个月前
1039,万科海悦汇城西区,105万,2室1厅1卫, 57.05平米 ,18405元/平米,南,低楼层,简装,天府新区, 塔楼, 3个月前
1040,金强大学城,71万,3室2厅1卫, 96.18平米 ,7382元/平米,东南,低楼层,简装,温江区, 塔楼, 1年前
1041,大成天府景秀一三期,120万,3室2厅1卫, 114.39平米 ,10491元/平米,西南,低楼层,精装,双流区, 板楼, 1个月前
1042,空港星品地,42万,1室1厅1卫, 40.18平米 ,10453元/平米,东南,中楼层,其他,双流区, 板塔结合, 1个月前
1043,湟普国际,119万,2室2厅1卫, 87.75平米 ,13562元/平米,西南,高楼层,精装,温江区, 板塔结合, 2个月前
1044,傲城,126万,3室1厅1卫, 98.37平米 ,12809元/平米,西南,低楼层,精装,郫都区, 板塔结合, 25天前
1045,银丰园二区,72万,5室2厅1卫, 184.96平米 ,3893元/平米,西南,中楼层,简装,郫都区, 板楼, 4个月前
1046,洲际春天广场,125万,3室2厅1卫, 108.24平米 ,11549元/平米,南北,中楼层,毛坯,温江区, 板塔结合, 3个月前
1047,香城名都,62万,2室2厅1卫, 79.18平米 ,7831元/平米,西,中楼层,简装,新都区, 板楼, 1年前
1048,恒大名都,125万,2室2厅1卫, 84.92平米 ,14720元/平米,北南,高楼层,精装,天府新区, 塔楼, 1个月前
1049,合能枫丹铂麓三期,210万,4室2厅1卫, 141.87平米 ,14803元/平米,南,低楼层,毛坯,天府新区, 板楼, 1年前
1050,合景格林春天,74万,3室2厅1卫, 111.1平米 ,6652元/平米,南,中楼层,精装,新都区, 板楼, 3个月前
1051,心愿花园二期,55万,1室1厅1卫, 48.07平米 ,11442元/平米,东南,中楼层,精装,青羊区, 塔楼, 3个月前
1052,国一梦巢,291万,5室2厅1卫, 156.16平米 ,18603元/平米,东北,高楼层,精装,青羊区, 塔楼, 1个月前
1053,锦青苑,126万,3室1厅1卫, 115.26平米 ,10932元/平米,南,中楼层,简装,青羊区, 板楼, 1个月前
1054,沙河北岸,97万,3室2厅1卫, 98.07平米 ,9840元/平米,南,高楼层,简装,成华区, 板楼, 4个月前
1055,西南电力设计院小区,133万,3室2厅1卫, 88.92平米 ,14958元/平米,南,中楼层,简装,成华区, 板楼, 1年前
1056,中华名园三期D区,182万,2室1厅1卫, 87.58平米 ,20782元/平米,西南,低楼层,简装,武侯区, 板楼, 1个月前
1057,锦苑三期,152万,4室2厅1卫, 156.23平米 ,9730元/平米,东南,低楼层,毛坯,郫都区, 板塔结合, 1年前
1058,三都汇朝外,150万,3室2厅2卫, 96.13平米 ,15604元/平米,南北,低楼层,精装,双流区, 塔楼, 1年前
1059,府河音乐花园,139万,3室2厅1卫, 122.73平米 ,11326元/平米,东西,高楼层,精装,天府新区, 板塔结合, 2个月前
1060,翡翠城四期,148万,2室2厅3卫, 85.21平米 ,17369元/平米,西北,中楼层,其他,锦江区, 板塔结合, 5个月前
1061,欧洲印象,125万,3室2厅4卫, 88.57平米 ,14114元/平米,北,中楼层,精装,双流区, 板塔结合, 3个月前
1062,和信孔雀天成,90万,2室1厅2卫, 80.75平米 ,11121元/平米,东南,高楼层,简装,温江区, 板塔结合, 1年前
1063,鲁能公馆2区,255万,3室2厅1卫, 106.75平米 ,23888元/平米,南北,中楼层,毛坯,成华区, 塔楼, 4个月前
1064,成外雅庭,110万,3室2厅1卫, 125.42平米 ,8731元/平米,西北,中楼层,简装,郫都区, 塔楼, 5个月前
1065,渥嘉郡,78万,3室2厅1卫, 103.14平米 ,7544元/平米,西,高楼层,简装,新都区, 塔楼, 3个月前
1066,锦尚阳光,125万,3室2厅1卫, 103.22平米 ,12111元/平米,南,低楼层,精装,双流区, 板楼, 2个月前
1067,雅颂居二期,366万,3室2厅1卫, 119.48平米 ,30633元/平米,东南,高楼层,简装,高新区, 板塔结合, 3个月前
1068,南棠蜜邸,68万,1室1厅1卫, 45.9平米 ,14706元/平米,东南,中楼层,简装,武侯区, 塔楼, 1个月前
1069,融创南湖逸家,140万,3室1厅1卫, 84.65平米 ,16527元/平米,东南,低楼层,简装,双流区, 板塔结合, 1个月前
1070,锦江城市花园3期,155万,3室1厅1卫, 84.88平米 ,18262元/平米,东南,高楼层,精装,锦江区, 板塔结合, 1个月前
1071,锦和康城▪锦绣苑,72万,2室1厅2卫, 59.14平米 ,12175元/平米,东,中楼层,简装,锦江区, 塔楼, 8个月前
1072,水韵尚城,145万,4室1厅2卫, 179.09平米 ,8097元/平米,南,低楼层,精装,温江区, 板塔结合, 31天前
1073,南阳锦城,134万,3室2厅1卫, 110.29平米 ,12132元/平米,西,高楼层,精装,双流区, 板塔结合, 1年前
1074,自在轩,200万,3室2厅2卫, 95.07平米 ,21038元/平米,东南,高楼层,精装,锦江区, 板楼, 1年前
1075,凤凰林溪郡,160万,4室2厅1卫, 135.52平米 ,11799元/平米,南,中楼层,简装,温江区, 板塔结合, 28天前
1076,上东阳光三期,110万,3室2厅1卫, 103.39平米 ,10640元/平米,南,高楼层,简装,成华区, 塔楼, 1年前
1077,东原亲亲里,146万,3室2厅2卫, 82.31平米 ,17738元/平米,西南,中楼层,精装,金牛区, 塔楼, 1个月前
1078,雅居乐剑桥郡,103万,3室2厅1卫, 90.55平米 ,11375元/平米,南,中楼层,精装,双流区, 板塔结合, 6个月前
1079,派克公馆,72万,2室1厅1卫, 69.97平米 ,10291元/平米,东南,低楼层,简装,郫都区, 塔楼, 1年前
1080,人居锦尚春天B区,140万,3室2厅1卫, 90.72平米 ,15422元/平米,东南,中楼层,精装,锦江区, 塔楼, 1年前
1081,双楠回归线,112万,2室1厅1卫, 84.02平米 ,13331元/平米,西北,中楼层,精装,武侯区, 板楼, 3个月前
1082,空港十六区,99万,2室1厅1卫, 77.7平米 ,12703元/平米,南,高楼层,精装,双流区, 板塔结合, 1个月前
1083,御嶺春天,110万,3室2厅1卫, 106.05平米 ,10373元/平米,东南,低楼层,精装,龙泉驿区, 塔楼, 5个月前
1084,百合园,110万,3室2厅1卫, 124.13平米 ,8862元/平米,南,中楼层,简装,双流区, 板楼, 6个月前
1085,中海右岸,180万,3室1厅2卫, 94平米 ,19149元/平米,南,高楼层,精装,双流区, 板塔结合, 1个月前
1086,皇城公寓,165万,2室1厅2卫, 102.52平米 ,16095元/平米,南,中楼层,简装,锦江区, 板楼, 1年前
1087,新港国际花园,138万,3室1厅1卫, 90.06平米 ,15324元/平米,西,中楼层,简装,高新区, 塔楼, 2个月前
1088,融创NANO公馆,95万,2室1厅2卫, 50.88平米 ,18633元/平米,南,中楼层,精装,天府新区, 板塔结合, 6个月前
1089,恒德路6号,100万,3室2厅1卫, 94.6平米 ,10571元/平米,东,中楼层,简装,金牛区, 板楼, 1年前
1090,金地嘉年华城B区,338万,5室3厅1卫, 222.71平米 ,15177元/平米,东南,高楼层,精装,青羊区, 板楼, 6个月前
1091,三利麓山城春风里,135万,2室2厅1卫, 85.75平米 ,15744元/平米,北,中楼层,精装,天府新区, 板塔结合, 1年前
1092,合能珍宝玲珑,98万,3室2厅1卫, 85.15平米 ,11510元/平米,南,高楼层,精装,龙泉驿区, 塔楼, 5个月前
1093,湟普国际,113万,2室2厅2卫, 88.5平米 ,12769元/平米,北,高楼层,精装,温江区, 板塔结合, 6个月前
1094,星城银座,88万,1室0厅1卫, 28.6平米 ,30770元/平米,东,高楼层,简装,锦江区, 板塔结合, 1个月前
1095,万科第五城二期,135万,3室2厅1卫, 91.55平米 ,14747元/平米,南,高楼层,精装,双流区, 板塔结合, 8个月前
1096,湟普国际,130万,3室2厅1卫, 124.13平米 ,10473元/平米,南北,低楼层,精装,温江区, 板塔结合, 1年前
1097,铂金时代,92万,3室2厅3卫, 135.21平米 ,6805元/平米,东南,中楼层,简装,郫都区, 板塔结合, 1年前
1098,万科第五城四期,139万,3室1厅1卫, 92.99平米 ,14927元/平米,南,中楼层,精装,双流区, 板塔结合, 3个月前
1099,鲁能公馆2区,255万,3室2厅2卫, 106.11平米 ,24032元/平米,南北,中楼层,毛坯,成华区, 塔楼, 1年前
1100,两河锦地,82万,2室1厅1卫, 84.52平米 ,9702元/平米,西北,低楼层,其他,金牛区, 板楼, 7个月前
1101,都之都,57万,3室1厅1卫, 84.07平米 ,6721元/平米,东南,中楼层,精装,都江堰市, 板楼, 1个月前
1102,东景家园,125万,3室1厅1卫, 88.44平米 ,14134元/平米,东南,中楼层,简装,锦江区, 板楼, 1个月前
1103,方正东街22号,69万,2室1厅1卫, 66.7平米 ,10315元/平米,东南,中楼层,其他,青羊区, 平房, 1个月前
1104,实久花园,90万,3室2厅2卫, 117.77平米 ,7643元/平米,南,中楼层,精装,郫都区, 板楼, 3个月前
1105,天源佐岸,84万,3室2厅1卫, 120.83平米 ,6952元/平米,东南,中楼层,简装,都江堰市, 塔楼, 1个月前
1106,千和馨城,60万,1室1厅1卫, 49平米 ,12205元/平米,东南,中楼层,简装,金牛区, 塔楼, 1年前
1107,海科名城,80万,3室2厅2卫, 84.68平米 ,9448元/平米,南,中楼层,精装,温江区, 塔楼, 2个月前
1108,绿岛筑,95万,2室1厅1卫, 54.55平米 ,17416元/平米,西南,高楼层,精装,锦江区, 板塔结合, 2个月前
1109,万科海悦汇城东区,135万,3室1厅1卫, 105.32平米 ,12819元/平米,南,高楼层,精装,天府新区, 塔楼, 8个月前
1110,洲际春天广场,125万,3室2厅1卫, 108.24平米 ,11549元/平米,南北,中楼层,毛坯,温江区, 板塔结合, 3个月前
1111,金强大学城,100万,3室2厅1卫, 111.17平米 ,8996元/平米,东南,高楼层,精装,温江区, 板塔结合, 1个月前
1112,西城御景,95万,3室2厅1卫, 92.55平米 ,10265元/平米,东南,中楼层,其他,郫都区, 板塔结合, 2个月前
1113,银丰园二区,72万,5室2厅1卫, 184.96平米 ,3893元/平米,西南,中楼层,简装,郫都区, 板楼, 4个月前
1114,远大都市风景四期,138万,3室2厅1卫, 74.3平米 ,18574元/平米,东南,中楼层,精装,高新区, 板塔结合, 3个月前
1115,兴元华盛一期,128万,3室2厅1卫, 109.65平米 ,11674元/平米,东北,低楼层,精装,成华区, 板塔结合, 5个月前
1116,彩叠园1A期,90万,2室2厅1卫, 87.83平米 ,10248元/平米,南,中楼层,毛坯,温江区, 板塔结合, 4个月前
1117,中海兰庭,315万,3室2厅1卫, 123.84平米 ,25437元/平米,西,低楼层,精装,高新区, 板塔结合, 1年前
1118,花样年智荟城,66万,3室2厅1卫, 98.87平米 ,6676元/平米,东西,高楼层,精装,崇州市, 塔楼, 4个月前
1119,温哥华花园四期,65万,2室1厅1卫, 57.53平米 ,11299元/平米,南,中楼层,其他,双流区, 塔楼, 2个月前
1120,汉嘉国际,97万,3室2厅1卫, 92.04平米 ,10539元/平米,南,高楼层,毛坯,新都区, 板塔结合, 8个月前
1121,花样年华梦想家,43万,1室0厅2卫, 42.71平米 ,10068元/平米,南,中楼层,其他,武侯区, 塔楼, 4个月前
1122,万科海悦汇城西区,158万,3室2厅1卫, 104.97平米 ,15052元/平米,东南,低楼层,简装,天府新区, 塔楼, 8个月前
1123,时代水岸康城,83万,4室2厅2卫, 90.35平米 ,9187元/平米,西南,高楼层,精装,郫都区, 板塔结合, 7个月前
1124,沙河壹号二期,171万,3室2厅1卫, 91.1平米 ,18771元/平米,西北,中楼层,精装,锦江区, 塔楼, 1年前
1125,天府江南B区,78万,3室1厅1卫, 113.41平米 ,6878元/平米,东南,中楼层,简装,新都区, 板楼, 4个月前
1126,万科金色城品,110万,2室1厅1卫, 71.87平米 ,15306元/平米,西,中楼层,精装,龙泉驿区, 板楼, 3个月前
1127,华邑阳光里,150万,4室2厅1卫, 119.99平米 ,12502元/平米,西南,中楼层,毛坯,郫都区, 板塔结合, 3个月前
1128,金泉阳光畅新苑,48万,2室1厅1卫, 62.08平米 ,7732元/平米,西南,高楼层,简装,金牛区, 板塔结合, 1年前
1129,万科金域西岭,149万,2室2厅2卫, 90.84平米 ,16403元/平米,西南,低楼层,其他,金牛区, 板塔结合, 1个月前
1130,中建天府公馆,300万,3室2厅1卫, 112.56平米 ,26653元/平米,北,中楼层,精装,高新区, 板楼, 4个月前
1131,戛纳湾金棕榈,132万,3室2厅1卫, 91.82平米 ,14376元/平米,西,低楼层,简装,天府新区, 板塔结合, 9个月前
1132,世茂城二期,140万,3室1厅1卫, 88.52平米 ,15794元/平米,西,高楼层,精装,龙泉驿区, 板塔结合, 6个月前
1133,滨江和城,145万,3室1厅1卫, 84.75平米 ,17110元/平米,西北,低楼层,精装,天府新区, 板楼, 3个月前
1134,中铁诺德·观湖轩,136万,3室1厅1卫, 104.63平米 ,12999元/平米,东南,高楼层,毛坯,天府新区, 板塔结合, 8个月前
1135,二十一世纪花园四期,195万,3室2厅2卫, 135.77平米 ,14363元/平米,南,中楼层,简装,青羊区, 板楼, 1个月前
1136,中海锦江城花涧一期,235万,3室1厅1卫, 102.74平米 ,22874元/平米,南,高楼层,精装,天府新区, 板塔结合, 1年前
1137,中房蓝水湾,89万,2室1厅1卫, 60.77平米 ,14646元/平米,西南,高楼层,精装,成华区, 塔楼, 3个月前
1138,兴城丽景,53万,2室2厅1卫, 89.27平米 ,5938元/平米,东南,高楼层,精装,温江区, 板楼, 1个月前
1139,宏通苑,140万,3室2厅1卫, 123.48平米 ,11338元/平米,南,高楼层,简装,青羊区, 板楼, 1年前
1140,林溪康城,68万,3室2厅2卫, 80.47平米 ,8451元/平米,东北,高楼层,简装,龙泉驿区, 板塔结合, 1年前
1141,大同上郡,59万,3室2厅1卫, 117.11平米 ,5038元/平米,东,高楼层,精装,温江区, 板塔结合, 4个月前
1142,公园榕郡,120万,3室2厅1卫, 101.11平米 ,11869元/平米,南,中楼层,精装,郫都区, 板塔结合, 1年前
1143,嘉裕第六洲观澜云邸,50万,3室2厅1卫, 99.15平米 ,4993元/平米,南,低楼层,毛坯,崇州市, 板楼, 1个月前
1144,格林城,179万,3室2厅1卫, 107.43平米 ,16663元/平米,西,低楼层,精装,双流区, 板塔结合, 4个月前
1145,莲花逸都,139万,2室1厅1卫, 81.97平米 ,16958元/平米,东南,高楼层,简装,锦江区, 塔楼, 1年前
1146,桂王桥东街4号,142万,3室2厅1卫, 116.4平米 ,12200元/平米,南,低楼层,其他,锦江区, 板楼, 2个月前
1147,玉双路52号,125万,3室2厅1卫, 89.23平米 ,14009元/平米,东南,低楼层,简装,成华区, 塔楼, 1个月前
1148,保利天汇,184万,4室1厅1卫, 133.87平米 ,13745元/平米,南北,高楼层,毛坯,金牛区, 板楼, 4个月前
1149,万科金域蓝湾二期,185万,3室1厅1卫, 84.68平米 ,21847元/平米,东南,低楼层,简装,成华区, 塔楼, 4个月前
1150,诺金山,205万,4室1厅1卫, 148.81平米 ,13776元/平米,南,中楼层,简装,武侯区, 板塔结合, 8个月前
1151,朗基和今缘,270万,4室2厅1卫, 105.15平米 ,25678元/平米,南,高楼层,精装,高新区, 塔楼, 1年前
1152,合能枫丹西悦一二期,86万,3室2厅3卫, 102.91平米 ,8357元/平米,西南,高楼层,毛坯,温江区, 板塔结合, 1年前
1153,新城市广场,172万,3室1厅1卫, 85.79平米 ,20049元/平米,西南,高楼层,简装,青羊区, 板塔结合, 9个月前
1154,中国铁建北湖国际城二期,112万,3室2厅1卫, 81.79平米 ,13694元/平米,西,中楼层,其他,成华区, 板塔结合, 16天前
1155,浅水半岛三期,73万,1室1厅1卫, 42.46平米 ,17146元/平米,西南,低楼层,精装,成华区, 板塔结合, 1个月前
1156,中道街88号院,183万,3室1厅1卫, 87.71平米 ,20865元/平米,西南,中楼层,简装,锦江区, 板楼, 4个月前
1157,上锦美地,152万,2室1厅1卫, 87.97平米 ,17279元/平米,东南,低楼层,精装,锦江区, 板楼, 1年前
1158,恒大锦城,155万,3室2厅1卫, 116.99平米 ,13249元/平米,南北,高楼层,简装,成华区, 板塔结合, 6个月前
1159,石油苑,99万,3室1厅1卫, 77.76平米 ,12732元/平米,东南,中楼层,简装,成华区, 板楼, 1年前
1160,光明巷14号,119万,3室1厅1卫, 85.48平米 ,13922元/平米,南北,中楼层,简装,青羊区, 板楼, 1个月前
1161,锦西花园三期,98万,2室1厅1卫, 93.49平米 ,10483元/平米,南,中楼层,简装,金牛区, 板楼, 22天前
1162,万科朗润园,90万,2室2厅1卫, 84.95平米 ,10595元/平米,西南,中楼层,精装,温江区, 板塔结合, 1年前
1163,锦宏骏苑北区,188万,2室2厅1卫, 75.41平米 ,24931元/平米,东北,低楼层,简装,武侯区, 板楼, 8个月前
1164,金府花园,300万,3室1厅1卫, 130.63平米 ,22966元/平米,西,中楼层,精装,锦江区, 塔楼, 2个月前
1165,南纱帽街31号院,115万,2室1厅2卫, 56.3平米 ,20427元/平米,西南,高楼层,简装,锦江区, 板楼, 3个月前
1166,东升街90号,130万,3室0厅1卫, 69.4平米 ,18732元/平米,南,中楼层,简装,锦江区, 板塔结合, 2个月前
1167,恒大锦城,145万,3室2厅1卫, 104.85平米 ,13830元/平米,北,中楼层,简装,成华区, 板塔结合, 1年前
1168,照壁巷5号,75万,2室1厅3卫, 45.69平米 ,16415元/平米,东南,高楼层,简装,青羊区, 暂无数据, 1个月前
1169,锦西人家三区,116万,2室2厅1卫, 77.04平米 ,15058元/平米,东南,高楼层,精装,金牛区, 塔楼, 4个月前
1170,锦绣光华,94万,2室2厅1卫, 81.61平米 ,11519元/平米,南北,中楼层,简装,青羊区, 板楼, 10个月前
1171,新山复郡,35万,1室1厅1卫, 49.1平米 ,7129元/平米,西南,中楼层,毛坯,成华区, 塔楼, 5个月前
1172,碧桂园海德公园,119万,4室2厅1卫, 119.54平米 ,9955元/平米,西,高楼层,简装,双流区, 塔楼, 1年前
1173,东马道街22号,65万,2室1厅1卫, 60.95平米 ,10665元/平米,北,中楼层,简装,青羊区, 板楼, 3个月前
1174,卫民巷19号,79万,2室1厅1卫, 59.45平米 ,13289元/平米,南,中楼层,精装,青羊区, 板楼, 3个月前
1175,林溪康城,68万,3室2厅2卫, 80.47平米 ,8451元/平米,东北,高楼层,简装,龙泉驿区, 板塔结合, 1年前
1176,大同上郡,59万,3室2厅1卫, 117.11平米 ,5038元/平米,东,高楼层,精装,温江区, 板塔结合, 4个月前
1177,华润凯旋天地,165万,3室2厅3卫, 78.59平米 ,20996元/平米,西南,中楼层,其他,锦江区, 板塔结合, 2个月前
1178,锦尚天华,180万,3室1厅1卫, 86.58平米 ,20791元/平米,东,高楼层,精装,高新区, 板塔结合, 4个月前
1179,中德英伦世邦K区,248万,3室2厅1卫, 88.84平米 ,27916元/平米,东南,低楼层,精装,高新区, 塔楼, 1个月前
1180,汉嘉国际,97万,3室2厅1卫, 92.04平米 ,10539元/平米,南,高楼层,毛坯,新都区, 板塔结合, 8个月前
1181,花样年智荟城,66万,3室2厅1卫, 98.87平米 ,6676元/平米,东西,高楼层,精装,崇州市, 塔楼, 4个月前
1182,中德英伦世邦K区,208万,3室2厅3卫, 86.85平米 ,23950元/平米,北,中楼层,精装,高新区, 板塔结合, 2个月前
1183,温哥华花园四期,65万,2室1厅1卫, 57.53平米 ,11299元/平米,南,中楼层,其他,双流区, 塔楼, 2个月前
1184,汇融悉尼湾达令港,119万,3室1厅3卫, 99.22平米 ,11974元/平米,北,低楼层,精装,新都区, 板塔结合, 4个月前
1185,香满庭,148万,3室2厅1卫, 116.54平米 ,12700元/平米,南,中楼层,精装,新都区, 板楼, 2个月前
1186,天邑宏御花园御苑,119万,3室2厅1卫, 131.11平米 ,9077元/平米,西南,中楼层,其他,郫都区, 板楼, 2个月前
1187,置信丽都花园C区,274万,5室1厅1卫, 194.05平米 ,14100元/平米,东南,低楼层,简装,武侯区, 板楼, 4个月前
1188,万科第五城四期,126万,3室1厅1卫, 90.66平米 ,13899元/平米,北,高楼层,简装,双流区, 板塔结合, 2个月前
1189,富丽苑二期,75万,3室2厅1卫, 88.2平米 ,8481元/平米,东南,低楼层,精装,龙泉驿区, 板楼, 2个月前
1190,雄飞新园紫郡,130万,2室1厅1卫, 78.84平米 ,16477元/平米,东南,中楼层,精装,武侯区, 板塔结合, 1个月前
1191,紫荆园(问道路),33万,2室1厅2卫, 73.36平米 ,4499元/平米,东,中楼层,简装,都江堰市, 暂无数据, 6个月前
1192,华宇天府花城,62万,2室2厅2卫, 68.36平米 ,9053元/平米,西南,高楼层,简装,郫都区, 塔楼, 4个月前
1193,洲际春天广场,125万,3室2厅2卫, 108.24平米 ,11549元/平米,南北,中楼层,毛坯,温江区, 板塔结合, 3个月前
1194,金强大学城,100万,3室2厅1卫, 111.17平米 ,8996元/平米,东南,高楼层,精装,温江区, 板塔结合, 1个月前
1195,西城御景,95万,3室2厅2卫, 92.55平米 ,10265元/平米,东南,中楼层,其他,郫都区, 板塔结合, 2个月前
1196,中海右岸,180万,3室1厅1卫, 94平米 ,19149元/平米,南,高楼层,精装,双流区, 板塔结合, 1个月前
1197,水韵天府,120万,3室1厅1卫, 108.09平米 ,11102元/平米,东,高楼层,毛坯,金牛区, 板楼, 2个月前
1198,新景鼎南川宇,135万,3室2厅1卫, 73.96平米 ,18254元/平米,东北,低楼层,其他,高新区, 塔楼, 3个月前
1199,书香府邸二期英伦,86万,2室2厅1卫, 85.55平米 ,9995元/平米,西南,中楼层,精装,郫都区, 板塔结合, 5个月前
1200,中铁塔米亚,105万,3室2厅1卫, 86.49平米 ,12141元/平米,东北,中楼层,精装,郫都区, 板塔结合, 3个月前
1201,合能枫丹铂麓一期,136万,3室2厅2卫, 83.56平米 ,16276元/平米,东南,低楼层,精装,天府新区, 塔楼, 1年前
1202,上霖东方,58万,1室1厅1卫, 40.33平米 ,14382元/平米,西北,中楼层,简装,成华区, 板塔结合, 8个月前
1203,龙光玖龙府二期,68万,2室2厅2卫, 74.65平米 ,9110元/平米,南北,中楼层,精装,新津区, 暂无数据, 2个月前
1204,朗基御香,107万,3室2厅1卫, 77.42平米 ,13821元/平米,东南,高楼层,精装,郫都区, 塔楼, 1年前
1205,合能珍宝琥珀,88万,3室2厅1卫, 81.93平米 ,10741元/平米,东,低楼层,精装,温江区, 板塔结合, 6个月前
1206,蓝光东方天地,127万,3室1厅1卫, 65.4平米 ,19389元/平米,西北,高楼层,简装,成华区, 塔楼, 4个月前
1207,滨江和城,213万,3室2厅1卫, 111.36平米 ,19128元/平米,西,低楼层,精装,天府新区, 板塔结合, 1个月前
1208,中房蓝水湾,87万,2室1厅2卫, 62.2平米 ,13972元/平米,东南,高楼层,精装,成华区, 塔楼, 4个月前
1209,美洲花园棕榈湾,130万,2室1厅1卫, 78.4平米 ,16582元/平米,东北,高楼层,精装,新都区, 板楼, 2个月前
1210,溪桥苑小区一期,75万,3室1厅1卫, 122.22平米 ,6137元/平米,西南,低楼层,精装,新都区, 暂无数据, 1个月前
1211,金牛万达B组团,102万,2室1厅1卫, 57.73平米 ,17669元/平米,西南,中楼层,精装,金牛区, 塔楼, 8个月前
1212,中海右岸二期,125万,2室2厅1卫, 71.77平米 ,17417元/平米,北,中楼层,精装,双流区, 板塔结合, 3个月前
1213,郭家桥西街3号,112万,3室1厅2卫, 65.33平米 ,17144元/平米,南,低楼层,精装,武侯区, 板楼, 2个月前
1214,招商依云上城一期,74万,3室2厅1卫, 81.74平米 ,9017元/平米,北,低楼层,简装,龙泉驿区, 塔楼, 2个月前
1215,佰客郡,63万,2室1厅2卫, 62.22平米 ,10126元/平米,南,高楼层,简装,双流区, 板楼, 4个月前
1216,金辉悦府,81万,2室2厅5卫, 72.26平米 ,11210元/平米,东南,高楼层,精装,郫都区, 塔楼, 1个月前
1217,金强大学城,66万,3室2厅1卫, 83.5平米 ,7905元/平米,东北,高楼层,简装,温江区, 板塔结合, 1年前
1218,华腾舒云居,107万,2室1厅3卫, 72.62平米 ,14707元/平米,南北,高楼层,简装,双流区, 板塔结合, 1个月前
1219,中铁奥维尔一期,63万,2室1厅1卫, 91.35平米 ,6897元/平米,东南,低楼层,简装,郫都区, 塔楼, 4个月前
1220,艺苑生活圈,46万,2室1厅1卫, 88.87平米 ,5177元/平米,东南,低楼层,其他,温江区, 板楼, 4个月前
1221,春熙苑一期,109万,2室1厅1卫, 70.47平米 ,15468元/平米,东南,低楼层,简装,成华区, 板楼, 25天前
1222,三四八小区,50万,2室1厅1卫, 76.78平米 ,6513元/平米,东南,中楼层,精装,郫都区, 板塔结合, 1个月前
1223,中铁奥维尔二期,73万,3室2厅1卫, 89.12平米 ,8169元/平米,东南,高楼层,简装,郫都区, 塔楼, 1年前
1224,二十一世纪花园一期,170万,3室2厅1卫, 118.35平米 ,14356元/平米,东南,中楼层,简装,青羊区, 板楼, 1个月前
1225,富丽碧蔓汀,181万,3室1厅1卫, 100.47平米 ,18016元/平米,西北,中楼层,精装,金牛区, 塔楼, 1年前
1226,草堂北路22号,165万,3室2厅1卫, 96.2平米 ,17152元/平米,南,中楼层,精装,青羊区, 板楼, 10个月前
1227,恒大上林苑,162万,4室2厅1卫, 204.56平米 ,7920元/平米,南,低楼层,其他,新都区, 板塔结合 , 1个月前
1228,财富中心,129万,1室1厅1卫, 49.88平米 ,25863元/平米,西北,高楼层,简装,锦江区, 板塔结合, 8个月前
1229,鹭岛国际一二期,280万,3室2厅1卫, 145.24平米 ,19279元/平米,南,中楼层,精装,武侯区, 板楼, 1个月前
1230,中海万锦熙岸,927万,4室2厅1卫, 400.77平米 ,23137元/平米,南,中楼层,精装,天府新区, 板楼, 1年前
1231,成都国韵村,138万,3室2厅1卫, 88.81平米 ,15517元/平米,东,中楼层,精装,双流区, 板塔结合, 1个月前
1232,空港晶座,90万,2室1厅1卫, 81.26平米 ,11076元/平米,东西,高楼层,精装,双流区, 板楼, 1年前
1233,长富新城,328万,3室1厅1卫, 133.19平米 ,24627元/平米,西南,低楼层,精装,青羊区, 板楼, 1年前
1234,碧桂园悦府,190万,3室2厅1卫, 103.69平米 ,18324元/平米,南,低楼层,精装,双流区, 板塔结合, 7个月前
1235,实业街57号,65万,2室1厅1卫, 43.65平米 ,14892元/平米,南,低楼层,简装,青羊区, 板塔结合, 4个月前
1236,碧桂园悦府,190万,3室2厅1卫, 103.69平米 ,18324元/平米,南,低楼层,精装,双流区, 板塔结合, 7个月前
1237,华宇旭辉锦绣花城,155万,3室1厅1卫, 100.84平米 ,15371元/平米,南,低楼层,精装,成华区, 板楼, 1年前
1238,金河谷五期,86万,3室1厅2卫, 76.31平米 ,11270元/平米,西北,中楼层,毛坯,温江区, 塔楼, 6个月前
1239,华邑阳光里,80万,3室2厅1卫, 71.52平米 ,11172元/平米,西北,高楼层,精装,郫都区, 板塔结合, 9个月前
1240,万科魅力之城三期,240万,3室2厅2卫, 130.35平米 ,18412元/平米,南,低楼层,毛坯,成华区, 塔楼, 1个月前
1241,四季映像,69万,2室1厅2卫, 63.51平米 ,10865元/平米,南,中楼层,精装,龙泉驿区, 板塔结合, 3个月前
1242,兴元绿洲一期,44万,1室1厅1卫, 44.19平米 ,9958元/平米,东南,中楼层,简装,金牛区, 塔楼, 1个月前
1243,香月湖,210万,3室1厅2卫, 71.41平米 ,29408元/平米,西,高楼层,精装,高新区, 塔楼, 7个月前
1244,南湖时光里,102万,2室1厅1卫, 77.87平米 ,13074元/平米,东南,中楼层,精装,双流区, 暂无数据, 3个月前
1245,世茂城四期,110万,3室1厅1卫, 83.06平米 ,13220元/平米,西,低楼层,精装,龙泉驿区, 塔楼, 1年前
1246,红枫岭二期,128万,3室1厅1卫, 88.1平米 ,14529元/平米,西,高楼层,精装,成华区, 板塔结合, 4个月前
1247,朗基和今缘,235万,3室2厅1卫, 96.54平米 ,24343元/平米,北,高楼层,精装,高新区, 塔楼, 3个月前
1248,万科金色城品,110万,2室2厅1卫, 71.86平米 ,15280元/平米,东,低楼层,精装,龙泉驿区, 板楼, 4个月前
1249,棕南正街9号,105万,3室1厅1卫, 90.41平米 ,11614元/平米,西北,高楼层,简装,武侯区, 板楼, 4个月前
1250,糍粑店街10号,95万,2室1厅1卫, 72.77平米 ,13055元/平米,西南,高楼层,简装,锦江区, 板楼, 14天前
1251,文星花园,122万,3室2厅1卫, 130.42平米 ,9355元/平米,东南,中楼层,毛坯,双流区, 板塔结合, 4个月前
1252,招商依云上城一期,60万,2室2厅1卫, 67平米 ,8926元/平米,东,低楼层,简装,龙泉驿区, 板塔结合, 1个月前
1253,悦龙山,190万,4室1厅2卫, 97.32平米 ,19524元/平米,西南,高楼层,精装,龙泉驿区, 板塔结合, 1年前
1254,上善清波小区A,119万,2室2厅1卫, 93.44平米 ,12736元/平米,北,低楼层,简装,青羊区, 板楼, 27天前
1255,合能珍宝锦城,93万,3室2厅1卫, 90.97平米 ,10224元/平米,南,中楼层,精装,新都区, 板塔结合, 1年前
1256,昌建星悦城,63万,3室2厅1卫, 91.35平米 ,6897元/平米,南,中楼层,简装,彭州市, 板塔结合, 1个月前
1257,蓉树园,82万,3室2厅1卫, 85平米 ,9648元/平米,东南,低楼层,精装,郫都区, 板楼, 31天前
1258,双顺路4号,79万,2室1厅2卫, 71.95平米 ,10980元/平米,北,中楼层,简装,青羊区, 板楼, 31天前
1259,新村小区,54万,2室1厅1卫, 59.05平米 ,9145元/平米,东南,高楼层,简装,双流区, 暂无数据, 1个月前
1260,金山御景蓝湾,59万,3室1厅1卫, 99.81平米 ,5892元/平米,东南,低楼层,毛坯,龙泉驿区, 板楼, 1年前
1261,祥和里118号,80万,2室1厅1卫, 68.48平米 ,11683元/平米,西南,中楼层,简装,成华区, 板楼, 3个月前
1262,幸福时光,40万,1室0厅4卫, 35.62平米 ,11230元/平米,东南,低楼层,精装,武侯区, 板楼, 11个月前
1263,龙湖三千城A区,210万,3室2厅1卫, 94.59平米 ,22202元/平米,西北,高楼层,精装,成华区, 板塔结合, 1个月前
1264,龙湖世纪峰景,283万,3室1厅1卫, 127.3平米 ,22231元/平米,西南,低楼层,精装,高新区, 板塔结合, 9个月前
1265,马鞍东路社区,54万,2室1厅1卫, 52.93平米 ,10203元/平米,东,高楼层,其他,金牛区, 板楼, 4个月前
1266,金科一城,99万,2室1厅1卫, 71.62平米 ,13823元/平米,南北,高楼层,简装,成华区, 塔楼, 2个月前
1267,锦江城市花园二期,110万,3室1厅1卫, 72.03平米 ,15272元/平米,西南,中楼层,简装,锦江区, 板塔结合, 1年前
1268,光华逸家,238万,3室1厅2卫, 96.6平米 ,24638元/平米,南北,中楼层,精装,青羊区, 板塔结合, 9个月前
1269,龙城国际,135万,4室1厅1卫, 109.22平米 ,12361元/平米,东南,高楼层,精装,郫都区, 板塔结合, 1个月前
1270,中海右岸,188万,3室2厅1卫, 110.96平米 ,16944元/平米,西,中楼层,其他,双流区, 板塔结合, 4个月前
1271,王府花园御锦苑,158万,3室2厅1卫, 111.32平米 ,14194元/平米,东南,低楼层,精装,双流区, 塔楼, 2个月前
1272,中海锦江城花涧一期,225万,3室2厅1卫, 111.92平米 ,20104元/平米,南北,低楼层,精装,天府新区, 板塔结合, 3个月前
1273,翠晨记,72万,3室1厅1卫, 106.5平米 ,6761元/平米,东南,低楼层,简装,龙泉驿区, 板塔结合, 1个月前
1274,成通小区,58万,1室1厅1卫, 45.82平米 ,12659元/平米,南北,低楼层,简装,武侯区, 板楼, 2个月前
1275,金科一城,138万,3室2厅1卫, 82.1平米 ,16809元/平米,北,高楼层,精装,成华区, 塔楼, 7个月前
1276,南湖国际社区,198万,3室1厅1卫, 124.44平米 ,15912元/平米,西,低楼层,精装,双流区, 板塔结合, 3个月前
1277,竹林尚书,91万,2室1厅2卫, 73.93平米 ,12309元/平米,南,中楼层,简装,龙泉驿区, 板塔结合, 2个月前
1278,水务局小区,73万,3室1厅1卫, 135.46平米 ,5390元/平米,东南,高楼层,其他,温江区, 板楼, 8个月前
1279,泰逸美景,125万,2室1厅1卫, 99.32平米 ,12586元/平米,南,中楼层,精装,金牛区, 板塔结合, 6个月前
1280,金牛万达B组团,102万,2室1厅1卫, 57.73平米 ,17669元/平米,西南,中楼层,精装,金牛区, 塔楼, 8个月前
1281,中海右岸二期,125万,2室2厅1卫, 71.77平米 ,17417元/平米,北,中楼层,精装,双流区, 板塔结合, 3个月前
1282,艺苑生活圈,46万,2室1厅1卫, 88.87平米 ,5177元/平米,东南,低楼层,其他,温江区, 板楼, 4个月前
1283,中房蓝水湾,87万,2室1厅1卫, 62.2平米 ,13972元/平米,东南,高楼层,精装,成华区, 塔楼, 4个月前
1284,美洲花园棕榈湾,130万,2室1厅2卫, 78.4平米 ,16582元/平米,东北,高楼层,精装,新都区, 板楼, 2个月前
1285,溪桥苑小区一期,75万,3室1厅1卫, 122.22平米 ,6137元/平米,西南,低楼层,精装,新都区, 暂无数据, 1个月前
1286,郭家桥西街3号,112万,3室1厅1卫, 65.33平米 ,17144元/平米,南,低楼层,精装,武侯区, 板楼, 2个月前
1287,佰客郡,63万,2室1厅1卫, 62.22平米 ,10126元/平米,南,高楼层,简装,双流区, 板楼, 4个月前
1288,春熙苑一期,109万,2室1厅1卫, 70.47平米 ,15468元/平米,东南,低楼层,简装,成华区, 板楼, 25天前
1289,中铁奥维尔一期,63万,2室1厅1卫, 91.35平米 ,6897元/平米,东南,低楼层,简装,郫都区, 塔楼, 4个月前
1290,华腾舒云居,107万,2室1厅1卫, 72.62平米 ,14707元/平米,南北,高楼层,简装,双流区, 板塔结合, 1个月前
1291,三四八小区,50万,2室1厅1卫, 76.78平米 ,6513元/平米,东南,中楼层,精装,郫都区, 板塔结合, 1个月前
1292,金辉悦府,81万,2室2厅2卫, 72.26平米 ,11210元/平米,东南,高楼层,精装,郫都区, 塔楼, 1个月前
1293,金强大学城,66万,3室2厅1卫, 83.5平米 ,7905元/平米,东北,高楼层,简装,温江区, 板塔结合, 1年前
1294,招商依云上城一期,74万,3室2厅1卫, 81.74平米 ,9017元/平米,北,低楼层,简装,龙泉驿区, 塔楼, 2个月前
1295,蓝润锦江春天,160万,3室2厅1卫, 85.3平米 ,18758元/平米,西北,低楼层,精装,锦江区, 板楼, 1个月前
1296,千禧河畔D区,117万,3室2厅1卫, 77.93平米 ,15014元/平米,西北,高楼层,其他,新都区, 板塔结合, 1个月前
1297,中德英伦世邦K区,226万,3室2厅1卫, 89.14平米 ,25354元/平米,南,中楼层,毛坯,高新区, 板塔结合, 9个月前
1298,馨光嘉苑,65万,1室1厅1卫, 48.28平米 ,13464元/平米,北,低楼层,精装,青羊区, 塔楼, 9个月前
1299,欣民苑,95万,2室2厅1卫, 84.06平米 ,11302元/平米,东南,低楼层,简装,金牛区, 板楼, 1个月前
1300,蔚蓝花城A区,128万,3室2厅2卫, 152.7平米 ,8383元/平米,南,低楼层,精装,龙泉驿区, 板塔结合, 29天前
1301,铂金时代,43万,1室1厅2卫, 68.64平米 ,6265元/平米,东南,低楼层,毛坯,郫都区, 板塔结合, 1个月前
1302,铂金时代,126万,4室2厅2卫, 157.94平米 ,7978元/平米,东南,中楼层,毛坯,郫都区, 板塔结合, 1年前
1303,泉水人家二期A区,92万,2室1厅1卫, 81.38平米 ,11305元/平米,南,中楼层,简装,金牛区, 板楼, 1个月前
1304,华润国际社区,103万,3室2厅1卫, 78.73平米 ,13083元/平米,西,高楼层,精装,龙泉驿区, 板塔结合, 11个月前
1305,长富新城,180万,2室1厅1卫, 73.19平米 ,24594元/平米,东南,中楼层,简装,青羊区, 板楼, 7个月前
1306,雄飞新园紫郡,159万,3室1厅1卫, 84.44平米 ,18830元/平米,西北,中楼层,精装,武侯区, 板塔结合, 2个月前
1307,江南岸,229万,4室1厅1卫, 126.3平米 ,18132元/平米,南,高楼层,简装,高新区, 板塔结合, 9个月前
1308,东山领地,70万,2室1厅1卫, 78.25平米 ,8946元/平米,东南,低楼层,简装,龙泉驿区, 板塔结合, 4个月前
1309,时代丽都美语,310万,4室2厅1卫, 171.85平米 ,18039元/平米,西南,中楼层,精装,武侯区, 板塔结合, 2个月前
1310,紫御熙庭,275万,3室1厅2卫, 97.37平米 ,28243元/平米,南,高楼层,其他,青羊区, 板塔结合, 2个月前
1311,名著司南,200万,3室2厅1卫, 121.88平米 ,16410元/平米,东,高楼层,精装,高新区, 板塔结合, 2个月前
1312,鱼凫阳光,45万,2室1厅1卫, 79.54平米 ,5658元/平米,东南,高楼层,毛坯,温江区, 板楼, 8个月前
1313,合能枫丹铂麓一期,125万,3室1厅2卫, 76.61平米 ,16317元/平米,南,高楼层,精装,天府新区, 塔楼, 3个月前
1314,保利心语花园四期,320万,3室1厅2卫, 103.02平米 ,31062元/平米,东,中楼层,毛坯,高新区, 板塔结合, 3个月前
1315,双楠忆景,146万,2室2厅1卫, 76.74平米 ,19026元/平米,西南,中楼层,简装,武侯区, 板塔结合, 3个月前
1316,蓉北商贸大道一段26号,81万,2室2厅2卫, 80.12平米 ,10110元/平米,西南,中楼层,其他,金牛区, 平房, 4个月前
1317,三利麓山城春风里,185万,3室2厅1卫, 108.73平米 ,17015元/平米,东南,中楼层,精装,天府新区, 板塔结合, 2个月前
1318,风华庭,185万,3室2厅1卫, 104.75平米 ,17662元/平米,东北,高楼层,简装,武侯区, 板塔结合, 3个月前
1319,蜀鑫西TOWN,90万,2室1厅1卫, 64.76平米 ,13898元/平米,东南,中楼层,精装,郫都区, 塔楼, 7个月前
1320,海桐三期,54万,1室1厅1卫, 46.63平米 ,11581元/平米,东南,低楼层,简装,锦江区, 塔楼, 7个月前
1321,保利玫瑰花语,150万,3室2厅3卫, 95.31平米 ,15739元/平米,东北,低楼层,精装,龙泉驿区, 板楼, 5个月前
1322,花牌坊街97号,156万,4室2厅1卫, 151.24平米 ,10315元/平米,西南,高楼层,其他,金牛区, 板楼, 5个月前
1323,西派泊玥,305万,4室2厅1卫, 167.29平米 ,18232元/平米,南,高楼层,精装,成华区, 暂无数据, 4个月前
1324,欣茂西郡兰庭B区,91万,3室2厅1卫, 109.93平米 ,8278元/平米,东南,低楼层,精装,郫都区, 板塔结合, 7个月前
1325,置信丹郡湖岸,49万,2室2厅1卫, 70.53平米 ,6877元/平米,东南,低楼层,简装,彭州市, 塔楼, 4个月前
1326,东苑F区,245万,2室1厅2卫, 90.54平米 ,27060元/平米,南,中楼层,精装,高新区, 板塔结合, 4个月前
1327,商鼎国际,70万,1室1厅1卫, 56.35平米 ,12423元/平米,南,高楼层,简装,武侯区, 板塔结合, 2个月前
1328,东马棚街12号,115万,2室2厅1卫, 62.95平米 ,18269元/平米,东,高楼层,精装,青羊区, 板楼, 2个月前
1329,佳兆业8号,106万,2室1厅1卫, 76.59平米 ,13840元/平米,东,中楼层,精装,双流区, 板塔结合, 6个月前
1330,华府幸福城,58万,3室2厅1卫, 70.74平米 ,8200元/平米,东南,中楼层,其他,龙泉驿区, 暂无数据, 4个月前
1331,维也纳花园二期,50万,2室2厅1卫, 84.64平米 ,5896元/平米,西北,中楼层,精装,新都区, 塔楼, 1年前
1332,成都玩家,130万,2室2厅1卫, 58.03平米 ,22403元/平米,西,低楼层,精装,天府新区, 板塔结合, 1年前
1333,华侨城原岸,210万,3室2厅1卫, 111.17平米 ,18890元/平米,东南,高楼层,精装,金牛区, 板塔结合, 4个月前
1334,翰林上岛,73万,2室1厅2卫, 65.07平米 ,11219元/平米,南西,低楼层,其他,双流区, 塔楼, 4个月前
1335,西锦集一期,78万,2室1厅2卫, 75.69平米 ,10306元/平米,东南,高楼层,精装,郫都区, 板楼, 5个月前
1336,三里花城,125万,2室1厅1卫, 75.04平米 ,16658元/平米,东南,中楼层,其他,双流区, 板塔结合, 7个月前
1337,万科第五城四期,128万,3室1厅1卫, 92.18平米 ,13886元/平米,北,低楼层,精装,双流区, 板塔结合, 4个月前
1338,中海熙苑二期,216万,3室2厅1卫, 115.12平米 ,18764元/平米,东南,高楼层,精装,武侯区, 板楼, 7个月前
1339,保利花园一期,249万,3室2厅1卫, 98.48平米 ,25285元/平米,东北,中楼层,简装,新武侯区, 板楼, 4个月前
1340,优品尚东,190万,3室2厅1卫, 132.56平米 ,14319元/平米,南,低楼层,简装,成华区, 板塔结合, 1年前
1341,阳光100米娅中心一期,62万,1室1厅3卫, 39.48平米 ,15705元/平米,东,低楼层,精装,成华区, 板塔结合, 4个月前
1342,蓝光金双楠二期,126万,3室2厅1卫, 70.16平米 ,17959元/平米,东南,低楼层,精装,武侯区, 板塔结合, 6个月前
1343,锦绣东方,49万,2室1厅1卫, 79.66平米 ,6152元/平米,东南,低楼层,毛坯,郫都区, 板楼, 4个月前
1344,温哥华花园六期,105万,3室2厅1卫, 101.38平米 ,10358元/平米,北,中楼层,简装,双流区, 塔楼, 3个月前
1345,美宸东方,77万,3室2厅1卫, 89.54平米 ,8600元/平米,东,中楼层,简装,龙泉驿区, 板塔结合, 6个月前
1346,欣茂西郡兰庭A区,105万,3室2厅1卫, 124.5平米 ,8434元/平米,东南,中楼层,简装,郫都区, 板塔结合, 6个月前
1347,瑞金广场,212万,4室1厅1卫, 188.64平米 ,11239元/平米,南,高楼层,简装,武侯区, 板楼, 26天前
1348,合能耀之城,88万,2室1厅2卫, 48.92平米 ,17989元/平米,东,中楼层,简装,成华区, 板塔结合, 2个月前
1349,时代天骄,68万,2室1厅1卫, 58.06平米 ,11713元/平米,东南,中楼层,简装,青羊区, 塔楼, 17天前
1350,红花村1号,87万,3室1厅1卫, 75.58平米 ,11511元/平米,东南,低楼层,精装,金牛区, 板楼, 4个月前
1351,真武巷20号,47万,2室1厅2卫, 80.24平米 ,5796元/平米,东,中楼层,精装,郫都区, 板楼, 2个月前
1352,空港首座,69万,2室2厅1卫, 66.47平米 ,10381元/平米,西南,中楼层,精装,双流区, 板塔结合, 1个月前
1353,旺府豪庭,56万,2室1厅1卫, 57.44平米 ,9750元/平米,南,中楼层,其他,新都区, 塔楼, 23天前
1354,九龙仓御园一期,330万,3室2厅1卫, 137.52平米 ,23997元/平米,西东,高楼层,精装,成华区, 板塔结合, 1年前
1355,银诚东方国际一期,66万,2室1厅1卫, 71.36平米 ,9249元/平米,北,低楼层,精装,龙泉驿区, 板楼, 19天前
1356,懋园国际商住城,220万,3室2厅1卫, 146.38平米 ,15030元/平米,东南,高楼层,简装,金牛区, 板楼, 4个月前
1357,空港十六区,105万,2室1厅2卫, 80.24平米 ,13086元/平米,北,中楼层,精装,双流区, 塔楼, 1个月前
1358,华润凤凰城二期,345万,3室2厅1卫, 111.34平米 ,30987元/平米,西南,高楼层,精装,高新区, 板塔结合, 1年前
1359,中铁瑞景茗城,60万,2室1厅2卫, 82.13平米 ,7306元/平米,东北,低楼层,简装,郫都区, 板塔结合, 1个月前
1360,新天地民苑,97万,3室2厅1卫, 94.66平米 ,10248元/平米,东,高楼层,毛坯,金牛区, 板楼, 2个月前
1361,超洋花园,63万,1室0厅1卫, 44.72平米 ,14088元/平米,东南,中楼层,精装,武侯区, 板塔结合, 18天前
1362,置信逸都B区,115万,3室2厅1卫, 113.47平米 ,10135元/平米,东,中楼层,精装,郫都区, 板塔结合, 2个月前
1363,两河锦地,90万,2室2厅1卫, 85.49平米 ,10528元/平米,西南,高楼层,精装,金牛区, 板楼, 3个月前
1364,百悦城四期,129万,3室2厅1卫, 95.39平米 ,13524元/平米,东南,低楼层,其他,龙泉驿区, 塔楼, 1个月前
1365,恒大雅苑,48万,3室2厅1卫, 100.9平米 ,4758元/平米,东南,中楼层,简装,青白江区, 板塔结合, 5个月前
1366,麓湖生态城沚院,820万,4室2厅1卫, 205.95平米 ,39816元/平米,南,高楼层,精装,天府新区, 板塔结合, 1个月前
1367,8号公馆,78万,2室2厅1卫, 80.72平米 ,9664元/平米,北,高楼层,精装,温江区, 板塔结合, 7个月前
1368,锦江城市花园3期,82万,2室1厅2卫, 54.25平米 ,15116元/平米,西北,中楼层,精装,锦江区, 板塔结合, 2个月前
1369,光华瑞廷,96万,3室2厅1卫, 86平米 ,11163元/平米,西北,高楼层,简装,温江区, 板塔结合, 2个月前
1370,麓山国际帕萨迪纳3组,148万,2室2厅1卫, 91.58平米 ,16161元/平米,东南,高楼层,精装,天府新区, 板楼, 1年前
1371,万科国宾润园,298万,4室2厅1卫, 126.72平米 ,23517元/平米,东南,中楼层,精装,金牛区, 板楼, 5个月前
1372,恒大名都,168万,3室2厅1卫, 109.16平米 ,15391元/平米,东,中楼层,精装,天府新区, 塔楼, 29天前
1373,燕楠国际云锦,167万,3室1厅1卫, 94.7平米 ,17635元/平米,南,中楼层,精装,双流区, 板塔结合, 3个月前
1374,三利麓山城春风里B,200万,4室2厅2卫, 123.67平米 ,16173元/平米,西北,低楼层,精装,天府新区, 板塔结合, 3个月前
1375,世茂城四期,110万,3室1厅1卫, 83.06平米 ,13220元/平米,西,低楼层,精装,龙泉驿区, 塔楼, 1年前
1376,华润凤凰城二期,280万,3室1厅2卫, 104.04平米 ,26913元/平米,西南,低楼层,精装,高新区, 板塔结合, 5个月前
1377,建发金沙里,425万,4室2厅1卫, 164.27平米 ,25873元/平米,西南,中楼层,精装,青羊区, 板楼, 1年前
1378,三利麓山城本草荟,185万,3室2厅2卫, 109.35平米 ,16919元/平米,南,低楼层,精装,天府新区, 板塔结合, 1个月前
1379,富丽碧蔓汀,181万,3室1厅1卫, 100.47平米 ,18016元/平米,西北,中楼层,精装,金牛区, 塔楼, 1年前
1380,玉林都江,77万,3室2厅1卫, 97.79平米 ,7854元/平米,东南,中楼层,其他,都江堰市, 塔楼, 4个月前
1381,草堂铭城,116万,1室2厅2卫, 55.21平米 ,21011元/平米,东,高楼层,简装,青羊区, 塔楼, 1个月前
1382,合能枫丹铂麓三期,216万,4室2厅3卫, 142.4平米 ,15169元/平米,西南,中楼层,毛坯,天府新区, 板楼, 4个月前
1383,草堂北路22号,165万,3室2厅1卫, 96.2平米 ,17152元/平米,南,中楼层,精装,青羊区, 板楼, 10个月前
1384,中海右岸,239万,4室1厅2卫, 160平米 ,14938元/平米,西北,高楼层,其他,双流区, 塔楼, 1年前
1385,幸福时光,36万,1室1厅2卫, 35.62平米 ,10107元/平米,西北,低楼层,精装,武侯区, 板楼, 7个月前
1386,城投中南智在云辰,88万,3室2厅1卫, 93.39平米 ,9423元/平米,东南,高楼层,精装,新津区, 塔楼, 9个月前
1387,蓝光金悦派,105万,2室1厅1卫, 60.74平米 ,17287元/平米,南,高楼层,精装,高新区, 塔楼, 1个月前
1388,龙湖悠山郡四期,230万,3室3厅1卫, 263.08平米 ,8743元/平米,东南,低楼层,毛坯,新津区, 板塔结合, 1年前
1389,泉水东苑B区,98万,2室1厅3卫, 87.06平米 ,11257元/平米,北,中楼层,其他,金牛区, 板楼, 1个月前
1390,新南街250号,78万,4室1厅2卫, 143.66平米 ,5430元/平米,东南,中楼层,精装,郫都区, 板楼, 1个月前
1391,南湖国际社区,189万,4室1厅1卫, 129.02平米 ,14649元/平米,北,低楼层,毛坯,双流区, 板塔结合, 4个月前
1392,摩根中心,106万,1室1厅1卫, 60.76平米 ,17446元/平米,西北,中楼层,精装,锦江区, 塔楼, 8个月前
1393,中建天府公馆,359万,4室2厅1卫, 174.85平米 ,20532元/平米,南北,中楼层,毛坯,高新区, 板楼, 9个月前
1394,恒大御府,73万,3室1厅1卫, 89.92平米 ,8119元/平米,东南,中楼层,精装,新都区, 板楼, 7个月前
1395,朗基少帅府,118万,3室1厅1卫, 75.74平米 ,15580元/平米,西南,高楼层,精装,郫都区, 塔楼, 7个月前
1396,红枫岭二期,125万,2室2厅1卫, 87.57平米 ,14275元/平米,西南,高楼层,简装,成华区, 板塔结合, 5个月前
1397,世豪嘉柏,157万,3室1厅1卫, 90.49平米 ,17350元/平米,西南,中楼层,精装,武侯区, 板塔结合, 3个月前
1398,保利玫瑰花语,98万,3室1厅1卫, 78.29平米 ,12518元/平米,东南,低楼层,简装,龙泉驿区, 板楼, 3个月前
1399,世豪嘉柏,165万,3室1厅1卫, 91.02平米 ,18128元/平米,西北,高楼层,精装,武侯区, 板塔结合, 2个月前
1400,东方丽苑,75万,2室1厅1卫, 71.1平米 ,10521元/平米,南,高楼层,简装,成华区, 板塔结合, 4个月前
1401,堰山和畔4期,90万,3室1厅3卫, 120.13平米 ,7484元/平米,东南,低楼层,精装,都江堰市, 塔楼, 2个月前
1402,银丰园二区,75万,5室1厅1卫, 184.96平米 ,4055元/平米,东南,低楼层,简装,郫都区, 板楼, 6个月前
1403,锦绣街7号,78万,2室1厅1卫, 69平米 ,11276元/平米,南,高楼层,毛坯,武侯区, 板楼, 6个月前
1404,华汇天地,140万,3室2厅1卫, 92.75平米 ,15095元/平米,南,高楼层,其他,双流区, 板塔结合, 9个月前
1405,莲花社区,90万,3室2厅1卫, 102.03平米 ,8812元/平米,北,高楼层,精装,双流区, 板塔结合, 6个月前
1406,交大卡布里城,43万,1室1厅1卫, 50.99平米 ,8434元/平米,东南,中楼层,简装,郫都区, 板塔结合, 11个月前
1407,龙湖世纪峰景,283万,3室1厅1卫, 127.3平米 ,22231元/平米,西南,低楼层,精装,高新区, 板塔结合, 9个月前
1408,祥和里118号,80万,2室1厅1卫, 68.48平米 ,11683元/平米,西南,中楼层,简装,成华区, 板楼, 3个月前
1409,蓉树园,82万,3室2厅1卫, 85平米 ,9648元/平米,东南,低楼层,精装,郫都区, 板楼, 31天前
1410,双顺路4号,79万,2室1厅1卫, 71.95平米 ,10980元/平米,北,中楼层,简装,青羊区, 板楼, 31天前
1411,汇融悉尼湾达令港,75万,2室1厅1卫, 68.58平米 ,10937元/平米,南,高楼层,简装,新都区, 板塔结合, 1个月前
1412,宗申流溪丽园,118万,3室2厅1卫, 119.51平米 ,9874元/平米,东西,中楼层,简装,双流区, 板塔结合, 6个月前
1413,金色逸景,81万,3室2厅1卫, 112.28平米 ,7197元/平米,西北,中楼层,毛坯,龙泉驿区, 板楼, 3个月前
1414,中海兰庭,283万,3室1厅3卫, 105.06平米 ,26937元/平米,南,高楼层,简装,高新区, 板塔结合, 1年前
1415,永兴巷9号,103万,3室1厅2卫, 63.76平米 ,16155元/平米,西北,低楼层,其他,锦江区, 暂无数据, 1个月前
1416,双楠名城一期,116万,2室2厅1卫, 79.59平米 ,14575元/平米,东南,中楼层,精装,武侯区, 板楼, 3个月前
1417,海骏达蜀都1号凯悦二期,82万,2室1厅1卫, 74.16平米 ,11031元/平米,东南,低楼层,简装,郫都区, 板楼, 1年前
1418,蓝光长岛国际二期,145万,3室0厅1卫, 114.88平米 ,12622元/平米,南,低楼层,精装,双流区, 平房, 1年前
1419,翰城,105万,4室2厅2卫, 131.56平米 ,7982元/平米,东南,低楼层,精装,温江区, 板楼, 4个月前
1420,蓝光COCO时代,109万,2室1厅1卫, 66.55平米 ,16379元/平米,东,中楼层,精装,成华区, 塔楼, 2个月前
1421,华逸花园(华逸路),19万,2室1厅1卫, 70.42平米 ,2628元/平米,东南,高楼层,简装,青白江区, 塔楼, 8个月前
1422,中冶田园世界,68万,3室1厅1卫, 100.4平米 ,6773元/平米,南,高楼层,毛坯,郫都区, 板塔结合, 8个月前
1423,槐树苑二期锦苑,96万,3室2厅1卫, 83.35平米 ,11518元/平米,东,高楼层,简装,成华区, 板楼, 1个月前
1424,中冶田园世界,88万,3室2厅1卫, 104.82平米 ,8396元/平米,东北,高楼层,其他,郫都区, 板塔结合, 5个月前
1425,中房学府海棠一期,94万,2室2厅1卫, 85.02平米 ,11057元/平米,东南,低楼层,精装,郫都区, 板楼, 7个月前
1426,银桂桥西街4号,62万,1室1厅1卫, 58.99平米 ,10511元/平米,北,低楼层,精装,金牛区, 板楼, 1个月前
1427,金沙巷16号,95万,2室2厅1卫, 123.33平米 ,7703元/平米,东南,中楼层,简装,金牛区, 板楼, 1年前
1428,碧桂园悦府,134万,3室1厅2卫, 91.39平米 ,14641元/平米,南,低楼层,精装,双流区, 板塔结合, 1年前
1429,西延锦绣,238万,3室2厅1卫, 152.38平米 ,15619元/平米,西南,中楼层,精装,金牛区, 板楼, 3个月前
1430,宗申赛纳维,29万,1室1厅1卫, 48.68平米 ,5958元/平米,东,中楼层,精装,双流区, 板塔结合, 5个月前
1431,中德英伦世邦K区,226万,3室2厅1卫, 91.17平米 ,24789元/平米,西南,中楼层,精装,高新区, 板塔结合, 3个月前
1432,兴城人居瑞云府,95万,3室1厅1卫, 118.98平米 ,7985元/平米,东南,高楼层,其他,青白江区, 板塔结合, 6个月前
1433,海科名城,83万,3室1厅1卫, 90.64平米 ,9158元/平米,东北,中楼层,简装,温江区, 塔楼, 1年前
1434,合能珍宝琥珀3期,108万,3室1厅3卫, 79.76平米 ,13541元/平米,西,中楼层,精装,温江区, 塔楼, 3个月前
1435,鼓楼南街100号,90万,2室2厅1卫, 72.59平米 ,12399元/平米,西北,中楼层,简装,青羊区, 板楼, 1年前
1436,泰合新光华府,80万,2室2厅1卫, 74.09平米 ,10798元/平米,东北,中楼层,其他,温江区, 板塔结合, 1个月前
1437,金山御景蓝湾,58万,3室1厅1卫, 104.57平米 ,5547元/平米,西南,高楼层,毛坯,龙泉驿区, 板楼, 8个月前
1438,九龙仓时代上城,142万,3室1厅2卫, 84.63平米 ,16779元/平米,北,中楼层,精装,双流区, 塔楼, 9个月前
1439,保利公园198玫瑰郡,95万,3室1厅2卫, 107.95平米 ,8801元/平米,西北,中楼层,简装,新都区, 塔楼, 4个月前
1440,警馨苑,145万,3室2厅1卫, 126.64平米 ,11450元/平米,南北,高楼层,简装,双流区, 板塔结合, 4个月前
1441,宏达世纪丽景,138万,3室2厅1卫, 97.45平米 ,14162元/平米,南北,中楼层,精装,天府新区, 板塔结合, 5个月前
1442,中华名园二期,127万,2室2厅1卫, 89.48平米 ,14194元/平米,西南,中楼层,精装,武侯区, 板楼, 1年前
1443,麓山国际帕萨迪纳3组,148万,2室2厅1卫, 91.58平米 ,16161元/平米,东南,高楼层,精装,天府新区, 板楼, 1年前
1444,三盛都会城,75万,3室2厅2卫, 84.16平米 ,8912元/平米,东南,中楼层,精装,龙泉驿区, 板塔结合, 8个月前
1445,三利麓山城翠薇谷,298万,3室2厅1卫, 139.79平米 ,21318元/平米,南北,中楼层,精装,天府新区, 板楼, 1个月前
1446,中交牧山美庐,118万,4室2厅1卫, 131.89平米 ,8947元/平米,东南,中楼层,简装,新津区, 板塔结合, 1年前
1447,中海熙苑二期,199万,3室2厅1卫, 109.46平米 ,18181元/平米,北,中楼层,精装,武侯区, 板塔结合, 3个月前
1448,东篱居二期,206万,3室2厅1卫, 129.33平米 ,15929元/平米,南北,高楼层,精装,成华区, 塔楼, 6个月前
1449,东立国际花城,85万,2室1厅2卫, 77.34平米 ,10991元/平米,南,高楼层,简装,双流区, 塔楼, 1年前
1450,爱家馨城,129万,2室2厅1卫, 85.6平米 ,15071元/平米,西北,中楼层,简装,武侯区, 板塔结合, 5个月前
1451,成科路1号,78万,3室1厅1卫, 69.31平米 ,11254元/平米,南,高楼层,其他,武侯区, 板楼, 3个月前
1452,榕苑,110万,3室1厅1卫, 86.34平米 ,12718元/平米,西北,低楼层,精装,武侯区, 板楼, 2个月前
1453,万景峰一期,139万,4室1厅2卫, 118.5平米 ,11730元/平米,南,中楼层,精装,郫都区, 塔楼, 3个月前
1454,万科海悦汇城东区,115万,2室2厅1卫, 60.53平米 ,18999元/平米,东北,低楼层,精装,天府新区, 塔楼, 1年前
1455,洪柳花园二期,85万,2室1厅1卫, 97.94平米 ,8679元/平米,西北,高楼层,简装,龙泉驿区, 塔楼, 1年前
1456,花样年花样城,53万,2室1厅1卫, 84.86平米 ,6246元/平米,西北,高楼层,精装,温江区, 板塔结合, 1个月前
1457,万科理想城三期·星河,145万,3室1厅1卫, 85.17平米 ,17025元/平米,东南,低楼层,其他,郫都区, 塔楼, 1个月前
1458,芙华新大陆,129万,3室1厅1卫, 119.01平米 ,10840元/平米,北,中楼层,简装,成华区, 塔楼, 1年前
1459,明阳家在回廊,105万,2室2厅1卫, 76.9平米 ,13655元/平米,东南,中楼层,精装,金牛区, 板楼, 1年前
1460,恒大西锦城,132万,2室2厅1卫, 89.12平米 ,14812元/平米,南,低楼层,简装,金牛区, 塔楼, 5个月前
1461,雄飞生活广场,110万,3室2厅2卫, 93.11平米 ,11814元/平米,东,高楼层,精装,龙泉驿区, 板塔结合, 3个月前
1462,光华馨地,103万,2室1厅1卫, 81.38平米 ,12657元/平米,北南,高楼层,简装,青羊区, 板塔结合, 6个月前
1463,香山半岛,140万,2室1厅1卫, 89.59平米 ,15627元/平米,南,低楼层,精装,天府新区, 塔楼, 1个月前
1464,江华社区,53万,2室1厅1卫, 82.35平米 ,6436元/平米,南,高楼层,其他,龙泉驿区, 板楼, 1个月前
1465,汇厦少城百花里,160万,2室1厅1卫, 61.69平米 ,25937元/平米,西北,低楼层,精装,青羊区, 塔楼, 1年前
1466,缤纷翠微湖,62万,2室2厅1卫, 60.45平米 ,10257元/平米,南,高楼层,简装,新都区, 塔楼, 1年前
1467,恒大天府半岛二期,125万,2室1厅1卫, 88.36平米 ,14147元/平米,北,低楼层,简装,天府新区, 板楼, 1年前
1468,舜惠家园,74万,2室1厅1卫, 81.97平米 ,9016元/平米,东,低楼层,毛坯,成华区, 塔楼, 11个月前
1469,蓝色空间如意府,98万,2室1厅3卫, 76.98平米 ,12731元/平米,东南,中楼层,简装,金牛区, 板楼, 5个月前
1470,润扬观澜鹭岛二期,145万,4室1厅2卫, 127.24平米 ,11396元/平米,西北,中楼层,毛坯,新都区, 塔楼, 29天前
1471,芙蓉田园,62万,2室2厅2卫, 85.6平米 ,7185元/平米,南,低楼层,毛坯,温江区, 塔楼, 7个月前
1472,万科时代之光,74万,3室1厅1卫, 97.58平米 ,7584元/平米,南,低楼层,精装,青白江区, 板塔结合, 3个月前
1473,航天长征大院,48万,2室2厅1卫, 72.52平米 ,6619元/平米,东北,低楼层,简装,温江区, 板楼, 1个月前
1474,世茂云湖,110万,4室2厅1卫, 144.15平米 ,7631元/平米,西南,低楼层,毛坯,东部新区, 暂无数据, 1年前
1475,抚琴西路199号,77万,2室2厅1卫, 86.3平米 ,8923元/平米,东南,高楼层,简装,金牛区, 板楼, 7个月前
1476,时代锦城,86万,2室2厅2卫, 73.88平米 ,11641元/平米,南,高楼层,简装,双流区, 板塔结合, 1个月前
1477,鼎犀名城,100万,3室2厅1卫, 96.65平米 ,10347元/平米,东,低楼层,简装,郫都区, 板塔结合, 6个月前
1478,万科金润华府,145万,2室1厅2卫, 65.31平米 ,22202元/平米,东北,中楼层,精装,锦江区, 塔楼, 1年前
1479,华润凤凰城二期,345万,3室2厅2卫, 111.34平米 ,30987元/平米,西南,高楼层,精装,高新区, 板塔结合, 1年前
1480,世纪光华,63万,2室1厅1卫, 78.77平米 ,7998元/平米,北,低楼层,简装,新都区, 板塔结合, 2个月前
1481,光华瑞廷,96万,3室2厅1卫, 86平米 ,11163元/平米,西北,高楼层,简装,温江区, 板塔结合, 2个月前
1482,佳兆业广场,118万,2室2厅2卫, 69.13平米 ,17070元/平米,西北,中楼层,简装,青羊区, 板塔结合, 5个月前
1483,百郦锦城,146万,3室2厅1卫, 117.75平米 ,12400元/平米,东南,中楼层,毛坯,新都区, 塔楼, 11个月前
1484,保利叶语,145万,3室2厅2卫, 90.3平米 ,16036元/平米,南北,低楼层,简装,双流区, 板塔结合, 8个月前
1485,龙光君悦华庭一期,95万,3室1厅1卫, 93.11平米 ,10182元/平米,西北,中楼层,其他,郫都区, 塔楼, 6个月前
1486,明信鹭湾A区,220万,3室2厅1卫, 86.97平米 ,25297元/平米,西南,高楼层,精装,成华区, 板塔结合, 1个月前
1487,兴元华盛三期,105万,2室1厅1卫, 78.68平米 ,13346元/平米,西南,低楼层,简装,成华区, 板塔结合, 4个月前
1488,天府滨河湾,69万,1室1厅1卫, 47.94平米 ,14393元/平米,东南,低楼层,简装,天府新区, 塔楼, 1个月前
1489,蓝光香瑞湖,135万,3室2厅1卫, 122.05平米 ,11062元/平米,南,中楼层,精装,温江区, 板塔结合, 1个月前
1490,绿岛筑,168万,3室1厅1卫, 91.93平米 ,18275元/平米,西南,高楼层,毛坯,锦江区, 板塔结合, 1个月前
1491,吉祥花园,71万,3室2厅3卫, 121.33平米 ,5852元/平米,南,中楼层,简装,龙泉驿区, 板楼, 1年前
1492,南湖国际社区,278万,4室2厅1卫, 177.47平米 ,15665元/平米,南,中楼层,精装,双流区, 板塔结合, 6个月前
1493,雅居乐星徽城,83万,3室2厅3卫, 102.15平米 ,8077元/平米,南,低楼层,其他,青白江区, 板楼, 6个月前
1494,城南名著,165万,3室2厅1卫, 115.9平米 ,14237元/平米,南,低楼层,精装,高新区, 板塔结合, 1个月前
1495,丽晶港,85万,2室1厅1卫, 71.51平米 ,11887元/平米,西南,中楼层,精装,温江区, 板塔结合, 6个月前
1496,青秀朗宸（二期）,398万,4室1厅1卫, 162.05平米 ,24561元/平米,东南,高楼层,精装,成华区, 板楼, 6个月前
1497,麦田国际社区,82万,3室2厅1卫, 83.82平米 ,9783元/平米,南,高楼层,简装,新都区, 板塔结合, 1个月前
1498,东城攻略,70万,1室1厅1卫, 47.23平米 ,14716元/平米,南,中楼层,简装,锦江区, 板塔结合, 5个月前
1499,华润公园九里三期,288万,4室2厅1卫, 156.73平米 ,18376元/平米,南北,低楼层,精装,双流区, 板塔结合, 3个月前
1500,生活立方,195万,3室2厅1卫, 80.18平米 ,24321元/平米,西,高楼层,简装,青羊区, 板塔结合, 1年前
1501,西岸观邸,198万,4室2厅1卫, 104.91平米 ,18874元/平米,西北,高楼层,精装,金牛区, 板塔结合, 1个月前
1502,佳美花园,122万,3室2厅1卫, 107.79平米 ,11319元/平米,东北,高楼层,简装,金牛区, 板楼, 6个月前
1503,炜岸城三期,141万,3室1厅1卫, 96.98平米 ,14488元/平米,南,中楼层,精装,龙泉驿区, 塔楼, 3个月前
1504,卓锦万黛,106万,2室1厅1卫, 77.58平米 ,13664元/平米,东南,高楼层,精装,龙泉驿区, 板塔结合, 1个月前
1505,上霖东方,58万,1室1厅1卫, 40.33平米 ,14382元/平米,西北,中楼层,简装,成华区, 板塔结合, 8个月前
1506,合能珍宝玲珑,98万,3室2厅3卫, 85.15平米 ,11510元/平米,南,高楼层,精装,龙泉驿区, 塔楼, 5个月前
1507,皇城公寓,165万,2室1厅2卫, 102.52平米 ,16095元/平米,南,中楼层,简装,锦江区, 板楼, 1年前
1508,新港国际花园,138万,3室1厅1卫, 90.06平米 ,15324元/平米,西,中楼层,简装,高新区, 塔楼, 2个月前
1509,置信学府杏林一期,93万,3室1厅2卫, 118.51平米 ,7848元/平米,南,高楼层,简装,温江区, 板塔结合, 8个月前
1510,中洲锦城湖岸,360万,3室2厅1卫, 93.67平米 ,38433元/平米,西,中楼层,毛坯,高新区, 板塔结合, 1年前
1511,和信孔雀天成,79万,2室2厅2卫, 79.62平米 ,9923元/平米,东南,高楼层,简装,温江区, 板塔结合, 1年前
1512,天地芳苑,150万,3室2厅1卫, 124.28平米 ,12054元/平米,北,中楼层,简装,金牛区, 板楼, 8个月前
1513,优地A区,96万,1室1厅1卫, 55.7平米 ,17146元/平米,东南,中楼层,精装,武侯区, 板楼, 1个月前
1514,御源大湖区,78万,2室1厅2卫, 75.07平米 ,10391元/平米,南,中楼层,简装,龙泉驿区, 塔楼, 6个月前
1515,中铁丽景书香,77万,2室1厅1卫, 69.63平米 ,11059元/平米,东北,低楼层,精装,温江区, 板塔结合, 1个月前
1516,都之都,57万,3室1厅2卫, 84.07平米 ,6721元/平米,东南,中楼层,精装,都江堰市, 板楼, 1个月前
1517,方正东街22号,69万,2室1厅1卫, 66.7平米 ,10315元/平米,东南,中楼层,其他,青羊区, 平房, 1个月前
1518,东景家园,125万,3室1厅1卫, 88.44平米 ,14134元/平米,东南,中楼层,简装,锦江区, 板楼, 1个月前
1519,万科第五城二期,135万,3室2厅2卫, 91.55平米 ,14747元/平米,南,高楼层,精装,双流区, 板塔结合, 8个月前
1520,中海右岸,169万,3室2厅1卫, 90.4平米 ,18695元/平米,东北,高楼层,精装,双流区, 板塔结合, 5个月前
1521,泉水人家二期A区,60万,1室1厅1卫, 62.39平米 ,9617元/平米,北,高楼层,毛坯,金牛区, 塔楼, 1个月前
1522,万基兰御,99万,2室1厅1卫, 66.68平米 ,14848元/平米,南,中楼层,简装,金牛区, 板楼, 5个月前
1523,雅苑,89万,3室2厅1卫, 142.43平米 ,6249元/平米,东南,低楼层,简装,龙泉驿区, 板楼, 1个月前
1524,通瑞月光湖,123万,3室1厅1卫, 96.52平米 ,12744元/平米,东北,中楼层,精装,双流区, 塔楼, 1个月前
1525,沙河壹号一期,129万,2室1厅1卫, 77.58平米 ,16628元/平米,西,低楼层,精装,锦江区, 塔楼, 1年前
1526,鲁能公馆2区,255万,3室2厅1卫, 106.11平米 ,24032元/平米,南北,中楼层,毛坯,成华区, 塔楼, 1年前
1527,湟普国际,130万,3室2厅1卫, 124.13平米 ,10473元/平米,南北,低楼层,精装,温江区, 板塔结合, 1年前
1528,铂金时代,92万,3室2厅1卫, 135.21平米 ,6805元/平米,东南,中楼层,简装,郫都区, 板塔结合, 1年前
1529,万科第五城四期,139万,3室1厅1卫, 92.99平米 ,14927元/平米,南,中楼层,精装,双流区, 板塔结合, 3个月前
1530,两河锦地,82万,2室1厅1卫, 84.52平米 ,9702元/平米,西北,低楼层,其他,金牛区, 板楼, 7个月前
1531,鑫苑鑫都汇南区,138万,3室2厅1卫, 75.04平米 ,18391元/平米,南,高楼层,精装,天府新区, 板塔结合, 4个月前
1532,中海右岸,165万,3室2厅1卫, 101.4平米 ,16273元/平米,南,低楼层,精装,双流区, 板塔结合, 2个月前
1533,华邑阳光里,148万,3室2厅1卫, 93.26平米 ,15870元/平米,东北,低楼层,精装,郫都区, 板楼, 1个月前
1534,铁狮门晶融汇,300万,2室1厅1卫, 94.51平米 ,31743元/平米,东,中楼层,精装,锦江区, 塔楼, 1年前
1535,时代锦城,86万,2室2厅2卫, 73.88平米 ,11641元/平米,南,高楼层,简装,双流区, 板塔结合, 1个月前
1536,鼎犀名城,100万,3室2厅1卫, 96.65平米 ,10347元/平米,东,低楼层,简装,郫都区, 板塔结合, 6个月前
1537,九龙仓时代上城,142万,3室1厅1卫, 84.63平米 ,16779元/平米,北,中楼层,精装,双流区, 塔楼, 9个月前
1538,保利公园198玫瑰郡,95万,3室1厅4卫, 107.95平米 ,8801元/平米,西北,中楼层,简装,新都区, 塔楼, 4个月前
1539,懋园国际商住城,220万,3室2厅1卫, 146.38平米 ,15030元/平米,东南,高楼层,简装,金牛区, 板楼, 4个月前
1540,华润凤凰城二期,345万,3室2厅1卫, 111.34平米 ,30987元/平米,西南,高楼层,精装,高新区, 板塔结合, 1年前
1541,新天地民苑,97万,3室2厅1卫, 94.66平米 ,10248元/平米,东,高楼层,毛坯,金牛区, 板楼, 2个月前
1542,宏达世纪丽景,138万,3室2厅2卫, 97.45平米 ,14162元/平米,南北,中楼层,精装,天府新区, 板塔结合, 5个月前
1543,万科金润华府,145万,2室1厅1卫, 65.31平米 ,22202元/平米,东北,中楼层,精装,锦江区, 塔楼, 1年前
1544,中交牧山美庐,118万,4室2厅1卫, 131.89平米 ,8947元/平米,东南,中楼层,简装,新津区, 板塔结合, 1年前
1545,警馨苑,145万,3室2厅2卫, 126.64平米 ,11450元/平米,南北,高楼层,简装,双流区, 板塔结合, 4个月前
1546,东篱居二期,206万,3室2厅1卫, 129.33平米 ,15929元/平米,南北,高楼层,精装,成华区, 塔楼, 6个月前
1547,明信鹭湾A区,220万,3室2厅2卫, 86.97平米 ,25297元/平米,西南,高楼层,精装,成华区, 板塔结合, 1个月前
1548,世纪光华,63万,2室1厅1卫, 78.77平米 ,7998元/平米,北,低楼层,简装,新都区, 板塔结合, 2个月前
1549,佳兆业广场,118万,2室2厅2卫, 69.13平米 ,17070元/平米,西北,中楼层,简装,青羊区, 板塔结合, 5个月前
1550,百郦锦城,146万,3室2厅1卫, 117.75平米 ,12400元/平米,东南,中楼层,毛坯,新都区, 塔楼, 11个月前
1551,兴元华盛三期,105万,2室1厅1卫, 78.68平米 ,13346元/平米,西南,低楼层,简装,成华区, 板塔结合, 4个月前
1552,天府滨河湾,69万,1室1厅1卫, 47.94平米 ,14393元/平米,东南,低楼层,简装,天府新区, 塔楼, 1个月前
1553,保利叶语,145万,3室2厅1卫, 90.3平米 ,16036元/平米,南北,低楼层,简装,双流区, 板塔结合, 8个月前
1554,龙光君悦华庭一期,95万,3室1厅1卫, 93.11平米 ,10182元/平米,西北,中楼层,其他,郫都区, 塔楼, 6个月前
1555,朗基御今缘,338万,4室2厅1卫, 117.77平米 ,28701元/平米,北,低楼层,精装,高新区, 塔楼, 11个月前
1556,雅砻阳光花园,72万,2室1厅1卫, 82.14平米 ,8766元/平米,西,中楼层,毛坯,温江区, 塔楼, 1年前
1557,御岭春天三期,79万,2室1厅1卫, 73.39平米 ,10765元/平米,东,中楼层,精装,龙泉驿区, 板塔结合, 21天前
1558,派克公馆,96万,2室2厅1卫, 89.68平米 ,10705元/平米,东南,中楼层,精装,郫都区, 板塔结合, 2个月前
1559,卓锦万黛,106万,2室1厅1卫, 77.58平米 ,13664元/平米,东南,高楼层,精装,龙泉驿区, 板塔结合, 1个月前
1560,南棠蜜邸,68万,1室1厅1卫, 45.9平米 ,14706元/平米,东南,中楼层,简装,武侯区, 塔楼, 1个月前
1561,融创南湖逸家,140万,3室1厅1卫, 84.65平米 ,16527元/平米,东南,低楼层,简装,双流区, 板塔结合, 1个月前
1562,锦江城市花园3期,155万,3室1厅2卫, 84.88平米 ,18262元/平米,东南,高楼层,精装,锦江区, 板塔结合, 1个月前
1563,雅颂居二期,366万,3室2厅1卫, 119.48平米 ,30633元/平米,东南,高楼层,简装,高新区, 板塔结合, 3个月前
1564,金巴黎,49万,3室1厅1卫, 99.43平米 ,4929元/平米,南,中楼层,精装,龙泉驿区, 板塔结合, 1个月前
1565,佳兆业威登郡,123万,3室1厅1卫, 87平米 ,14081元/平米,北,低楼层,简装,双流区, 板塔结合, 5个月前
1566,朗基少帅府,132万,4室2厅1卫, 99.43平米 ,13276元/平米,东北,低楼层,简装,郫都区, 塔楼, 8个月前
1567,观南上域,161万,2室1厅1卫, 79.15平米 ,20342元/平米,南北,低楼层,精装,武侯区, 板塔结合, 5个月前
1568,园中园西苑,140万,4室1厅1卫, 155.96平米 ,8977元/平米,南,中楼层,简装,武侯区, 板塔结合, 1个月前
1569,千和沁香华庭,158万,3室1厅1卫, 116.42平米 ,13572元/平米,南,中楼层,简装,青羊区, 板楼, 1个月前
1570,傲城,86万,2室2厅1卫, 70.27平米 ,12239元/平米,东北,中楼层,精装,郫都区, 板塔结合, 1年前
1571,心愿花园二期,51万,1室1厅1卫, 48.15平米 ,10592元/平米,南,低楼层,精装,青羊区, 塔楼, 1个月前
1572,中铁双龙湾,105万,2室1厅2卫, 82.2平米 ,12774元/平米,南,高楼层,简装,青羊区, 板塔结合, 1年前
1573,时代锦翠,100万,4室1厅1卫, 87.12平米 ,11479元/平米,东南,中楼层,简装,新都区, 板塔结合, 1个月前
1574,南湖左岸,145万,3室2厅5卫, 89.35平米 ,16229元/平米,西南,低楼层,其他,双流区, 板塔结合, 1年前
1575,电建洺悦府,245万,3室2厅1卫, 124.26平米 ,19717元/平米,南,高楼层,其他,金牛区, 板塔结合, 4个月前
1576,北辰南湖香麓,259万,4室2厅2卫, 146.56平米 ,17672元/平米,东南,高楼层,毛坯,双流区, 板塔结合, 1年前
1577,宏达世纪锦城,188万,3室1厅2卫, 99.55平米 ,18885元/平米,东北,低楼层,简装,天府新区, 板塔结合, 1年前
1578,瑞应苑,75万,3室1厅1卫, 129平米 ,5814元/平米,东南,中楼层,简装,龙泉驿区, 板楼, 1年前
1579,洲际春天广场,107万,3室1厅1卫, 77.01平米 ,13895元/平米,东南,中楼层,精装,温江区, 板塔结合, 1个月前
1580,金科一城,78万,2室1厅2卫, 51.87平米 ,15038元/平米,南,中楼层,简装,成华区, 塔楼, 7个月前
1581,美茵河谷,173万,3室2厅2卫, 127.43平米 ,13577元/平米,东南,低楼层,精装,新都区, 板塔结合, 2个月前
1582,金科天籁城,90万,2室1厅2卫, 72.72平米 ,12377元/平米,东南,中楼层,简装,成华区, 板塔结合, 1个月前
1583,天慧城,68万,3室2厅1卫, 109.68平米 ,6200元/平米,东南,中楼层,简装,郫都区, 暂无数据, 1个月前
1584,叠翠峰,105万,1室0厅1卫, 43.5平米 ,24138元/平米,南,高楼层,精装,高新区, 板楼, 1个月前
1585,青龙乾院B区,66万,1室1厅1卫, 53.82平米 ,12264元/平米,南,中楼层,简装,成华区, 板楼, 2个月前
1586,九里教师苑,60万,2室1厅2卫, 67.68平米 ,8866元/平米,西南,高楼层,简装,金牛区, 板楼, 5个月前
1587,金色鱼凫,142万,4室2厅2卫, 138.76平米 ,10234元/平米,东南,低楼层,精装,温江区, 塔楼, 1年前
1588,地源吾舍,130万,3室2厅1卫, 82.65平米 ,15729元/平米,西,中楼层,精装,天府新区, 塔楼, 1个月前
1589,中铁奥维尔二期,92万,3室1厅1卫, 88.87平米 ,10330元/平米,西南,高楼层,其他,郫都区, 塔楼, 3个月前
1590,南湖国际社区一期,100万,2室2厅2卫, 77平米 ,12988元/平米,东,低楼层,精装,双流区, 塔楼, 4个月前
1591,锦绣阳光(温江),66万,2室2厅1卫, 81.36平米 ,8113元/平米,东南,中楼层,简装,温江区, 板楼, 2个月前
1592,塔子山壹号,430万,4室1厅1卫, 138.34平米 ,31083元/平米,西南,低楼层,精装,锦江区, 塔楼, 1个月前
1593,中海龙湾半岛,229万,3室2厅1卫, 119.31平米 ,19194元/平米,西,低楼层,简装,武侯区, 板楼, 1年前
1594,懋园国际商住城,168万,3室2厅1卫, 126.01平米 ,13333元/平米,南,高楼层,简装,金牛区, 板楼, 1年前
1595,御岭春天三期,79万,2室1厅1卫, 73.39平米 ,10765元/平米,东,中楼层,精装,龙泉驿区, 板塔结合, 21天前
1596,中海右岸二期,125万,2室2厅4卫, 71.77平米 ,17417元/平米,北,中楼层,精装,双流区, 板塔结合, 3个月前
1597,金牛万达B组团,102万,2室1厅1卫, 57.73平米 ,17669元/平米,西南,中楼层,精装,金牛区, 塔楼, 8个月前
1598,泰逸美景,125万,2室1厅1卫, 99.32平米 ,12586元/平米,南,中楼层,精装,金牛区, 板塔结合, 6个月前
1599,美洲花园棕榈湾,130万,2室1厅1卫, 78.4平米 ,16582元/平米,东北,高楼层,精装,新都区, 板楼, 2个月前
1600,艺苑生活圈,46万,2室1厅1卫, 88.87平米 ,5177元/平米,东南,低楼层,其他,温江区, 板楼, 4个月前
1601,佰客郡,63万,2室1厅1卫, 62.22平米 ,10126元/平米,南,高楼层,简装,双流区, 板楼, 4个月前
1602,中房蓝水湾,87万,2室1厅1卫, 62.2平米 ,13972元/平米,东南,高楼层,精装,成华区, 塔楼, 4个月前
1603,溪桥苑小区一期,75万,3室1厅2卫, 122.22平米 ,6137元/平米,西南,低楼层,精装,新都区, 暂无数据, 1个月前
1604,郭家桥西街3号,112万,3室1厅1卫, 65.33平米 ,17144元/平米,南,低楼层,精装,武侯区, 板楼, 2个月前
1605,金辉悦府,81万,2室2厅1卫, 72.26平米 ,11210元/平米,东南,高楼层,精装,郫都区, 塔楼, 1个月前
1606,温江一地,92万,4室2厅1卫, 174.32平米 ,5278元/平米,东南,高楼层,毛坯,双流区, 板楼, 1个月前
1607,春熙苑一期,109万,2室1厅1卫, 70.47平米 ,15468元/平米,东南,低楼层,简装,成华区, 板楼, 25天前
1608,金强大学城,66万,3室2厅1卫, 83.5平米 ,7905元/平米,东北,高楼层,简装,温江区, 板塔结合, 1年前
1609,华腾舒云居,107万,2室1厅1卫, 72.62平米 ,14707元/平米,南北,高楼层,简装,双流区, 板塔结合, 1个月前
1610,招商依云上城一期,74万,3室2厅1卫, 81.74平米 ,9017元/平米,北,低楼层,简装,龙泉驿区, 塔楼, 2个月前
1611,三四八小区,50万,2室1厅1卫, 76.78平米 ,6513元/平米,东南,中楼层,精装,郫都区, 板塔结合, 1个月前
1612,中铁奥维尔一期,63万,2室1厅1卫, 91.35平米 ,6897元/平米,东南,低楼层,简装,郫都区, 塔楼, 4个月前
1613,骑士郡,115万,3室1厅1卫, 87.98平米 ,13072元/平米,西,低楼层,简装,双流区, 板塔结合, 4个月前
1614,翠晨记,49万,2室1厅1卫, 62.91平米 ,7789元/平米,西南,低楼层,精装,龙泉驿区, 板塔结合, 3个月前
1615,嘉裕第六洲悠泊屿,63万,3室2厅1卫, 118.18平米 ,5331元/平米,南,低楼层,毛坯,崇州市, 板楼, 6个月前
1616,龙湖弗莱明戈一期,115万,3室2厅1卫, 91.73平米 ,12537元/平米,西南,高楼层,精装,郫都区, 塔楼, 4个月前
1617,绿地国际花都三期,81万,3室2厅1卫, 83.1平米 ,9700元/平米,西南,高楼层,简装,郫都区, 塔楼, 5个月前
1618,嘉云台,96万,2室2厅1卫, 91.81平米 ,10457元/平米,南北,低楼层,简装,武侯区, 塔楼, 6个月前
1619,卓锦万黛,110万,3室1厅1卫, 88.84平米 ,12382元/平米,西北,高楼层,精装,龙泉驿区, 板塔结合, 2个月前
1620,南门绿郡,520万,3室1厅1卫, 161.88平米 ,32123元/平米,南,高楼层,精装,高新区, 板塔结合, 4个月前
1621,鑫苑鑫都汇,130万,3室2厅1卫, 73.85平米 ,17604元/平米,西北,中楼层,精装,天府新区, 板塔结合, 8个月前
1622,金沙愉景二期,175万,3室2厅1卫, 90.18平米 ,19406元/平米,东南,低楼层,精装,青羊区, 板塔结合, 5个月前
1623,南湖世纪,165万,3室1厅1卫, 96.62平米 ,17078元/平米,东,中楼层,精装,双流区, 塔楼, 3个月前
1624,三都汇朝外,139万,2室1厅1卫, 74.1平米 ,18759元/平米,南,中楼层,精装,双流区, 板塔结合, 1年前
1625,蓝光金悦派,105万,2室1厅1卫, 60.74平米 ,17287元/平米,南,高楼层,精装,高新区, 塔楼, 1个月前
1626,泉水东苑B区,98万,2室1厅1卫, 87.06平米 ,11257元/平米,北,中楼层,其他,金牛区, 板楼, 1个月前
1627,金色逸景,81万,3室2厅2卫, 112.28平米 ,7197元/平米,西北,中楼层,毛坯,龙泉驿区, 板楼, 3个月前
1628,龙湖世纪峰景,283万,3室1厅1卫, 127.3平米 ,22231元/平米,西南,低楼层,精装,高新区, 板塔结合, 9个月前
1629,东方丽苑,75万,2室1厅1卫, 71.1平米 ,10521元/平米,南,高楼层,简装,成华区, 板塔结合, 4个月前
1630,保利玫瑰花语,98万,3室1厅1卫, 78.29平米 ,12518元/平米,东南,低楼层,简装,龙泉驿区, 板楼, 3个月前
1631,宗申流溪丽园,118万,3室2厅2卫, 119.51平米 ,9874元/平米,东西,中楼层,简装,双流区, 板塔结合, 6个月前
1632,汇融悉尼湾达令港,75万,2室1厅1卫, 68.58平米 ,10937元/平米,南,高楼层,简装,新都区, 板塔结合, 1个月前
1633,祥和里118号,80万,2室1厅1卫, 68.48平米 ,11683元/平米,西南,中楼层,简装,成华区, 板楼, 3个月前
1634,新华创客居,189万,3室2厅1卫, 91.73平米 ,20604元/平米,南,中楼层,精装,成华区, 塔楼, 5个月前
1635,南湖国际社区,189万,4室1厅1卫, 129.02平米 ,14649元/平米,北,低楼层,毛坯,双流区, 板塔结合, 4个月前
1636,中建天府公馆,359万,4室2厅1卫, 174.85平米 ,20532元/平米,南北,中楼层,毛坯,高新区, 板楼, 9个月前
1637,朗基少帅府,118万,3室1厅2卫, 75.74平米 ,15580元/平米,西南,高楼层,精装,郫都区, 塔楼, 7个月前
1638,林巷子11号,60万,2室1厅2卫, 43.96平米 ,13649元/平米,东南,高楼层,简装,金牛区, 板楼, 15天前
1639,成钞家园,45万,2室1厅2卫, 57.05平米 ,7888元/平米,东南,中楼层,精装,温江区, 板塔结合, 20天前
1640,世豪嘉柏,165万,3室1厅2卫, 91.02平米 ,18128元/平米,西北,高楼层,精装,武侯区, 板塔结合, 2个月前
1641,世豪嘉柏,157万,3室1厅1卫, 90.49平米 ,17350元/平米,西南,中楼层,精装,武侯区, 板塔结合, 3个月前
1642,建发金沙里,425万,4室2厅1卫, 164.27平米 ,25873元/平米,西南,中楼层,精装,青羊区, 板楼, 1年前
1643,红枫岭二期,125万,2室2厅2卫, 87.57平米 ,14275元/平米,西南,高楼层,简装,成华区, 板塔结合, 5个月前
1644,华邑阳光里,80万,3室2厅1卫, 71.52平米 ,11172元/平米,西北,高楼层,精装,郫都区, 板塔结合, 9个月前
1645,南湖时光里,102万,2室1厅1卫, 77.87平米 ,13074元/平米,东南,中楼层,精装,双流区, 暂无数据, 3个月前
1646,华宇旭辉锦绣花城,155万,3室1厅1卫, 100.84平米 ,15371元/平米,南,低楼层,精装,成华区, 板楼, 1年前
1647,石人南路13号,73万,2室1厅4卫, 81.12平米 ,9000元/平米,南北,低楼层,简装,青羊区, 板楼, 1个月前
1648,上善清波小区A,119万,2室2厅1卫, 93.44平米 ,12736元/平米,北,低楼层,简装,青羊区, 板楼, 27天前
1649,雅砻阳光花园,72万,2室1厅1卫, 82.14平米 ,8766元/平米,西,中楼层,毛坯,温江区, 塔楼, 1年前
1650,华宇楠苑,259万,3室2厅2卫, 107.91平米 ,24002元/平米,东南,高楼层,精装,新武侯区, 板塔结合, 1个月前
1651,美洲花园棕榈湾,175万,3室1厅1卫, 90.55平米 ,19327元/平米,东北,低楼层,精装,新都区, 板楼, 8个月前
1652,合能耀之城,110万,2室1厅2卫, 68.37平米 ,16089元/平米,西北,低楼层,其他,成华区, 板塔结合, 8个月前
1653,龙城1号,179万,3室2厅1卫, 129.9平米 ,13780元/平米,南,高楼层,精装,龙泉驿区, 板楼, 1个月前
1654,宏达世纪锦城,188万,3室1厅1卫, 99.55平米 ,18885元/平米,东北,低楼层,简装,天府新区, 板塔结合, 1年前
1655,北大资源紫境府二期,285万,3室1厅1卫, 116.13平米 ,24542元/平米,南,高楼层,毛坯,高新区, 板塔结合, 2个月前
1656,中环丰锦,265万,3室2厅1卫, 97.58平米 ,27158元/平米,东南,低楼层,毛坯,武侯区, 板塔结合, 1年前
1657,凤凰铭筑,33万,3室1厅2卫, 95.15平米 ,3448元/平米,东南,中楼层,其他,青白江区, 板塔结合, 1个月前
1658,佳兆业丽晶公馆,89万,3室1厅5卫, 79.64平米 ,11176元/平米,西,高楼层,精装,新都区, 板塔结合, 4个月前
1659,西河镇东街,39万,2室1厅1卫, 74.81平米 ,5214元/平米,北,中楼层,简装,龙泉驿区, 暂无数据, 3个月前
1660,水韵天府,110万,2室1厅2卫, 76.77平米 ,14329元/平米,南,低楼层,简装,金牛区, 塔楼, 1年前
1661,合能耀之城,108万,2室1厅1卫, 61.14平米 ,17665元/平米,东,中楼层,简装,成华区, 板塔结合, 4个月前
1662,南湖半岛,95万,2室1厅1卫, 62.58平米 ,15181元/平米,南,高楼层,精装,双流区, 板塔结合, 1年前
1663,九境堂,135万,3室1厅1卫, 109.45平米 ,12335元/平米,东南,低楼层,毛坯,新都区, 暂无数据, 4个月前
1664,兴业街55号,95万,3室2厅1卫, 104.05平米 ,9131元/平米,东,中楼层,精装,龙泉驿区, 暂无数据, 25天前
1665,清水路苑,129万,3室2厅1卫, 89.49平米 ,14416元/平米,南,低楼层,精装,青羊区, 板塔结合, 5个月前
1666,绿岛筑,141万,3室2厅1卫, 89.01平米 ,15841元/平米,东南,低楼层,毛坯,锦江区, 板塔结合, 2个月前
1667,优品道四期曦岸,192万,2室1厅2卫, 78.27平米 ,24531元/平米,北,中楼层,简装,青羊区, 板塔结合, 3个月前
1668,春熙苑一期,109万,2室1厅1卫, 70.47平米 ,15468元/平米,东南,低楼层,简装,成华区, 板楼, 25天前
1669,三四八小区,50万,2室1厅2卫, 76.78平米 ,6513元/平米,东南,中楼层,精装,郫都区, 板塔结合, 1个月前
1670,中铁奥维尔一期,63万,2室1厅2卫, 91.35平米 ,6897元/平米,东南,低楼层,简装,郫都区, 塔楼, 4个月前
1671,金辉悦府,81万,2室2厅1卫, 72.26平米 ,11210元/平米,东南,高楼层,精装,郫都区, 塔楼, 1个月前
1672,金强大学城,66万,3室2厅2卫, 83.5平米 ,7905元/平米,东北,高楼层,简装,温江区, 板塔结合, 1年前
1673,华腾舒云居,107万,2室1厅1卫, 72.62平米 ,14707元/平米,南北,高楼层,简装,双流区, 板塔结合, 1个月前
1674,中海右岸二期,125万,2室2厅1卫, 71.77平米 ,17417元/平米,北,中楼层,精装,双流区, 板塔结合, 3个月前
1675,佰客郡,63万,2室1厅2卫, 62.22平米 ,10126元/平米,南,高楼层,简装,双流区, 板楼, 4个月前
1676,艺苑生活圈,46万,2室1厅1卫, 88.87平米 ,5177元/平米,东南,低楼层,其他,温江区, 板楼, 4个月前
1677,招商依云上城一期,74万,3室2厅1卫, 81.74平米 ,9017元/平米,北,低楼层,简装,龙泉驿区, 塔楼, 2个月前
1678,蓝岸丽景,117万,2室2厅1卫, 92.59平米 ,12637元/平米,南,低楼层,精装,天府新区, 板塔结合, 1年前
1679,彩叠园二期,130万,3室2厅1卫, 102.2平米 ,12721元/平米,南,中楼层,精装,温江区, 板塔结合, 1个月前
1680,青城外滩,53万,2室1厅1卫, 79.84平米 ,6576元/平米,西南,中楼层,简装,都江堰市, 板楼, 6个月前
1681,合能四季城三期,65万,2室1厅1卫, 65.05平米 ,9916元/平米,东北,低楼层,精装,郫都区, 塔楼, 1年前
1682,洛森堡,146万,3室2厅1卫, 116.85平米 ,12495元/平米,东南,低楼层,简装,天府新区, 塔楼, 2个月前
1683,金沙美邻丽雅苑,56万,1室1厅1卫, 43.99平米 ,12731元/平米,西北,低楼层,其他,金牛区, 板楼, 1个月前
1684,橙花风景,144万,2室1厅1卫, 77.56平米 ,18567元/平米,西南,低楼层,精装,青羊区, 板塔结合, 3个月前
1685,金沙柏林郡,85万,2室1厅1卫, 68.78平米 ,12359元/平米,东北,低楼层,简装,青羊区, 板塔结合, 1年前
1686,欣盛家园,85万,3室2厅1卫, 130.93平米 ,6493元/平米,东南,中楼层,简装,温江区, 板塔结合, 1年前
1687,星城银座,88万,1室0厅1卫, 28.6平米 ,30770元/平米,东,高楼层,简装,锦江区, 板塔结合, 1个月前
1688,光华杏林,55万,1室1厅1卫, 50.24平米 ,10848元/平米,北,高楼层,简装,青羊区, 塔楼, 2个月前
1689,保利花园五期悦榕郡,220万,3室1厅2卫, 97.51平米 ,22562元/平米,东南,高楼层,精装,新武侯区, 板塔结合, 4个月前
1690,恒德路6号,100万,3室2厅2卫, 94.6平米 ,10571元/平米,东,中楼层,简装,金牛区, 板楼, 1年前
1691,金地嘉年华城B区,338万,5室3厅1卫, 222.71平米 ,15177元/平米,东南,高楼层,精装,青羊区, 板楼, 6个月前
1692,三利麓山城春风里,135万,2室2厅1卫, 85.75平米 ,15744元/平米,北,中楼层,精装,天府新区, 板塔结合, 1年前
1693,融创NANO公馆,95万,2室1厅2卫, 50.88平米 ,18633元/平米,南,中楼层,精装,天府新区, 板塔结合, 6个月前
1694,中大君悦金沙一二期,300万,3室1厅1卫, 126.11平米 ,23789元/平米,西南,中楼层,简装,青羊区, 板楼, 3个月前
1695,玺印上院,95万,3室1厅1卫, 84.67平米 ,11221元/平米,东南,低楼层,精装,龙泉驿区, 板楼, 1年前
1696,朗基御今缘,372万,4室2厅1卫, 118.28平米 ,31451元/平米,南,中楼层,精装,高新区, 塔楼, 4个月前
1697,双吉社区48号院,72万,2室1厅1卫, 50.52平米 ,14252元/平米,西,高楼层,精装,高新区, 板楼, 4个月前
1698,御岭春天三期,85万,2室1厅2卫, 77.63平米 ,10950元/平米,东南,低楼层,精装,龙泉驿区, 板塔结合, 28天前
1699,金巴黎,20万,1室1厅1卫, 36.25平米 ,5463元/平米,东南,中楼层,简装,龙泉驿区, 板塔结合, 2个月前
1700,上行东方,185万,3室2厅1卫, 125.58平米 ,14732元/平米,南,高楼层,精装,成华区, 板楼, 2个月前
1701,蓝光雍锦丽府,470万,4室3厅1卫, 151.98平米 ,30926元/平米,东北,高楼层,精装,武侯区, 暂无数据, 1个月前
1702,恒大御龙天峰,85万,3室2厅1卫, 111.15平米 ,7648元/平米,东南,高楼层,简装,龙泉驿区, 塔楼, 1个月前
1703,奥园公园府邸,210万,3室2厅1卫, 103.27平米 ,20336元/平米,南,中楼层,精装,天府新区, 板塔结合, 1年前
1704,聚雅苑,53万,1室1厅1卫, 42.15平米 ,12575元/平米,南,低楼层,毛坯,高新区, 板楼, 1年前
1705,西区花园别墅绿之韵,163万,4室2厅2卫, 161.45平米 ,10097元/平米,东南,低楼层,精装,郫都区, 板楼, 5个月前
1706,世纪金沙,195万,3室1厅1卫, 92.66平米 ,21045元/平米,东北,高楼层,精装,青羊区, 塔楼, 6个月前
1707,益民苑,80万,2室1厅1卫, 69.43平米 ,11523元/平米,东北,中楼层,简装,金牛区, 板楼, 3个月前
1708,南湖时光里,102万,2室1厅2卫, 77.87平米 ,13074元/平米,东南,中楼层,精装,双流区, 暂无数据, 3个月前
1709,华邑阳光里,80万,3室2厅2卫, 71.52平米 ,11172元/平米,西北,高楼层,精装,郫都区, 板塔结合, 9个月前
1710,金河谷五期,86万,3室1厅1卫, 76.31平米 ,11270元/平米,西北,中楼层,毛坯,温江区, 塔楼, 6个月前
1711,金色逸景,81万,3室2厅1卫, 112.28平米 ,7197元/平米,西北,中楼层,毛坯,龙泉驿区, 板楼, 3个月前
1712,正成拉斐,149万,3室1厅1卫, 86.61平米 ,17204元/平米,东南,高楼层,精装,金牛区, 塔楼, 7个月前
1713,中央花园四期,75万,2室1厅1卫, 68.8平米 ,10829元/平米,东南,中楼层,简装,武侯区, 板楼, 1个月前
1714,幸福时光,40万,1室0厅1卫, 35.62平米 ,11230元/平米,东南,低楼层,精装,武侯区, 板楼, 11个月前
1715,海天阁,116万,3室1厅1卫, 90.46平米 ,12824元/平米,东南,高楼层,简装,武侯区, 板楼, 5个月前
1716,天慧城,68万,3室2厅1卫, 109.68平米 ,6200元/平米,东南,中楼层,简装,郫都区, 暂无数据, 1个月前
1717,九里教师苑,60万,2室1厅3卫, 67.68平米 ,8866元/平米,西南,高楼层,简装,金牛区, 板楼, 5个月前
1718,青龙乾院B区,66万,1室1厅1卫, 53.82平米 ,12264元/平米,南,中楼层,简装,成华区, 板楼, 2个月前
1719,天鹅湖花园,310万,3室2厅2卫, 200.78平米 ,15440元/平米,西北,中楼层,简装,高新区, 塔楼, 7个月前
1720,叠翠峰,105万,1室0厅1卫, 43.5平米 ,24138元/平米,南,高楼层,精装,高新区, 板楼, 1个月前
1721,恒大天府半岛二期,148万,3室1厅2卫, 94.65平米 ,15637元/平米,东南,高楼层,精装,天府新区, 板塔结合, 1年前
1722,万科翡翠公园,259万,3室1厅1卫, 92.96平米 ,27862元/平米,南,高楼层,精装,天府新区, 塔楼, 1年前
1723,金科一城,84万,2室1厅1卫, 50.61平米 ,16558元/平米,南,高楼层,精装,成华区, 塔楼, 1个月前
1724,中铁塔米亚,104万,3室2厅1卫, 83.92平米 ,12381元/平米,西南,中楼层,精装,郫都区, 板塔结合, 1年前
1725,中铁塔米亚,110万,3室2厅1卫, 97.63平米 ,11268元/平米,东北,中楼层,精装,郫都区, 板塔结合, 1年前
1726,中建天府公馆,280万,3室2厅1卫, 133.3平米 ,21006元/平米,北,低楼层,毛坯,高新区, 板楼, 1年前
1727,金科天籁城,90万,2室1厅1卫, 72.72平米 ,12377元/平米,东南,中楼层,简装,成华区, 板塔结合, 1个月前
1728,领馆国际城,89万,1室1厅1卫, 55.11平米 ,16150元/平米,南,高楼层,精装,高新区, 板楼, 1年前
1729,棕榈南岸,159万,2室1厅1卫, 93.32平米 ,17039元/平米,南,中楼层,精装,高新区, 板塔结合, 7个月前
1730,远大中央公园一期,179万,3室2厅1卫, 108.05平米 ,16567元/平米,西,中楼层,精装,双流区, 板塔结合, 1个月前
1731,莲花新区北二巷8号,70万,2室1厅1卫, 61.96平米 ,11298元/平米,东南,低楼层,简装,双流区, 板楼, 9个月前
1732,水岸华庭,117万,2室2厅1卫, 69.3平米 ,16855元/平米,东北,中楼层,精装,成华区, 塔楼, 2个月前
1733,比华利国际城二期,189万,3室2厅1卫, 91.17平米 ,20731元/平米,东南,低楼层,简装,锦江区, 塔楼, 2个月前
1734,中海锦江城云璟,189万,3室2厅1卫, 112.28平米 ,16833元/平米,西南,高楼层,精装,天府新区, 塔楼, 4个月前
1735,东方惠城B区,53万,1室1厅2卫, 48.54平米 ,10919元/平米,东南,中楼层,简装,成华区, 塔楼, 1年前
1736,锦江城市花园3期,81万,2室1厅1卫, 57.07平米 ,14194元/平米,西北,低楼层,简装,锦江区, 板塔结合, 7个月前
1737,糍粑店街10号,95万,2室1厅1卫, 72.77平米 ,13055元/平米,西南,高楼层,简装,锦江区, 板楼, 14天前
1738,棕南正街9号,105万,3室1厅1卫, 90.41平米 ,11614元/平米,西北,高楼层,简装,武侯区, 板楼, 4个月前
1739,美泉悦府,230万,3室2厅1卫, 112.54平米 ,20438元/平米,东南,低楼层,精装,武侯区, 板塔结合, 2个月前
1740,金山御景蓝湾,88万,3室2厅1卫, 115.15平米 ,7643元/平米,东南,中楼层,其他,龙泉驿区, 板塔结合, 3个月前
1741,南阳锦城,196万,4室2厅1卫, 172.45平米 ,11366元/平米,南北,高楼层,精装,双流区, 板塔结合, 8个月前
1742,武海中华锦绣,145万,3室1厅1卫, 90.36平米 ,16047元/平米,东南,中楼层,毛坯,武侯区, 板楼, 3个月前
1743,成都新天地,136万,4室1厅1卫, 111.57平米 ,12190元/平米,南,中楼层,简装,双流区, 塔楼, 1年前
1744,抚琴东北路,54万,2室1厅1卫, 48.91平米 ,11041元/平米,东南,高楼层,简装,金牛区, 板楼, 1个月前
1745,泛林格兰晴天,330万,3室1厅1卫, 146.05平米 ,22596元/平米,南,低楼层,简装,高新区, 板塔结合, 26天前
1746,锦城名都,126万,2室1厅1卫, 73.52平米 ,17139元/平米,西北,中楼层,其他,金牛区, 板塔结合, 1个月前
1747,合能珍宝琥珀,95万,3室2厅1卫, 85.32平米 ,11112元/平米,西,低楼层,精装,温江区, 板塔结合, 1个月前
1748,彩虹花园,193万,3室1厅1卫, 137.9平米 ,13996元/平米,东北,低楼层,简装,武侯区, 板楼, 1年前
1749,优客联邦三期,139万,2室1厅1卫, 79.88平米 ,17402元/平米,南,低楼层,精装,武侯区, 板楼, 1年前
1750,香山苑,120万,3室1厅1卫, 88.05平米 ,13629元/平米,西,高楼层,简装,金牛区, 板塔结合, 1年前
1751,将军街63号,85万,2室1厅1卫, 60.69平米 ,14006元/平米,东南,高楼层,毛坯,青羊区, 板塔结合, 2个月前
1752,万科金域蓝岸,209万,3室2厅2卫, 96.15平米 ,21737元/平米,南,低楼层,精装,成华区, 板塔结合, 1个月前
1753,佳州星城,158万,2室2厅1卫, 81.77平米 ,19323元/平米,东,高楼层,精装,成华区, 塔楼, 2个月前
1754,和信融锦云湾,125万,3室2厅1卫, 74.88平米 ,16694元/平米,东南,高楼层,精装,成华区, 板塔结合, 3个月前
1755,百吉街52号,66万,2室2厅1卫, 77.19平米 ,8551元/平米,南,高楼层,简装,武侯区, 板楼, 7个月前
1756,保利康桥,390万,3室2厅1卫, 123.21平米 ,31654元/平米,西南,中楼层,精装,成华区, 塔楼, 3个月前
1757,华西雅筑,148万,3室1厅1卫, 100.84平米 ,14677元/平米,西南,低楼层,简装,成华区, 板塔结合, 3个月前
1758,望江锦园,170万,3室2厅3卫, 90.47平米 ,18791元/平米,西北,高楼层,精装,锦江区, 塔楼, 2个月前
1759,中华名城2期,68万,4室1厅1卫, 119.79平米 ,5660元/平米,东,高楼层,毛坯,青白江区, 板楼, 7个月前
1760,MOMA摩玛城,132万,2室1厅1卫, 78.47平米 ,16822元/平米,东,高楼层,毛坯,锦江区, 塔楼, 1年前
1761,碧桂园城市花园,140万,3室2厅1卫, 107.42平米 ,12996元/平米,东,高楼层,精装,金牛区, 板楼, 6个月前
1762,西城天下,118万,2室2厅2卫, 72.01平米 ,16387元/平米,东南,中楼层,精装,金牛区, 板塔结合, 4个月前
1763,静水苑二期,40万,2室2厅1卫, 85.8平米 ,4663元/平米,南,中楼层,毛坯,新都区, 暂无数据, 1个月前
1764,首创国际城二期,120万,3室1厅1卫, 81.82平米 ,14667元/平米,西南,低楼层,精装,成华区, 塔楼, 6个月前
1765,康宁苑,62万,3室1厅1卫, 80.19平米 ,7732元/平米,南,中楼层,其他,双流区, 暂无数据, 7个月前
1766,筒车巷29号,78万,2室1厅1卫, 68.73平米 ,11349元/平米,东南,中楼层,简装,金牛区, 板楼, 8个月前
1767,嘉瑞苑一期,199万,3室2厅1卫, 118.91平米 ,16736元/平米,南北,低楼层,精装,武侯区, 板楼, 4个月前
1768,中国铁建北湖国际城溪檀三期,155万,3室2厅1卫, 106.71平米 ,14526元/平米,北,中楼层,精装,成华区, 板塔结合, 2个月前
1769,王家塘街91号,162万,4室2厅1卫, 109.94平米 ,14736元/平米,南,高楼层,简装,青羊区, 板楼, 11个月前
1770,中国铁建北湖国际城溪檀三期,127万,3室1厅1卫, 89.28平米 ,14225元/平米,南,低楼层,精装,成华区, 板塔结合, 9个月前
1771,钻石年代,110万,2室2厅2卫, 93.13平米 ,11812元/平米,西南,中楼层,简装,金牛区, 板楼, 5个月前
1772,丽阳天下,106万,2室1厅1卫, 62.53平米 ,16952元/平米,东,高楼层,精装,青羊区, 塔楼, 1年前
1773,时代晶科名苑,220万,2室1厅2卫, 91.65平米 ,24005元/平米,东,高楼层,简装,武侯区, 板塔结合, 11个月前
1774,昆仑华庭,180万,2室1厅2卫, 57.94平米 ,31067元/平米,南,中楼层,精装,锦江区, 板塔结合, 2个月前
1775,建发金沙里,425万,4室2厅1卫, 164.27平米 ,25873元/平米,西南,中楼层,精装,青羊区, 板楼, 1年前
1776,红枫岭二期,125万,2室2厅1卫, 87.57平米 ,14275元/平米,西南,高楼层,简装,成华区, 板塔结合, 5个月前
1777,世豪嘉柏,157万,3室1厅1卫, 90.49平米 ,17350元/平米,西南,中楼层,精装,武侯区, 板塔结合, 3个月前
1778,富丽碧蔓汀,181万,3室1厅1卫, 100.47平米 ,18016元/平米,西北,中楼层,精装,金牛区, 塔楼, 1年前
1779,幸福时光,36万,1室1厅1卫, 35.62平米 ,10107元/平米,西北,低楼层,精装,武侯区, 板楼, 7个月前
1780,蓝光金悦派,105万,2室1厅1卫, 60.74平米 ,17287元/平米,南,高楼层,精装,高新区, 塔楼, 1个月前
1781,南湖国际社区,189万,4室1厅2卫, 129.02平米 ,14649元/平米,北,低楼层,毛坯,双流区, 板塔结合, 4个月前
1782,成钞家园,45万,2室1厅1卫, 57.05平米 ,7888元/平米,东南,中楼层,精装,温江区, 板塔结合, 20天前
1783,泉水东苑B区,98万,2室1厅3卫, 87.06平米 ,11257元/平米,北,中楼层,其他,金牛区, 板楼, 1个月前
1784,世豪嘉柏,165万,3室1厅1卫, 91.02平米 ,18128元/平米,西北,高楼层,精装,武侯区, 板塔结合, 2个月前
1785,草堂北路22号,165万,3室2厅1卫, 96.2平米 ,17152元/平米,南,中楼层,精装,青羊区, 板楼, 10个月前
1786,保利玫瑰花语,98万,3室1厅1卫, 78.29平米 ,12518元/平米,东南,低楼层,简装,龙泉驿区, 板楼, 3个月前
1787,宗申流溪丽园,118万,3室2厅3卫, 119.51平米 ,9874元/平米,东西,中楼层,简装,双流区, 板塔结合, 6个月前
1788,东方丽苑,75万,2室1厅1卫, 71.1平米 ,10521元/平米,南,高楼层,简装,成华区, 板塔结合, 4个月前
1789,汇融悉尼湾达令港,75万,2室1厅2卫, 68.58平米 ,10937元/平米,南,高楼层,简装,新都区, 板塔结合, 1个月前
1790,龙湖三千城A区,210万,3室2厅1卫, 94.59平米 ,22202元/平米,西北,高楼层,精装,成华区, 板塔结合, 1个月前
1791,卓锦城三期,244万,3室2厅1卫, 131.76平米 ,18519元/平米,南,中楼层,精装,锦江区, 塔楼, 5个月前
1792,千和馨城,178万,4室2厅1卫, 137.55平米 ,12941元/平米,东南,高楼层,精装,金牛区, 板塔结合, 1年前
1793,中洲中央城邦,550万,4室1厅2卫, 167.33平米 ,32870元/平米,东,低楼层,精装,锦江区, 板塔结合, 1年前
1794,人居锦尚春天A区,140万,3室1厅1卫, 90.49平米 ,15472元/平米,东南,中楼层,简装,锦江区, 板塔结合, 4个月前
1795,西南电力设计院小区,133万,3室2厅1卫, 88.92平米 ,14958元/平米,南,中楼层,简装,成华区, 板楼, 1年前
1796,招商依云上城一期,78万,3室2厅1卫, 81.4平米 ,9583元/平米,东,中楼层,精装,龙泉驿区, 板塔结合, 3个月前
1797,锦江城市花园3期,80万,2室2厅1卫, 57.77平米 ,13849元/平米,东南,中楼层,简装,锦江区, 板塔结合, 3个月前
1798,中海右岸,128万,2室1厅1卫, 72.51平米 ,17653元/平米,北,高楼层,精装,双流区, 塔楼, 2个月前
1799,鑫苑名家二期,128万,2室2厅2卫, 73.94平米 ,17312元/平米,东南,中楼层,精装,锦江区, 板塔结合, 4个月前
1800,府河音乐花园,139万,3室2厅2卫, 122.73平米 ,11326元/平米,东西,高楼层,精装,天府新区, 板塔结合, 2个月前
1801,华宇天府花城二期,99万,3室1厅1卫, 96.62平米 ,10247元/平米,东南,高楼层,简装,郫都区, 塔楼, 4个月前
1802,中海万锦熙岸,328万,4室2厅2卫, 141.77平米 ,23137元/平米,南,中楼层,精装,天府新区, 板楼, 1年前
1803,积家御景,114万,3室1厅1卫, 92.64平米 ,12306元/平米,南,高楼层,精装,温江区, 塔楼, 14天前
1804,洲际亚洲湾A区,130万,3室2厅4卫, 100.87平米 ,12869元/平米,东南,中楼层,精装,温江区, 板塔结合, 8个月前
1805,恒大上林苑,162万,4室2厅1卫, 204.56平米 ,7920元/平米,南,低楼层,其他,新都区, 板塔结合 , 1个月前
1806,中道街99号,210万,3室2厅1卫, 104.84平米 ,20031元/平米,南,高楼层,精装,锦江区, 板楼, 7个月前
1807,欧洲印象,125万,3室2厅1卫, 88.57平米 ,14114元/平米,北,中楼层,精装,双流区, 板塔结合, 3个月前
1808,茂业豪园,50万,1室1厅2卫, 27.84平米 ,17960元/平米,西北,中楼层,精装,锦江区, 塔楼, 1个月前
1809,翡翠城四期,148万,2室2厅2卫, 85.21平米 ,17369元/平米,西北,中楼层,其他,锦江区, 板塔结合, 5个月前
1810,一里阳光,62万,2室2厅1卫, 63.68平米 ,9737元/平米,东南,低楼层,精装,郫都区, 塔楼, 1个月前
1811,棕南正街9号,109万,3室2厅2卫, 92.5平米 ,11784元/平米,西北,高楼层,简装,武侯区, 板楼, 3个月前
1812,中铁塔米亚,87万,2室2厅1卫, 75.31平米 ,11553元/平米,西南,高楼层,精装,郫都区, 板塔结合, 6个月前
1813,佳兆业丽晶公馆,119万,3室2厅2卫, 88.14平米 ,13456元/平米,东南,中楼层,精装,新都区, 塔楼, 5个月前
1814,外滩,175万,3室1厅2卫, 90.89平米 ,19255元/平米,东北,低楼层,简装,锦江区, 板塔结合, 5个月前
1815,保利爱尚里,100万,3室1厅1卫, 81.35平米 ,12268元/平米,东,低楼层,毛坯,新都区, 板塔结合, 4个月前
1816,上池正街39号,106万,2室1厅1卫, 71.64平米 ,14797元/平米,东南,高楼层,精装,青羊区, 板楼, 3个月前
1817,保利玫瑰花语,128万,3室1厅2卫, 85.67平米 ,14942元/平米,西,低楼层,精装,龙泉驿区, 板楼, 7个月前
1818,蓝光富丽花城,96万,2室2厅1卫, 77.44平米 ,12397元/平米,西,中楼层,简装,成华区, 板塔结合, 15天前
1819,保利玫瑰花语,97万,3室2厅1卫, 77.44平米 ,12526元/平米,南北,高楼层,简装,龙泉驿区, 板楼, 7个月前
1820,荣盛花语城,125万,2室2厅1卫, 64.44平米 ,19398元/平米,北,高楼层,精装,青羊区, 塔楼, 7个月前
1821,十二桥路16号附2号,100万,3室1厅2卫, 58.64平米 ,16968元/平米,南,中楼层,简装,青羊区, 板楼, 4个月前
1822,香瑞楠府,135万,3室1厅1卫, 88.2平米 ,15307元/平米,南,低楼层,简装,双流区, 塔楼, 1个月前
1823,卓锦城一期,154万,2室1厅1卫, 98.51平米 ,15633元/平米,西南,高楼层,简装,锦江区, 板塔结合, 1个月前
1824,蓝润睿城,46万,1室1厅1卫, 40.28平米 ,11421元/平米,东南,高楼层,精装,温江区, 塔楼, 1个月前
1825,阳光100米娅中心二期,110万,2室2厅1卫, 70.61平米 ,15551元/平米,东北,低楼层,精装,成华区, 塔楼, 1年前
1826,南城都汇汇雅园二期,343万,3室2厅1卫, 125.48平米 ,27336元/平米,南,低楼层,简装,武侯区, 板塔结合, 1年前
1827,南城都汇汇雅园二期,188万,2室2厅1卫, 89.85平米 ,20924元/平米,南北,低楼层,简装,武侯区, 板塔结合, 1年前
1828,保利香槟国际,123万,2室1厅2卫, 83.6平米 ,14713元/平米,西南,中楼层,精装,金牛区, 板楼, 3个月前
1829,首创国际城二期,120万,3室1厅2卫, 81.82平米 ,14667元/平米,西南,低楼层,精装,成华区, 塔楼, 6个月前
1830,明星花苑,30万,1室1厅1卫, 58.76平米 ,5106元/平米,南,高楼层,简装,龙泉驿区, 板楼, 20天前
1831,首创国际城二期,199万,4室2厅1卫, 129.54平米 ,15363元/平米,东北,高楼层,精装,成华区, 塔楼, 21天前
1832,莱茵河畔,258万,5室1厅1卫, 164.73平米 ,15662元/平米,东,高楼层,精装,武侯区, 塔楼, 1个月前
1833,南桥春天,119万,3室1厅2卫, 80.33平米 ,14814元/平米,东南,低楼层,简装,高新区, 板楼, 3个月前
1834,78号观邸,255万,3室1厅1卫, 102.35平米 ,24915元/平米,东南,高楼层,简装,青羊区, 板楼, 9个月前
1835,棕榈泉国际中心,198万,2室2厅2卫, 88.84平米 ,22288元/平米,西,中楼层,精装,高新区, 板塔结合, 3个月前
1836,富丽碧蔓汀,148万,3室1厅1卫, 74.48平米 ,19872元/平米,西南,高楼层,简装,金牛区, 板塔结合, 1年前
1837,颐和京都,87万,2室1厅1卫, 52.89平米 ,16450元/平米,南北,高楼层,精装,青羊区, 塔楼, 1年前
1838,新绿季节,159万,3室1厅2卫, 102平米 ,15589元/平米,东,中楼层,精装,武侯区, 板楼, 1个月前
1839,和信孔雀天成,85万,2室2厅1卫, 79.31平米 ,10693元/平米,南,低楼层,简装,温江区, 板塔结合, 6个月前
1840,东原阅墅,210万,4室2厅1卫, 209.63平米 ,10018元/平米,西,低楼层,毛坯,温江区, 塔楼, 1个月前
1841,招商依云上城二期,95万,3室2厅1卫, 98.53平米 ,9642元/平米,西,低楼层,精装,龙泉驿区, 板塔结合, 1个月前
1842,星光华印象,101万,3室2厅1卫, 74.56平米 ,13547元/平米,西南,中楼层,精装,温江区, 塔楼, 5个月前
1843,一品荷花,85万,2室2厅3卫, 86.19平米 ,9862元/平米,东,低楼层,精装,金牛区, 塔楼, 1年前
1844,恒大天府半岛二期,198万,4室1厅1卫, 134.3平米 ,14744元/平米,东北,中楼层,简装,天府新区, 板塔结合, 2个月前
1845,星辉西路8号,92万,3室1厅1卫, 79.87平米 ,11519元/平米,南北,中楼层,简装,金牛区, 板楼, 6个月前
1846,香山半岛,129万,2室1厅1卫, 89.59平米 ,14399元/平米,东,低楼层,精装,天府新区, 塔楼, 7个月前
1847,南湖国际社区,190万,3室2厅1卫, 135.18平米 ,14056元/平米,东西,高楼层,毛坯,双流区, 板塔结合, 1年前
1848,香瑞楠府,149万,3室2厅2卫, 97.67平米 ,15256元/平米,南,高楼层,简装,双流区, 塔楼, 5个月前
1849,万科金色城市,113万,2室1厅2卫, 72.09平米 ,15675元/平米,西南,中楼层,精装,龙泉驿区, 板塔结合, 5个月前
1850,河畔新世界,208万,3室1厅1卫, 139.61平米 ,14899元/平米,南,低楼层,精装,天府新区, 塔楼, 1个月前
1851,卓锦城四期,150万,2室2厅1卫, 88.47平米 ,16955元/平米,东南,高楼层,简装,锦江区, 板塔结合, 4个月前
1852,时代豪廷广场,77万,3室2厅1卫, 79.71平米 ,9661元/平米,西南,高楼层,精装,郫都区, 塔楼, 6个月前
1853,驿都城,112万,3室2厅1卫, 93.81平米 ,11940元/平米,东北,高楼层,毛坯,龙泉驿区, 塔楼, 1年前
1854,银锣湾,122万,3室2厅1卫, 95.67平米 ,12753元/平米,东,高楼层,精装,成华区, 板塔结合, 3个月前
1855,虹波巷29号,68万,2室1厅1卫, 62.35平米 ,10907元/平米,东,中楼层,其他,成华区, 板楼, 31天前
1856,金牛万达D组团,83万,1室1厅1卫, 55.58平米 ,14844元/平米,南,中楼层,简装,金牛区, 塔楼, 4个月前
1857,光华瑞廷,95万,2室1厅1卫, 83.5平米 ,11378元/平米,东南,中楼层,精装,温江区, 板塔结合, 1年前
1858,交大绿岭一期,135万,2室1厅2卫, 82.3平米 ,16404元/平米,东南,中楼层,精装,锦江区, 板楼, 7个月前
1859,三都汇朝外,118万,2室2厅1卫, 68.09平米 ,17331元/平米,南,高楼层,精装,双流区, 塔楼, 1个月前
1860,恒大未来城二期,130万,3室1厅1卫, 91.66平米 ,14183元/平米,北,中楼层,精装,温江区, 塔楼, 1个月前
1861,紫荆北路16号,135万,3室2厅1卫, 114.67平米 ,11773元/平米,南,中楼层,简装,武侯区, 板楼, 18天前
1862,泰合新光华府,88万,2室2厅1卫, 74.09平米 ,11878元/平米,南,高楼层,精装,温江区, 板塔结合, 10个月前
1863,富丽碧蔓汀,135万,3室1厅1卫, 82.19平米 ,16426元/平米,东,低楼层,简装,金牛区, 板塔结合, 9个月前
1864,星光华印象,117万,3室2厅1卫, 88.61平米 ,13204元/平米,西南,中楼层,精装,温江区, 塔楼, 24天前
1865,绿地悦蓉公馆,142万,3室1厅1卫, 106.41平米 ,13345元/平米,北,高楼层,毛坯,成华区, 板塔结合, 8个月前
1866,文庙前街75号,93万,3室1厅2卫, 70.27平米 ,13235元/平米,东南,高楼层,简装,青羊区, 板塔结合, 5个月前
1867,望江锦园,170万,3室2厅1卫, 90.47平米 ,18791元/平米,西北,高楼层,精装,锦江区, 塔楼, 2个月前
1868,天龙瑞景,87万,2室2厅2卫, 80.57平米 ,10737元/平米,西北,中楼层,精装,新都区, 板塔结合, 1个月前
1869,成大花园,102万,2室2厅1卫, 84.7平米 ,12043元/平米,西北,中楼层,简装,龙泉驿区, 板楼, 3个月前
1870,西派国际,845万,4室2厅2卫, 164.92平米 ,51237元/平米,东,高楼层,精装,高新区, 板塔结合, 1个月前
1871,阳光100米娅中心一期,155万,3室1厅2卫, 92.07平米 ,16836元/平米,东南,低楼层,精装,成华区, 板塔结合, 6个月前
1872,万科金润华府,142万,2室1厅1卫, 65.87平米 ,21558元/平米,东北,低楼层,精装,锦江区, 塔楼, 24天前
1873,洛森堡,135万,3室2厅1卫, 93.51平米 ,14437元/平米,东,高楼层,精装,天府新区, 塔楼, 7个月前
1874,西郡府邸,95万,3室1厅1卫, 93.27平米 ,10143元/平米,南,高楼层,毛坯,郫都区, 暂无数据, 3个月前
1875,天盛壹中心,55万,1室1厅2卫, 48.01平米 ,11456元/平米,东南,高楼层,简装,青羊区, 塔楼, 1年前
1876,长城半岛城邦一期,550万,4室2厅1卫, 164.88平米 ,33358元/平米,南北,低楼层,精装,武侯区, 板楼, 1个月前
1877,南城都汇汇彩园,375万,3室2厅2卫, 99.28平米 ,37772元/平米,南,低楼层,精装,武侯区, 板塔结合, 9个月前
1878,静水苑二期,40万,2室2厅1卫, 85.8平米 ,4663元/平米,南,中楼层,毛坯,新都区, 暂无数据, 1个月前
1879,北延新居B区,78万,3室2厅2卫, 94.47平米 ,8257元/平米,南,高楼层,简装,新都区, 板楼, 1个月前
1880,华宇天府花城,83万,3室2厅1卫, 82.28平米 ,10088元/平米,东南,高楼层,精装,郫都区, 塔楼, 6个月前
1881,保利城一期,107万,3室2厅1卫, 93.04平米 ,11501元/平米,东,低楼层,简装,新都区, 板塔结合, 1年前
1882,中莲池横街8号,149万,2室2厅1卫, 65.04平米 ,22909元/平米,东南,高楼层,简装,锦江区, 板楼, 2个月前
1883,中铁城锦南汇,178万,3室2厅1卫, 91.96平米 ,19357元/平米,北,低楼层,精装,高新区, 塔楼, 5个月前
1884,三九绿城,133万,3室2厅1卫, 101.61平米 ,13090元/平米,南北,低楼层,精装,金牛区, 板楼, 2个月前
1885,中铁诺德·观湖轩,110万,2室1厅1卫, 76.41平米 ,14397元/平米,南,低楼层,毛坯,天府新区, 板塔结合, 2个月前
1886,蓝光花满庭三期北区,117万,3室2厅1卫, 94.11平米 ,12433元/平米,西,高楼层,精装,新都区, 塔楼, 5个月前
1887,新开街7号,215万,3室1厅1卫, 74.15平米 ,28996元/平米,东南,高楼层,简装,锦江区, 板楼, 6个月前
1888,大城际,120万,2室1厅2卫, 77.94平米 ,15397元/平米,西南,高楼层,简装,高新区, 板塔结合, 2个月前
1889,优品尚东,215万,3室2厅1卫, 124.84平米 ,17223元/平米,南,高楼层,毛坯,成华区, 板塔结合, 1个月前
1890,锦东庭园,142万,2室2厅1卫, 68.72平米 ,20664元/平米,北,低楼层,毛坯,锦江区, 塔楼, 2个月前
1891,育苗路8号,69万,2室1厅4卫, 70.88平米 ,9735元/平米,东南,中楼层,简装,金牛区, 板楼, 4个月前
1892,橙郡三期,121万,3室2厅2卫, 89.6平米 ,13505元/平米,东北,高楼层,简装,金牛区, 板塔结合, 1年前
1893,银泰中心,2080万,3室2厅1卫, 281.8平米 ,73812元/平米,南,低楼层,精装,高新区, 板楼, 3个月前
1894,锦里西路123号,180万,3室2厅1卫, 106.13平米 ,16961元/平米,东西,中楼层,简装,青羊区, 塔楼, 4个月前
1895,鑫苑名家一期,113万,3室1厅1卫, 78.79平米 ,14342元/平米,东南,中楼层,简装,锦江区, 塔楼, 2个月前
1896,红帆蓝调,140万,3室2厅1卫, 116.27平米 ,12041元/平米,东南,低楼层,精装,武侯区, 板楼, 6个月前
1897,中铁瑞城锦隆时代,102万,2室1厅1卫, 62.64平米 ,16284元/平米,南,中楼层,精装,青羊区, 板塔结合, 1年前
1898,沙河丽景,188万,3室2厅1卫, 120.94平米 ,15545元/平米,西北,中楼层,精装,成华区, 板楼, 7个月前
1899,天鹅湖北苑,120万,2室1厅1卫, 75.09平米 ,15981元/平米,东,高楼层,简装,高新区, 塔楼, 9个月前
1900,上东阳光美悦林,180万,5室2厅1卫, 117.55平米 ,15313元/平米,东南,高楼层,精装,成华区, 塔楼, 22天前
1901,丽阳天下,106万,2室1厅2卫, 62.53平米 ,16952元/平米,东,高楼层,精装,青羊区, 塔楼, 1年前
1902,中国铁建北湖国际城溪檀三期,127万,3室1厅1卫, 89.28平米 ,14225元/平米,南,低楼层,精装,成华区, 板塔结合, 9个月前
1903,钻石年代,110万,2室2厅1卫, 93.13平米 ,11812元/平米,西南,中楼层,简装,金牛区, 板楼, 5个月前
1904,王家塘街91号,162万,4室2厅1卫, 109.94平米 ,14736元/平米,南,高楼层,简装,青羊区, 板楼, 11个月前
1905,盛世香河,75万,3室1厅3卫, 83.25平米 ,9010元/平米,东南,中楼层,其他,新都区, 板塔结合, 5个月前
1906,新希望锦悦北府,122万,3室2厅1卫, 119.75平米 ,10172元/平米,东,低楼层,精装,新都区, 塔楼, 7个月前
1907,蓝色港湾,112万,2室1厅1卫, 71.81平米 ,15597元/平米,西南,中楼层,其他,成华区, 塔楼, 1个月前
1908,上池正街39号,106万,2室1厅1卫, 71.64平米 ,14797元/平米,东南,高楼层,精装,青羊区, 板楼, 3个月前
1909,中道街99号,210万,3室2厅1卫, 104.84平米 ,20031元/平米,南,高楼层,精装,锦江区, 板楼, 7个月前
1910,洲际亚洲湾A区,130万,3室2厅2卫, 100.87平米 ,12869元/平米,东南,中楼层,精装,温江区, 板塔结合, 8个月前
1911,荣盛花语城,125万,2室2厅1卫, 64.44平米 ,19398元/平米,北,高楼层,精装,青羊区, 塔楼, 7个月前
1912,锦江城市花园3期,82万,2室1厅1卫, 47.64平米 ,17213元/平米,西北,低楼层,精装,锦江区, 板塔结合, 1个月前
1913,花牌坊街6号,75万,2室1厅1卫, 58.1平米 ,12909元/平米,东南,高楼层,精装,金牛区, 板楼, 1个月前
1914,西锦国际三期,80万,1室1厅1卫, 38.77平米 ,20583元/平米,西南,高楼层,精装,金牛区, 塔楼, 1个月前
1915,锦城名都,138万,2室1厅1卫, 88.69平米 ,15560元/平米,西南,高楼层,简装,金牛区, 板塔结合, 1个月前
1916,凤凰山1号,73万,3室1厅1卫, 79.32平米 ,9204元/平米,西北,高楼层,毛坯,新都区, 塔楼, 4个月前
1917,东原亲亲里,118万,2室1厅1卫, 68.44平米 ,17242元/平米,南,中楼层,精装,金牛区, 塔楼, 2个月前
1918,包家巷99号,248万,3室1厅1卫, 103.2平米 ,24032元/平米,东南,低楼层,简装,青羊区, 板塔结合, 5个月前
1919,绿地国际花都三期,82万,3室2厅1卫, 82.38平米 ,9954元/平米,东南,高楼层,简装,郫都区, 塔楼, 1个月前
1920,南城都汇汇晴园五期,210万,3室2厅1卫, 89.76平米 ,23396元/平米,南,低楼层,简装,武侯区, 板楼, 1年前
1921,昆仑华庭,180万,2室1厅2卫, 57.94平米 ,31067元/平米,南,中楼层,精装,锦江区, 板塔结合, 2个月前
1922,金沙巷16号,109万,3室2厅1卫, 129.25平米 ,8434元/平米,东南,低楼层,简装,金牛区, 板楼, 1个月前
1923,观城,195万,3室2厅2卫, 88.64平米 ,22000元/平米,东,低楼层,其他,成华区, 板塔结合, 2个月前
1924,时代丽都美语,248万,3室2厅1卫, 142.61平米 ,17391元/平米,东南,中楼层,简装,武侯区, 板塔结合, 1个月前
1925,富丽苑二期,75万,3室2厅1卫, 88.2平米 ,8481元/平米,东南,低楼层,精装,龙泉驿区, 板楼, 2个月前
1926,汇融悉尼湾达令港,119万,3室1厅1卫, 99.22平米 ,11974元/平米,北,低楼层,精装,新都区, 板塔结合, 4个月前
1927,香满庭,148万,3室2厅2卫, 116.54平米 ,12700元/平米,南,中楼层,精装,新都区, 板楼, 2个月前
1928,昊园江南壹品,65万,3室2厅1卫, 75.94平米 ,8560元/平米,东南,中楼层,其他,龙泉驿区, 塔楼, 2个月前
1929,万科第五城四期,126万,3室1厅1卫, 90.66平米 ,13899元/平米,北,高楼层,简装,双流区, 板塔结合, 2个月前
1930,雄飞新园紫郡,130万,2室1厅1卫, 78.84平米 ,16477元/平米,东南,中楼层,精装,武侯区, 板塔结合, 1个月前
1931,西贵堂,177万,4室2厅1卫, 175平米 ,10115元/平米,南,低楼层,精装,温江区, 板楼, 1年前
1932,丽景苑,90万,2室1厅1卫, 74.92平米 ,12013元/平米,南,中楼层,精装,双流区, 塔楼, 1年前
1933,合能枫丹铂麓一期,136万,3室2厅1卫, 83.56平米 ,16276元/平米,东南,低楼层,精装,天府新区, 塔楼, 1年前
1934,上霖东方,58万,1室1厅2卫, 40.33平米 ,14382元/平米,西北,中楼层,简装,成华区, 板塔结合, 8个月前
1935,明宇豪雅青城,75万,3室2厅2卫, 87.9平米 ,8533元/平米,东南,中楼层,简装,都江堰市, 板楼, 8个月前
1936,富丽园三期,51万,3室2厅1卫, 102.32平米 ,4965元/平米,西南,高楼层,简装,龙泉驿区, 板楼, 2个月前
1937,卓锦万黛,139万,3室1厅4卫, 93.89平米 ,14805元/平米,东南,中楼层,精装,龙泉驿区, 板塔结合, 3个月前
1938,龙光玖龙府二期,68万,2室2厅1卫, 74.65平米 ,9110元/平米,南北,中楼层,精装,新津区, 暂无数据, 2个月前
1939,华润橡树湾B区,103万,3室2厅1卫, 81.73平米 ,12603元/平米,西北,中楼层,精装,郫都区, 板塔结合, 4个月前
1940,远大林语城,102万,2室2厅1卫, 74.11平米 ,13764元/平米,南,中楼层,毛坯,双流区, 板楼, 8个月前
1941,朗基御香,107万,3室2厅1卫, 77.42平米 ,13821元/平米,东南,高楼层,精装,郫都区, 塔楼, 1年前
1942,公园榕郡,120万,3室2厅2卫, 101.11平米 ,11869元/平米,南,中楼层,精装,郫都区, 板塔结合, 1年前
1943,嘉裕第六洲观澜云邸,50万,3室2厅1卫, 99.15平米 ,4993元/平米,南,低楼层,毛坯,崇州市, 板楼, 1个月前
1944,蓝光COCO国际二期,122万,3室2厅1卫, 71.17平米 ,17143元/平米,南,高楼层,精装,成华区, 板塔结合, 1个月前
1945,中铁瑞景茗城,62万,2室1厅1卫, 82.69平米 ,7498元/平米,西北,低楼层,简装,郫都区, 板楼, 1个月前
1946,朗基御香,128万,3室2厅1卫, 84.77平米 ,15100元/平米,东南,高楼层,精装,郫都区, 塔楼, 2个月前
1947,玺印上院,95万,3室1厅2卫, 84.67平米 ,11221元/平米,东南,低楼层,精装,龙泉驿区, 板楼, 1年前
1948,凤凰1号•栖云湖,91万,4室2厅2卫, 138.73平米 ,6560元/平米,北,低楼层,毛坯,青白江区, 暂无数据, 8天前
1949,雅居乐十里花巷,100万,3室2厅1卫, 99.81平米 ,10020元/平米,南,低楼层,简装,双流区, 板塔结合, 5个月前
1950,镏金岁月,128万,1室1厅2卫, 53.11平米 ,24101元/平米,东,低楼层,精装,锦江区, 塔楼, 5个月前
1951,西岸观邸,168万,3室1厅1卫, 92.87平米 ,18090元/平米,东南,高楼层,精装,金牛区, 板塔结合, 2个月前
1952,西财学府尚郡,170万,4室2厅4卫, 158.74平米 ,10710元/平米,东南,中楼层,精装,温江区, 板楼, 2个月前
1953,西财学府尚郡,103万,4室1厅1卫, 126.7平米 ,8130元/平米,东南,低楼层,毛坯,温江区, 板楼, 7个月前
1954,珑熙郡,242万,3室2厅1卫, 86.55平米 ,27961元/平米,东南,中楼层,精装,新武侯区, 塔楼, 1个月前
1955,置信学府杏林一期,65万,2室2厅2卫, 85.72平米 ,7583元/平米,东北,中楼层,简装,温江区, 板塔结合, 6个月前
1956,新龙苑东区,153万,3室1厅1卫, 120.71平米 ,12676元/平米,南,中楼层,简装,成华区, 板楼, 2个月前
1957,绿地悦蓉公馆,142万,3室1厅1卫, 106.41平米 ,13345元/平米,北,高楼层,毛坯,成华区, 板塔结合, 8个月前
1958,文庙前街75号,93万,3室1厅2卫, 70.27平米 ,13235元/平米,东南,高楼层,简装,青羊区, 板塔结合, 5个月前
1959,沙河锦庭,158万,2室1厅1卫, 77.62平米 ,20356元/平米,西北,中楼层,精装,成华区, 塔楼, 2个月前
1960,中房北极星花园,67万,1室1厅2卫, 42.07平米 ,15926元/平米,东北,中楼层,简装,金牛区, 塔楼, 2个月前
1961,丽景华庭二期,55万,1室1厅2卫, 40.09平米 ,13720元/平米,南,高楼层,简装,武侯区, 塔楼, 3个月前
1962,建国巷1号,85万,2室1厅2卫, 71.56平米 ,11879元/平米,西,中楼层,简装,武侯区, 板楼, 7个月前
1963,绿地468公馆三期,205万,3室2厅1卫, 88.49平米 ,23167元/平米,西南,低楼层,简装,锦江区, 塔楼, 14天前
1964,永陵路13号,128万,3室2厅1卫, 93.58平米 ,13679元/平米,南,中楼层,其他,青羊区, 板楼, 7个月前
1965,牡丹名邸,180万,3室2厅1卫, 125.93平米 ,14294元/平米,东西,中楼层,简装,武侯区, 板塔结合, 1年前
1966,北新国际广场,98万,3室2厅1卫, 87.8平米 ,11162元/平米,南,中楼层,精装,新都区, 塔楼, 6个月前
1967,东方丽苑,75万,2室1厅2卫, 70.72平米 ,10606元/平米,西,中楼层,简装,成华区, 板塔结合, 2个月前
1968,正黄上岭,88万,1室1厅1卫, 48.92平米 ,17989元/平米,南,高楼层,精装,武侯区, 板塔结合, 8个月前
1969,和信沪丰领地,85万,2室1厅2卫, 73.48平米 ,11568元/平米,东南,中楼层,简装,新都区, 板楼, 3个月前
1970,中海兰庭,248万,2室1厅1卫, 89.48平米 ,27716元/平米,北,中楼层,精装,高新区, 塔楼, 5个月前
1971,天悦龙栖台,120万,3室2厅1卫, 106.91平米 ,11225元/平米,西北,中楼层,精装,龙泉驿区, 板塔结合, 3个月前
1972,海棠佳苑,140万,3室1厅1卫, 88.56平米 ,15809元/平米,南,中楼层,精装,锦江区, 塔楼, 5个月前
1973,锦西国际,38万,2室1厅2卫, 24.04平米 ,15807元/平米,北,低楼层,精装,金牛区, 塔楼, 1年前
1974,曹家巷恒大雅苑,110万,2室1厅1卫, 62.61平米 ,17570元/平米,南,中楼层,精装,金牛区, 板塔结合, 1个月前
1975,绿地468公馆三期,169万,2室1厅2卫, 76.8平米 ,21993元/平米,东北,高楼层,精装,锦江区, 塔楼, 1个月前
1976,78号观邸,400万,4室2厅1卫, 141.31平米 ,28307元/平米,东,中楼层,精装,青羊区, 板楼, 1年前
1977,和成景筑,97万,3室1厅1卫, 81.78平米 ,11862元/平米,南,中楼层,精装,新都区, 塔楼, 4个月前
1978,文庙前街86号,130万,3室1厅1卫, 76.05平米 ,17095元/平米,东南,低楼层,精装,青羊区, 暂无数据, 5个月前
1979,华润二十四城六期,195万,2室1厅1卫, 69.79平米 ,27941元/平米,东北,中楼层,精装,成华区, 板塔结合, 5个月前
1980,泰合国际财富中心,185万,2室2厅3卫, 87.97平米 ,21030元/平米,南,高楼层,简装,锦江区, 塔楼, 1年前
1981,曹家巷恒大雅苑,87万,1室1厅1卫, 54.32平米 ,16017元/平米,南,高楼层,简装,金牛区, 板塔结合, 2个月前
1982,半岛云著,72万,3室2厅1卫, 97.68平米 ,7351元/平米,南,低楼层,毛坯,新都区, 板楼, 5个月前
1983,北欧知识城二期,62万,2室2厅1卫, 75.74平米 ,8160元/平米,南,高楼层,毛坯,新都区, 板塔结合, 1个月前
1984,曹家巷恒大雅苑,214万,3室2厅2卫, 109.73平米 ,19503元/平米,东南,低楼层,精装,金牛区, 板塔结合, 3个月前
1985,彩虹花园,193万,3室1厅1卫, 137.9平米 ,13996元/平米,东北,低楼层,简装,武侯区, 板楼, 1年前
1986,锦城名都,126万,2室1厅1卫, 73.52平米 ,17139元/平米,西北,中楼层,其他,金牛区, 板塔结合, 1个月前
1987,泛林格兰晴天,330万,3室1厅1卫, 146.05平米 ,22596元/平米,南,低楼层,简装,高新区, 板塔结合, 26天前
1988,天盛壹中心,98万,2室1厅1卫, 82.09平米 ,11939元/平米,东南,高楼层,毛坯,青羊区, 塔楼, 1年前
1989,书香名苑,72万,3室2厅1卫, 126.2平米 ,5706元/平米,东南,中楼层,毛坯,新都区, 塔楼, 1个月前
1990,华润龙湾御府,140万,4室2厅1卫, 130.86平米 ,10699元/平米,西南,高楼层,精装,金牛区, 塔楼, 6个月前
1991,水木光华,212万,3室2厅1卫, 118.4平米 ,17906元/平米,东西,低楼层,简装,青羊区, 板楼, 3个月前
1992,佳美榕苑,89万,2室1厅2卫, 82.16平米 ,10833元/平米,东南,中楼层,简装,金牛区, 板楼, 11个月前
1993,合能耀之城,100万,2室1厅1卫, 64.33平米 ,15545元/平米,南,高楼层,简装,成华区, 板塔结合, 1年前
1994,星河小区,80万,2室1厅2卫, 64.63平米 ,12348元/平米,南,低楼层,精装,金牛区, 板楼, 6个月前
1995,五合苑,79万,2室1厅1卫, 57.79平米 ,13601元/平米,东南,低楼层,精装,金牛区, 板楼, 1个月前
1996,王府花园,87万,1室1厅1卫, 52.66平米 ,16522元/平米,东南,高楼层,精装,高新区, 板楼, 3个月前
1997,正府街108号,123万,2室1厅1卫, 76.56平米 ,16066元/平米,南,低楼层,简装,青羊区, 板楼, 3个月前
1998,南桥春天,119万,3室1厅1卫, 80.33平米 ,14814元/平米,东南,低楼层,简装,高新区, 板楼, 3个月前
1999,中铁诺德·观湖轩,163万,3室2厅1卫, 117.03平米 ,13929元/平米,南,中楼层,毛坯,天府新区, 板塔结合, 1年前
2000,保利金香槟,139万,2室2厅1卫, 77.75平米 ,17878元/平米,西,低楼层,精装,青羊区, 板塔结合, 10个月前
2001,尚公馆,53万,2室2厅1卫, 82.93平米 ,6391元/平米,西北,中楼层,简装,郫都区, 平房, 1年前
2002,中铁诺德·观湖轩,145万,3室2厅1卫, 114.9平米 ,12620元/平米,北,低楼层,毛坯,天府新区, 板塔结合, 1年前
2003,北欧知识城二期,62万,2室2厅1卫, 75.74平米 ,8160元/平米,南,高楼层,毛坯,新都区, 板塔结合, 1个月前
2004,曹家巷恒大雅苑,214万,3室2厅1卫, 109.73平米 ,19503元/平米,东南,低楼层,精装,金牛区, 板塔结合, 3个月前
2005,和成景筑,97万,3室1厅2卫, 81.78平米 ,11862元/平米,南,中楼层,精装,新都区, 塔楼, 4个月前
2006,文庙前街86号,130万,3室1厅1卫, 76.05平米 ,17095元/平米,东南,低楼层,精装,青羊区, 暂无数据, 5个月前
2007,新希望锦悦北府,128万,3室2厅1卫, 119.78平米 ,10687元/平米,东南,低楼层,精装,新都区, 塔楼, 5个月前
2008,半岛云著,72万,3室2厅2卫, 97.68平米 ,7351元/平米,南,低楼层,毛坯,新都区, 板楼, 5个月前
2009,曹家巷恒大雅苑,87万,1室1厅1卫, 54.32平米 ,16017元/平米,南,高楼层,简装,金牛区, 板塔结合, 2个月前
2010,北欧知识城二期,113万,4室1厅1卫, 123.45平米 ,9154元/平米,南,中楼层,精装,新都区, 板塔结合, 2个月前
2011,北欧知识城二期,63万,2室1厅2卫, 75.48平米 ,8347元/平米,南,中楼层,简装,新都区, 板塔结合, 2个月前
2012,北欧知识城二期,93万,3室2厅1卫, 101.84平米 ,9132元/平米,南,低楼层,简装,新都区, 板塔结合, 1个月前
2013,曹家巷恒大雅苑,110万,2室1厅2卫, 62.61平米 ,17570元/平米,南,中楼层,精装,金牛区, 板塔结合, 1个月前
2014,78号观邸,400万,4室2厅5卫, 141.31平米 ,28307元/平米,东,中楼层,精装,青羊区, 板楼, 1年前
2015,新世界丽晶花园,52万,1室0厅2卫, 42.86平米 ,12133元/平米,东南,高楼层,简装,青羊区, 板楼, 1年前
2016,临江苑东区,120万,1室1厅1卫, 50.99平米 ,23535元/平米,东南,高楼层,其他,高新区, 板塔结合, 6个月前
2017,白领尊邸,150万,3室1厅2卫, 118.45平米 ,12664元/平米,东北,中楼层,简装,青羊区, 塔楼, 7个月前
2018,保利爱尚里,100万,3室1厅1卫, 81.35平米 ,12268元/平米,东,低楼层,毛坯,新都区, 板塔结合, 4个月前
2019,神仙树大院三期,319万,3室2厅1卫, 132.8平米 ,24022元/平米,东北,低楼层,简装,高新区, 板楼, 6个月前
2020,君雁优禾,59万,2室1厅1卫, 63.34平米 ,9315元/平米,东南,高楼层,精装,双流区, 板楼, 2个月前
2021,中铁诺德·观湖轩,110万,2室1厅1卫, 76.41平米 ,14397元/平米,南,低楼层,毛坯,天府新区, 板塔结合, 2个月前
2022,橙郡三期,121万,3室2厅1卫, 89.6平米 ,13505元/平米,东北,高楼层,简装,金牛区, 板塔结合, 1年前
2023,银泰中心,2080万,3室2厅1卫, 281.8平米 ,73812元/平米,南,低楼层,精装,高新区, 板楼, 3个月前
2024,望江锦园,170万,3室2厅2卫, 90.47平米 ,18791元/平米,西北,高楼层,精装,锦江区, 塔楼, 2个月前
2025,天龙瑞景,87万,2室2厅1卫, 80.57平米 ,10737元/平米,西北,中楼层,精装,新都区, 板塔结合, 1个月前
2026,中铁城锦南汇,178万,3室2厅1卫, 91.96平米 ,19357元/平米,北,低楼层,精装,高新区, 塔楼, 5个月前
2027,三九绿城,133万,3室2厅1卫, 101.61平米 ,13090元/平米,南北,低楼层,精装,金牛区, 板楼, 2个月前
2028,静水苑二期,40万,2室2厅2卫, 85.8平米 ,4663元/平米,南,中楼层,毛坯,新都区, 暂无数据, 1个月前
2029,保利香槟国际,123万,2室1厅2卫, 83.6平米 ,14713元/平米,西南,中楼层,精装,金牛区, 板楼, 3个月前
2030,南城都汇汇雅园二期,343万,3室2厅1卫, 125.48平米 ,27336元/平米,南,低楼层,简装,武侯区, 板塔结合, 1年前
2031,南城都汇汇雅园二期,188万,2室2厅1卫, 89.85平米 ,20924元/平米,南北,低楼层,简装,武侯区, 板塔结合, 1年前
2032,大城际,120万,2室1厅2卫, 77.94平米 ,15397元/平米,西南,高楼层,简装,高新区, 板塔结合, 2个月前
2033,佳兆业丽晶公馆,119万,3室2厅1卫, 88.14平米 ,13456元/平米,东南,中楼层,精装,新都区, 塔楼, 5个月前
2034,神仙树大院四期,278万,3室2厅1卫, 109.98平米 ,25278元/平米,南北,高楼层,精装,高新区, 板楼, 1年前
2035,首创国际城二期,120万,3室1厅1卫, 81.82平米 ,14667元/平米,西南,低楼层,精装,成华区, 塔楼, 6个月前
2036,外滩,175万,3室1厅1卫, 90.89平米 ,19255元/平米,东北,低楼层,简装,锦江区, 板塔结合, 5个月前
2037,麓山国际SOLO公寓,48万,1室0厅1卫, 29.83平米 ,16092元/平米,西南,中楼层,简装,天府新区, 塔楼, 22天前
2038,金竹苑B区,120万,3室1厅1卫, 92.08平米 ,13033元/平米,南北,低楼层,简装,高新区, 板楼, 1年前
2039,筒车巷29号,78万,2室1厅1卫, 68.73平米 ,11349元/平米,东南,中楼层,简装,金牛区, 板楼, 8个月前
2040,维港,145万,2室1厅2卫, 85.51平米 ,16958元/平米,东南,高楼层,简装,武侯区, 板楼, 1个月前
2041,新景璟誉府,280万,4室2厅1卫, 132.9平米 ,21069元/平米,南,高楼层,精装,高新区, 板塔结合, 5个月前
2042,新希望锦悦北府,135万,3室2厅1卫, 116.57平米 ,11582元/平米,东南,中楼层,精装,新都区, 塔楼, 1年前
2043,新希望锦悦北府,145万,4室2厅1卫, 133.95平米 ,10825元/平米,南,高楼层,精装,新都区, 塔楼, 1年前
2044,中国铁建北湖国际城溪檀三期,155万,3室2厅1卫, 106.71平米 ,14526元/平米,北,中楼层,精装,成华区, 板塔结合, 2个月前
2045,华润龙湾御府,140万,4室2厅2卫, 130.86平米 ,10699元/平米,西南,高楼层,精装,金牛区, 塔楼, 6个月前
2046,水木光华,212万,3室2厅1卫, 118.4平米 ,17906元/平米,东西,低楼层,简装,青羊区, 板楼, 3个月前
2047,星河小区,80万,2室1厅2卫, 64.63平米 ,12348元/平米,南,低楼层,精装,金牛区, 板楼, 6个月前
2048,佳美榕苑,89万,2室1厅1卫, 82.16平米 ,10833元/平米,东南,中楼层,简装,金牛区, 板楼, 11个月前
2049,合能耀之城,100万,2室1厅1卫, 64.33平米 ,15545元/平米,南,高楼层,简装,成华区, 板塔结合, 1年前
2050,隆鑫十里画卷,100万,3室1厅1卫, 66.81平米 ,14968元/平米,南,高楼层,精装,双流区, 塔楼, 3个月前
2051,和信派都,92万,1室1厅1卫, 55.28平米 ,16643元/平米,东,中楼层,简装,武侯区, 塔楼, 4个月前
2052,龙湖三千里B区二期,195万,3室2厅1卫, 92.92平米 ,20986元/平米,东南,低楼层,精装,成华区, 板楼, 2个月前
2053,北大资源燕楠国际,98万,2室1厅1卫, 59.21平米 ,16552元/平米,东,低楼层,精装,双流区, 板塔结合, 25天前
2054,锐力领峰,145万,2室1厅1卫, 88.44平米 ,16396元/平米,东南,低楼层,精装,高新区, 板塔结合, 5个月前
2055,少城路11号,138万,2室2厅1卫, 69.38平米 ,19891元/平米,东南,低楼层,精装,青羊区, 板楼, 1个月前
2056,保利大都汇雅汇,175万,4室1厅1卫, 126.48平米 ,13837元/平米,南,低楼层,精装,新都区, 板塔结合, 7个月前
2057,三槐树路5号,93万,2室1厅1卫, 70.11平米 ,13265元/平米,东,中楼层,简装,锦江区, 板楼, 1年前
2058,天羽揽月轩,158万,3室1厅1卫, 76.36平米 ,20692元/平米,东南,中楼层,精装,金牛区, 塔楼, 2个月前
2059,盛世香河,75万,3室1厅1卫, 83.25平米 ,9010元/平米,东南,中楼层,其他,新都区, 板塔结合, 5个月前
2060,时代晶科名苑,220万,2室1厅2卫, 91.65平米 ,24005元/平米,东,高楼层,简装,武侯区, 板塔结合, 11个月前
2061,昆仑华庭,180万,2室1厅1卫, 57.94平米 ,31067元/平米,南,中楼层,精装,锦江区, 板塔结合, 2个月前
2062,金沙巷16号,109万,3室2厅1卫, 129.25平米 ,8434元/平米,东南,低楼层,简装,金牛区, 板楼, 1个月前
2063,兴城融域,90万,2室1厅2卫, 60.6平米 ,14852元/平米,南,低楼层,简装,青羊区, 塔楼, 1年前
2064,保利春天花语,115万,3室2厅2卫, 84.55平米 ,13602元/平米,西,高楼层,简装,新都区, 塔楼, 4个月前
2065,美丽星,125万,2室1厅1卫, 79.91平米 ,15643元/平米,南,中楼层,简装,武侯区, 板楼, 6个月前
2066,合能耀之城,112万,3室1厅1卫, 61.25平米 ,18286元/平米,东,高楼层,精装,成华区, 板塔结合, 2个月前
2067,王府花园,103万,1室1厅1卫, 55平米 ,18728元/平米,西南,中楼层,其他,高新区, 板楼, 25天前
2068,红湖公园城,43万,1室1厅1卫, 51.93平米 ,8185元/平米,东,中楼层,精装,新都区, 板塔结合, 6个月前
2069,合能耀之城,110万,2室1厅2卫, 64.32平米 ,17102元/平米,南东,高楼层,简装,成华区, 板塔结合, 16天前
2070,万科第五城二期,125万,3室1厅1卫, 78.08平米 ,16010元/平米,北,中楼层,精装,双流区, 板塔结合, 3个月前
2071,华润二十四城二期,170万,2室1厅1卫, 68.23平米 ,24916元/平米,西南,高楼层,精装,成华区, 板塔结合, 13天前
2072,华润二十四城二期,162万,2室1厅1卫, 68.4平米 ,23685元/平米,南北,低楼层,精装,成华区, 板塔结合, 31天前
2073,祥福苑(武侯),73万,1室1厅1卫, 70.54平米 ,10349元/平米,西北,中楼层,简装,武侯区, 板塔结合, 25天前
2074,晓天芳苑,215万,3室1厅2卫, 106.2平米 ,20245元/平米,南,中楼层,精装,武侯区, 板楼, 1个月前
2075,空港晶座,90万,2室1厅1卫, 81.26平米 ,11076元/平米,东西,高楼层,精装,双流区, 板楼, 1年前
2076,东景家园,135万,3室1厅1卫, 87.79平米 ,15378元/平米,东南,高楼层,精装,锦江区, 板塔结合, 1年前
2077,时代锦绣,169万,3室1厅2卫, 91.21平米 ,18529元/平米,西南,中楼层,精装,武侯区, 板塔结合, 2个月前
2078,果壳里的城,162万,4室1厅1卫, 126.19平米 ,12838元/平米,南,中楼层,精装,龙泉驿区, 板塔结合, 1年前
2079,鹭岛国际一二期,280万,3室2厅2卫, 145.24平米 ,19279元/平米,南,中楼层,精装,武侯区, 板楼, 1个月前
2080,保利公园里（一期）,148万,3室2厅1卫, 114.2平米 ,12960元/平米,东,高楼层,毛坯,金牛区, 塔楼, 10个月前
2081,国宾时光汇,170万,3室1厅1卫, 87.58平米 ,19411元/平米,东南,中楼层,其他,金牛区, 塔楼, 1个月前
2082,财富中心,129万,1室1厅2卫, 49.88平米 ,25863元/平米,西北,高楼层,简装,锦江区, 板塔结合, 8个月前
2083,成都国韵村,138万,3室2厅2卫, 88.81平米 ,15517元/平米,东,中楼层,精装,双流区, 板塔结合, 1个月前
2084,双华麓港,128万,2室1厅1卫, 85.57平米 ,14959元/平米,南,高楼层,精装,双流区, 板塔结合, 1个月前
2085,锦苑三期,152万,4室2厅2卫, 156.23平米 ,9730元/平米,东南,低楼层,毛坯,郫都区, 板塔结合, 1年前
2086,人居锦尚春天A区,140万,3室1厅2卫, 90.49平米 ,15472元/平米,东南,中楼层,简装,锦江区, 板塔结合, 4个月前
2087,西南电力设计院小区,133万,3室2厅2卫, 88.92平米 ,14958元/平米,南,中楼层,简装,成华区, 板楼, 1年前
2088,和信孔雀天成,90万,2室1厅1卫, 80.75平米 ,11121元/平米,东南,高楼层,简装,温江区, 板塔结合, 1年前
2089,招商依云上城一期,78万,3室2厅2卫, 81.4平米 ,9583元/平米,东,中楼层,精装,龙泉驿区, 板塔结合, 3个月前
2090,翡翠城四期,148万,2室2厅1卫, 85.21平米 ,17369元/平米,西北,中楼层,其他,锦江区, 板塔结合, 5个月前
2091,鲁能公馆2区,255万,3室2厅1卫, 106.75平米 ,23888元/平米,南北,中楼层,毛坯,成华区, 塔楼, 4个月前
2092,二十一世纪花园二期,195万,3室2厅1卫, 160.3平米 ,12165元/平米,南,中楼层,精装,青羊区, 板楼, 1年前
2093,三都汇朝外,150万,3室2厅1卫, 96.13平米 ,15604元/平米,南北,低楼层,精装,双流区, 塔楼, 1年前
2094,府河音乐花园,139万,3室2厅1卫, 122.73平米 ,11326元/平米,东西,高楼层,精装,天府新区, 板塔结合, 2个月前
2095,铂悦郡,105万,3室1厅1卫, 95.78平米 ,10963元/平米,东南,高楼层,简装,郫都区, 板塔结合, 1年前
2096,卓锦城三期,244万,3室2厅1卫, 131.76平米 ,18519元/平米,南,中楼层,精装,锦江区, 塔楼, 5个月前
2097,千和馨城,178万,4室2厅1卫, 137.55平米 ,12941元/平米,东南,高楼层,精装,金牛区, 板塔结合, 1年前
2098,中海万锦熙岸,328万,4室2厅2卫, 141.77平米 ,23137元/平米,南,中楼层,精装,天府新区, 板楼, 1年前
2099,华汇天地,140万,3室1厅1卫, 81.55平米 ,17168元/平米,东,中楼层,精装,双流区, 板塔结合, 10个月前
2100,中华名园三期D区,182万,2室1厅1卫, 87.58平米 ,20782元/平米,西南,低楼层,简装,武侯区, 板楼, 1个月前
2101,中洲中央城邦,550万,4室1厅1卫, 167.33平米 ,32870元/平米,东,低楼层,精装,锦江区, 板塔结合, 1年前
2102,锦江城市花园3期,80万,2室2厅1卫, 57.77平米 ,13849元/平米,东南,中楼层,简装,锦江区, 板塔结合, 3个月前
2103,万科金色城品,119万,2室1厅1卫, 71.75平米 ,16586元/平米,北,高楼层,精装,龙泉驿区, 塔楼, 3个月前
2104,金山御景蓝湾,59万,3室1厅1卫, 99.81平米 ,5892元/平米,东南,低楼层,毛坯,龙泉驿区, 板楼, 1年前
2105,首创禧瑞锦江,248万,3室2厅1卫, 123.78平米 ,20036元/平米,南,低楼层,精装,天府新区, 板楼, 1年前
2106,新村小区,54万,2室1厅2卫, 59.05平米 ,9145元/平米,东南,高楼层,简装,双流区, 暂无数据, 1个月前
2107,龙湖三千城A区,210万,3室2厅1卫, 94.59平米 ,22202元/平米,西北,高楼层,精装,成华区, 板塔结合, 1个月前
2108,新华创客居,189万,3室2厅1卫, 91.73平米 ,20604元/平米,南,中楼层,精装,成华区, 塔楼, 5个月前
2109,成钞家园,45万,2室1厅1卫, 57.05平米 ,7888元/平米,东南,中楼层,精装,温江区, 板塔结合, 20天前
2110,中铁奥维尔二期,73万,3室2厅2卫, 89.12平米 ,8169元/平米,东南,高楼层,简装,郫都区, 塔楼, 1年前
2111,万科金色城品,110万,2室2厅1卫, 71.86平米 ,15280元/平米,东,低楼层,精装,龙泉驿区, 板楼, 4个月前
2112,金河谷五期,86万,3室1厅1卫, 76.31平米 ,11270元/平米,西北,中楼层,毛坯,温江区, 塔楼, 6个月前
2113,林巷子11号,60万,2室1厅1卫, 43.96平米 ,13649元/平米,东南,高楼层,简装,金牛区, 板楼, 15天前
2114,二十一世纪花园一期,170万,3室2厅2卫, 118.35平米 ,14356元/平米,东南,中楼层,简装,青羊区, 板楼, 1个月前
2115,华润龙湾御府,140万,4室2厅1卫, 130.86平米 ,10699元/平米,西南,高楼层,精装,金牛区, 塔楼, 6个月前
2116,水木光华,212万,3室2厅2卫, 118.4平米 ,17906元/平米,东西,低楼层,简装,青羊区, 板楼, 3个月前
2117,鑫苑名家一期,113万,3室1厅1卫, 78.79平米 ,14342元/平米,东南,中楼层,简装,锦江区, 塔楼, 2个月前
2118,美丽星,125万,2室1厅1卫, 79.91平米 ,15643元/平米,南,中楼层,简装,武侯区, 板楼, 6个月前
2119,合能耀之城,112万,3室1厅2卫, 61.25平米 ,18286元/平米,东,高楼层,精装,成华区, 板塔结合, 2个月前
2120,兴城融域,90万,2室1厅1卫, 60.6平米 ,14852元/平米,南,低楼层,简装,青羊区, 塔楼, 1年前
2121,保利春天花语,115万,3室2厅1卫, 84.55平米 ,13602元/平米,西,高楼层,简装,新都区, 塔楼, 4个月前
2122,沙河明珠,110万,2室1厅1卫, 77.25平米 ,14214元/平米,西,中楼层,精装,成华区, 塔楼, 28天前
2123,九峰花园,99万,2室1厅1卫, 88.82平米 ,11147元/平米,东南,高楼层,精装,金牛区, 塔楼, 5个月前
2124,桂王桥北街25号,79万,2室1厅1卫, 65.73平米 ,12019元/平米,东南,中楼层,简装,锦江区, 板楼, 5个月前
2125,翡翠城四期,215万,3室1厅1卫, 85.71平米 ,25085元/平米,东南,高楼层,精装,锦江区, 塔楼, 2个月前
2126,保利天汇,195万,4室2厅1卫, 135.07平米 ,14437元/平米,南,中楼层,简装,金牛区, 板楼, 24天前
2127,佳美榕苑,89万,2室1厅1卫, 82.16平米 ,10833元/平米,东南,中楼层,简装,金牛区, 板楼, 11个月前
2128,合能耀之城,100万,2室1厅1卫, 64.33平米 ,15545元/平米,南,高楼层,简装,成华区, 板塔结合, 1年前
2129,星河小区,80万,2室1厅1卫, 64.63平米 ,12348元/平米,南,低楼层,精装,金牛区, 板楼, 6个月前
2130,金科天宸A区,120万,3室1厅1卫, 88.78平米 ,13517元/平米,南,高楼层,精装,温江区, 板塔结合, 6个月前
2131,王府花园,87万,1室1厅1卫, 52.66平米 ,16522元/平米,东南,高楼层,精装,高新区, 板楼, 3个月前
2132,正府街108号,123万,2室1厅1卫, 76.56平米 ,16066元/平米,南,低楼层,简装,青羊区, 板楼, 3个月前
2133,悦龙山,110万,3室2厅2卫, 92.86平米 ,11846元/平米,西北,高楼层,毛坯,龙泉驿区, 塔楼, 1年前
2134,彩虹花园,193万,3室1厅1卫, 137.9平米 ,13996元/平米,东北,低楼层,简装,武侯区, 板楼, 1年前
2135,武海中华锦绣,110万,2室1厅1卫, 89.43平米 ,12278元/平米,西,中楼层,精装,武侯区, 板楼, 1年前
2136,三里花城,155万,3室2厅1卫, 100.87平米 ,15367元/平米,西南,中楼层,毛坯,双流区, 板塔结合, 1年前
2137,北星城,170万,4室2厅1卫, 117.29平米 ,14494元/平米,南北,高楼层,简装,金牛区, 板塔结合, 1年前
2138,蓝润V客东区,150万,3室1厅1卫, 74.42平米 ,20129元/平米,西北,中楼层,其他,成华区, 板塔结合, 2个月前
2139,书香府邸二期英伦,128万,3室2厅1卫, 121.92平米 ,10499元/平米,东南,低楼层,精装,郫都区, 板楼, 1年前
2140,格兰玺城,63万,2室2厅1卫, 91.93平米 ,6854元/平米,东南,高楼层,简装,龙泉驿区, 板塔结合, 1年前
2141,美宸东方,70万,3室2厅1卫, 84.29平米 ,8281元/平米,南,中楼层,精装,龙泉驿区, 板塔结合, 1年前
2142,碧城旺丽庄园,76万,3室2厅1卫, 131.51平米 ,5749元/平米,东西,高楼层,毛坯,彭州市, 塔楼, 1个月前
2143,美洲花园二期,150万,3室1厅1卫, 127.08平米 ,11804元/平米,东南,高楼层,精装,新都区, 板楼, 10个月前
2144,紫御熙庭,125万,2室2厅1卫, 59.02平米 ,21180元/平米,西,低楼层,精装,青羊区, 板塔结合, 7个月前
2145,天邑宏御花园宏苑,85万,3室1厅2卫, 118.41平米 ,7179元/平米,东南,低楼层,毛坯,郫都区, 板楼, 1年前
2146,金沙愉景二期,151万,3室2厅2卫, 90.95平米 ,16603元/平米,东北,中楼层,简装,青羊区, 板楼, 9个月前
2147,瑞升望江橡树林二期,188万,3室2厅1卫, 90.47平米 ,20781元/平米,西北,高楼层,简装,锦江区, 塔楼, 1年前
2148,置信巴厘岛D区,178万,3室1厅1卫, 88.55平米 ,20102元/平米,东南,中楼层,简装,武侯区, 塔楼, 6个月前
2149,绿地国际花都三期,65万,2室1厅1卫, 72.11平米 ,9015元/平米,东南,低楼层,毛坯,郫都区, 塔楼, 1年前
2150,香城丽园,79万,3室2厅1卫, 131.18平米 ,5985元/平米,东南,中楼层,简装,新都区, 板楼, 7个月前
2151,东山国际新城H区三期,65万,2室2厅1卫, 70.32平米 ,9244元/平米,东南,高楼层,精装,龙泉驿区, 板塔结合, 7个月前
2152,玉龙山庄,75万,3室2厅1卫, 126.82平米 ,5914元/平米,南,低楼层,简装,龙泉驿区, 板楼, 1年前
2153,公园榕郡,54万,2室1厅1卫, 46.64平米 ,11493元/平米,东北,低楼层,简装,郫都区, 板塔结合, 1年前
2154,中铁奥维尔二期,72万,3室2厅4卫, 87.45平米 ,8234元/平米,东北,高楼层,毛坯,郫都区, 塔楼, 4个月前
2155,宏达世纪锦城,225万,4室2厅1卫, 124.77平米 ,18034元/平米,东南,中楼层,精装,天府新区, 塔楼, 3个月前
2156,中铁西郡英华二期,85万,3室1厅2卫, 89.82平米 ,9464元/平米,东南,中楼层,精装,郫都区, 板塔结合, 1年前
2157,锦江城市花园3期,88万,2室2厅1卫, 55.59平米 ,15831元/平米,东南,中楼层,精装,锦江区, 板塔结合, 7个月前
2158,沙西明珠,55万,4室2厅1卫, 130.49平米 ,4215元/平米,南,高楼层,精装,郫都区, 板楼, 6个月前
2159,铂金时代,126万,4室2厅1卫, 157.94平米 ,7978元/平米,东南,中楼层,毛坯,郫都区, 板塔结合, 1年前
2160,铂金时代,43万,1室1厅1卫, 68.64平米 ,6265元/平米,东南,低楼层,毛坯,郫都区, 板塔结合, 1个月前
2161,蔚蓝花城A区,128万,3室2厅1卫, 152.7平米 ,8383元/平米,南,低楼层,精装,龙泉驿区, 板塔结合, 29天前
2162,泉水人家二期A区,92万,2室1厅1卫, 81.38平米 ,11305元/平米,南,中楼层,简装,金牛区, 板楼, 1个月前
2163,府河路苑,105万,2室1厅1卫, 80.27平米 ,13081元/平米,东西,低楼层,其他,金牛区, 板塔结合, 19天前
2164,北大资源颐和翡翠府,238万,4室2厅1卫, 127.68平米 ,18641元/平米,南北,高楼层,简装,高新区, 塔楼, 1年前
2165,清邻街3号,95万,2室2厅1卫, 103.9平米 ,9144元/平米,南,中楼层,简装,青羊区, 板楼, 7个月前
2166,保利花园二期,278万,3室2厅1卫, 112.48平米 ,24716元/平米,东南,高楼层,简装,新武侯区, 板楼, 15天前
2167,格凌兰,108万,3室1厅2卫, 87.37平米 ,12362元/平米,东南,中楼层,简装,温江区, 板塔结合, 1个月前
2168,书香名苑,72万,3室2厅1卫, 126.2平米 ,5706元/平米,东南,中楼层,毛坯,新都区, 塔楼, 1个月前
2169,天盛壹中心,98万,2室1厅2卫, 82.09平米 ,11939元/平米,东南,高楼层,毛坯,青羊区, 塔楼, 1年前
2170,锦天国际,53万,1室0厅1卫, 53.59平米 ,9890元/平米,东南,中楼层,其他,青羊区, 板塔结合, 1个月前
2171,隆鑫十里画卷,100万,3室1厅2卫, 66.81平米 ,14968元/平米,南,高楼层,精装,双流区, 塔楼, 3个月前
2172,西沟头巷,70万,1室1厅2卫, 54.41平米 ,12866元/平米,东南,中楼层,简装,锦江区, 板楼, 20天前
2173,众合华庭,142万,3室1厅2卫, 90.73平米 ,15651元/平米,西北,中楼层,精装,金牛区, 板楼, 31天前
2174,金房月园,125万,3室2厅1卫, 120.45平米 ,10378元/平米,南,中楼层,简装,金牛区, 板楼, 1个月前
2175,书香府邸,56万,2室1厅1卫, 60.54平米 ,9251元/平米,南,高楼层,精装,郫都区, 板塔结合, 1年前
2176,梧桐世家一期,128万,3室1厅2卫, 93.44平米 ,13699元/平米,东南,低楼层,简装,高新区, 板楼, 5个月前
2177,龙湖听蓝湾二期,149万,3室2厅1卫, 111.38平米 ,13378元/平米,西,高楼层,毛坯,新都区, 板楼, 6个月前
2178,牡丹御园,166万,3室1厅1卫, 115.22平米 ,14408元/平米,南北,中楼层,精装,高新区, 板楼, 5个月前
2179,昆仑华庭,180万,2室1厅1卫, 57.94平米 ,31067元/平米,南,中楼层,精装,锦江区, 板塔结合, 2个月前
2180,合能珍宝琥珀,95万,3室2厅1卫, 85.32平米 ,11112元/平米,西,低楼层,精装,温江区, 板塔结合, 1个月前
2181,中海龙湾半岛,270万,3室2厅1卫, 121平米 ,22315元/平米,南,低楼层,精装,武侯区, 板楼, 1个月前
2182,泛林格兰晴天,330万,3室1厅1卫, 146.05平米 ,22596元/平米,南,低楼层,简装,高新区, 板塔结合, 26天前
2183,锦城名都,126万,2室1厅1卫, 73.52平米 ,17139元/平米,西北,中楼层,其他,金牛区, 板塔结合, 1个月前
2184,正成财富ID,120万,3室1厅2卫, 69.13平米 ,17359元/平米,东南,高楼层,简装,锦江区, 板楼, 19天前
2185,王府花园,103万,1室1厅1卫, 55平米 ,18728元/平米,西南,中楼层,其他,高新区, 板楼, 25天前
2186,红湖公园城,43万,1室1厅2卫, 51.93平米 ,8185元/平米,东,中楼层,精装,新都区, 板塔结合, 6个月前
2187,保利爱尚里,132万,3室1厅1卫, 90.83平米 ,14533元/平米,北,中楼层,精装,新都区, 塔楼, 2个月前
2188,玉虹巷4号,108万,3室1厅1卫, 89.83平米 ,12023元/平米,南北,高楼层,精装,高新区, 板楼, 1个月前
2189,时代晶科名苑,220万,2室1厅2卫, 91.65平米 ,24005元/平米,东,高楼层,简装,武侯区, 板塔结合, 11个月前
2190,金沙巷16号,109万,3室2厅1卫, 129.25平米 ,8434元/平米,东南,低楼层,简装,金牛区, 板楼, 1个月前
2191,锦江城市花园3期,82万,2室1厅1卫, 47.64平米 ,17213元/平米,西北,低楼层,精装,锦江区, 板塔结合, 1个月前
2192,新希望锦悦北府,122万,3室2厅1卫, 119.75平米 ,10172元/平米,东,低楼层,精装,新都区, 塔楼, 7个月前
2193,久鑫华园(交大路),45万,1室0厅1卫, 58.03平米 ,7755元/平米,西南,高楼层,简装,金牛区, 板塔结合, 3个月前
2194,新城市广场,135万,2室1厅1卫, 71.03平米 ,18978元/平米,东南,高楼层,精装,青羊区, 板塔结合, 7个月前
2195,怡丰新城,168万,3室2厅1卫, 115.86平米 ,14501元/平米,东西,高楼层,简装,高新区, 板楼, 1个月前
2196,中化滨江锦府,153万,3室1厅1卫, 85.27平米 ,17944元/平米,西北,低楼层,毛坯,锦江区, 塔楼, 5个月前
2197,洲际银海湾,130万,3室1厅1卫, 110.28平米 ,11789元/平米,西北,高楼层,简装,温江区, 板塔结合, 2个月前
2198,新东方,126万,2室1厅1卫, 85.48平米 ,14741元/平米,东南,低楼层,简装,成华区, 板塔结合, 2个月前
2199,武侯祠大街4号,75万,2室1厅1卫, 56.05平米 ,13381元/平米,东北,高楼层,简装,武侯区, 板楼, 2个月前
2200,永陵路13号,128万,3室2厅1卫, 93.58平米 ,13679元/平米,南,中楼层,其他,青羊区, 板楼, 7个月前
2201,和信沪丰领地,85万,2室1厅2卫, 73.48平米 ,11568元/平米,东南,中楼层,简装,新都区, 板楼, 3个月前
2202,新龙苑东区,153万,3室1厅2卫, 120.71平米 ,12676元/平米,南,中楼层,简装,成华区, 板楼, 2个月前
2203,天誉花园,450万,3室1厅1卫, 139.14平米 ,32342元/平米,东北,低楼层,精装,锦江区, 板塔结合, 8个月前
2204,锦绣光华,94万,2室2厅2卫, 81.61平米 ,11519元/平米,南北,中楼层,简装,青羊区, 板楼, 10个月前
2205,招商中央华城一期,210万,3室2厅2卫, 80.98平米 ,25933元/平米,南,中楼层,简装,成华区, 板塔结合, 3个月前
2206,汇厦少城琴台府,130万,1室1厅1卫, 55.35平米 ,23487元/平米,南,高楼层,简装,青羊区, 板塔结合, 7个月前
2207,北欧知识城二期,93万,3室2厅1卫, 101.84平米 ,9132元/平米,南,低楼层,简装,新都区, 板塔结合, 1个月前
2208,建国巷1号,85万,2室1厅1卫, 71.56平米 ,11879元/平米,西,中楼层,简装,武侯区, 板楼, 7个月前
2209,鸿禧花园,198万,3室2厅1卫, 134.72平米 ,14698元/平米,东,中楼层,简装,武侯区, 板塔结合, 8个月前
2210,佳兆业8号,150万,3室2厅2卫, 93.54平米 ,16036元/平米,东,低楼层,精装,双流区, 板塔结合, 5个月前
2211,城市博客C城,80万,1室1厅1卫, 50.79平米 ,15752元/平米,西,低楼层,简装,成华区, 塔楼, 5个月前
2212,鑫苑名家二期,128万,3室1厅1卫, 74.04平米 ,17288元/平米,西南,低楼层,精装,锦江区, 板塔结合, 1个月前
2213,富力史丹尼国际公寓,160万,1室0厅2卫, 54.63平米 ,29288元/平米,东,高楼层,简装,青羊区, 塔楼, 30天前
2214,绿地468公馆三期,205万,3室2厅2卫, 88.49平米 ,23167元/平米,西南,低楼层,简装,锦江区, 塔楼, 14天前
2215,新鸿基悦城,212万,2室2厅1卫, 100.4平米 ,21116元/平米,东北,中楼层,精装,天府新区, 板楼, 3个月前
2216,滨江和城,150万,3室2厅2卫, 80.45平米 ,18646元/平米,西北,中楼层,精装,天府新区, 板塔结合, 5个月前
2217,正黄上岭,88万,1室1厅1卫, 48.92平米 ,17989元/平米,南,高楼层,精装,武侯区, 板塔结合, 8个月前
2218,泰合国际财富中心,185万,2室2厅1卫, 87.97平米 ,21030元/平米,南,高楼层,简装,锦江区, 塔楼, 1年前
2219,华润二十四城六期,195万,2室1厅1卫, 69.79平米 ,27941元/平米,东北,中楼层,精装,成华区, 板塔结合, 5个月前
2220,北欧知识城二期,62万,2室2厅1卫, 75.74平米 ,8160元/平米,南,高楼层,毛坯,新都区, 板塔结合, 1个月前
2221,曹家巷恒大雅苑,214万,3室2厅1卫, 109.73平米 ,19503元/平米,东南,低楼层,精装,金牛区, 板塔结合, 3个月前
2222,丽景华庭二期,55万,1室1厅5卫, 40.09平米 ,13720元/平米,南,高楼层,简装,武侯区, 塔楼, 3个月前
2223,万科金域西岭,158万,2室2厅1卫, 90.84平米 ,17394元/平米,西南,中楼层,精装,金牛区, 板塔结合, 2个月前
2224,天悦龙栖台,120万,3室2厅1卫, 106.91平米 ,11225元/平米,西北,中楼层,精装,龙泉驿区, 板塔结合, 3个月前
2225,武侯祠大街4号,75万,2室1厅1卫, 56.05平米 ,13381元/平米,东北,高楼层,简装,武侯区, 板楼, 2个月前
2226,嘉通云尚,135万,2室1厅1卫, 79.14平米 ,17059元/平米,南,高楼层,精装,成华区, 塔楼, 1个月前
2227,永陵路13号,128万,3室2厅1卫, 93.58平米 ,13679元/平米,南,中楼层,其他,青羊区, 板楼, 7个月前
2228,招商中央华城一期,210万,3室2厅2卫, 80.98平米 ,25933元/平米,南,中楼层,简装,成华区, 板塔结合, 3个月前
2229,天誉花园,450万,3室1厅1卫, 139.14平米 ,32342元/平米,东北,低楼层,精装,锦江区, 板塔结合, 8个月前
2230,和成景筑,97万,3室1厅1卫, 81.78平米 ,11862元/平米,南,中楼层,精装,新都区, 塔楼, 4个月前
2231,文庙前街86号,130万,3室1厅2卫, 76.05平米 ,17095元/平米,东南,低楼层,精装,青羊区, 暂无数据, 5个月前
2232,新东方,175万,4室2厅2卫, 140.28平米 ,12476元/平米,西南,高楼层,简装,成华区, 板塔结合, 1年前
2233,武侯祠大街30号,108万,2室1厅1卫, 94.82平米 ,11391元/平米,南,中楼层,简装,武侯区, 板楼, 5个月前
2234,建国巷1号,85万,2室1厅1卫, 71.56平米 ,11879元/平米,西,中楼层,简装,武侯区, 板楼, 7个月前
2235,新希望锦悦北府,128万,3室2厅1卫, 119.78平米 ,10687元/平米,东南,低楼层,精装,新都区, 塔楼, 5个月前
2236,半岛云著,72万,3室2厅1卫, 97.68平米 ,7351元/平米,南,低楼层,毛坯,新都区, 板楼, 5个月前
2237,置信学府杏林一期,95万,3室1厅1卫, 118.72平米 ,8003元/平米,北,高楼层,精装,温江区, 板塔结合, 5个月前
2238,置信学府杏林一期,65万,2室2厅1卫, 85.72平米 ,7583元/平米,东北,中楼层,简装,温江区, 板塔结合, 6个月前
2239,新龙苑东区,153万,3室1厅1卫, 120.71平米 ,12676元/平米,南,中楼层,简装,成华区, 板楼, 2个月前
2240,金府花园,630万,6室2厅1卫, 237.66平米 ,26509元/平米,东南,高楼层,简装,锦江区, 塔楼, 1年前
2241,佳顺苑,137万,3室2厅1卫, 117.56平米 ,11637元/平米,南,高楼层,简装,武侯区, 板楼, 8个月前
2242,青南美湾,130万,2室2厅1卫, 89.09平米 ,14592元/平米,东南,低楼层,精装,天府新区, 板塔结合, 6个月前
2243,中国铁建北湖国际城二期,112万,3室2厅1卫, 81.79平米 ,13694元/平米,西,中楼层,其他,成华区, 板塔结合, 16天前
2244,新城市广场,172万,3室1厅1卫, 85.79平米 ,20049元/平米,西南,高楼层,简装,青羊区, 板塔结合, 9个月前
2245,恒大新城二期,90万,2室2厅1卫, 82.9平米 ,10857元/平米,东南,低楼层,精装,温江区, 板塔结合, 1个月前
2246,方池街37号,198万,3室2厅1卫, 74.07平米 ,26732元/平米,西南,低楼层,毛坯,青羊区, 板楼, 15天前
2247,万科金域蓝湾二期,185万,3室1厅1卫, 84.68平米 ,21847元/平米,东南,低楼层,简装,成华区, 塔楼, 4个月前
2248,诺金山,205万,4室1厅2卫, 148.81平米 ,13776元/平米,南,中楼层,简装,武侯区, 板塔结合, 8个月前
2249,望江橡树林一期,135万,2室1厅1卫, 74.64平米 ,18087元/平米,西,高楼层,简装,锦江区, 板塔结合, 2个月前
2250,保利大都汇·君汇,138万,3室1厅1卫, 94.16平米 ,14656元/平米,东,高楼层,精装,新都区, 板塔结合, 2个月前
2251,红牌楼北街7号,70万,2室1厅1卫, 56.25平米 ,12445元/平米,西南,低楼层,简装,武侯区, 板楼, 13天前
2252,隆基泰和铂悦山,91万,2室2厅2卫, 66.58平米 ,13698元/平米,西南,中楼层,精装,龙泉驿区, 塔楼, 15天前
2253,东景家园,101万,2室2厅1卫, 72.78平米 ,13878元/平米,东北,中楼层,精装,锦江区, 板楼, 14天前
2254,宏达世纪锦城,200万,4室2厅1卫, 93平米 ,21506元/平米,南北,中楼层,精装,天府新区, 塔楼, 13天前
2255,汇景新城,163万,3室2厅2卫, 129.75平米 ,12563元/平米,东南,中楼层,精装,新都区, 塔楼, 19天前
2256,水岸华庭,115万,2室1厅1卫, 71.24平米 ,16143元/平米,东南,中楼层,精装,成华区, 塔楼, 21天前
2257,华宇旭辉锦绣花城,180万,4室2厅1卫, 118.69平米 ,15166元/平米,南北,高楼层,精装,成华区, 板楼, 11个月前
2258,汉嘉国际,148万,3室2厅1卫, 121.55平米 ,12177元/平米,南,低楼层,精装,新都区, 板塔结合, 5个月前
2259,天府名苑,69万,1室1厅1卫, 26.68平米 ,25863元/平米,东北,低楼层,精装,金牛区, 板塔结合, 15天前
2260,金科东方雅郡,98万,3室1厅1卫, 78.4平米 ,12500元/平米,东南,低楼层,精装,龙泉驿区, 板塔结合, 1个月前
2261,宏达世纪锦城,128万,2室1厅2卫, 84.71平米 ,15111元/平米,东,高楼层,简装,天府新区, 塔楼, 9个月前
2262,三利麓山城本草荟,177万,3室2厅1卫, 108.29平米 ,16345元/平米,东南,中楼层,精装,天府新区, 塔楼, 9个月前
2263,三里花城,128万,3室1厅1卫, 94.26平米 ,13580元/平米,西,低楼层,精装,双流区, 板塔结合, 4个月前
2264,花样年智荟城,69万,3室2厅2卫, 98.87平米 ,6979元/平米,东南,中楼层,精装,崇州市, 塔楼, 3个月前
2265,怡景城市花苑,86万,3室2厅1卫, 86.7平米 ,9920元/平米,西南,低楼层,精装,郫都区, 塔楼, 1年前
2266,优品尚东,190万,3室2厅1卫, 132.56平米 ,14319元/平米,南,低楼层,简装,成华区, 板塔结合, 1年前
2267,花样年龙年国际中心,73万,3室1厅1卫, 88.2平米 ,8266元/平米,东南,高楼层,简装,郫都区, 板塔结合, 5个月前
2268,龙湖九里晴川,342万,4室2厅1卫, 125.35平米 ,27284元/平米,东西,中楼层,精装,高新区, 板塔结合, 6个月前
2269,世茂城一期,100万,2室1厅1卫, 89.33平米 ,11173元/平米,东南,高楼层,其他,龙泉驿区, 板楼, 1个月前
2270,丽景天成,105万,1室1厅1卫, 57.93平米 ,18126元/平米,西,高楼层,精装,武侯区, 板塔结合, 14天前
2271,城南坡社区一期,60万,2室1厅1卫, 69.59平米 ,8622元/平米,西北,高楼层,简装,天府新区, 板塔结合, 16天前
2272,东山国际新城H区三期,73万,3室1厅1卫, 78.36平米 ,9316元/平米,南,高楼层,简装,龙泉驿区, 板塔结合, 2个月前
2273,蜀都花园,150万,3室2厅1卫, 93.78平米 ,15995元/平米,北南,中楼层,精装,青羊区, 塔楼, 19天前
2274,杜鹃城千万间,45万,3室1厅1卫, 132.47平米 ,3397元/平米,西南,高楼层,其他,郫都区, 暂无数据, 7个月前
2275,西锦集一期,78万,2室1厅2卫, 75.69平米 ,10306元/平米,东南,高楼层,精装,郫都区, 板楼, 5个月前
2276,中海熙苑二期,216万,3室2厅1卫, 115.12平米 ,18764元/平米,东南,高楼层,精装,武侯区, 板楼, 7个月前
2277,三里花城,125万,2室1厅1卫, 75.04平米 ,16658元/平米,东南,中楼层,其他,双流区, 板塔结合, 7个月前
2278,万科第五城四期,128万,3室1厅1卫, 92.18平米 ,13886元/平米,北,低楼层,精装,双流区, 板塔结合, 4个月前
2279,翰林上岛,73万,2室1厅1卫, 65.07平米 ,11219元/平米,南西,低楼层,其他,双流区, 塔楼, 4个月前
2280,保利玫瑰花语,150万,3室2厅1卫, 95.31平米 ,15739元/平米,东北,低楼层,精装,龙泉驿区, 板楼, 5个月前
2281,鱼凫阳光,45万,2室1厅1卫, 79.54平米 ,5658元/平米,东南,高楼层,毛坯,温江区, 板楼, 8个月前
2282,蜀鑫西TOWN,90万,2室1厅2卫, 64.76平米 ,13898元/平米,东南,中楼层,精装,郫都区, 塔楼, 7个月前
2283,蓉北商贸大道一段26号,81万,2室2厅2卫, 80.12平米 ,10110元/平米,西南,中楼层,其他,金牛区, 平房, 4个月前
2284,三利麓山城春风里,185万,3室2厅2卫, 108.73平米 ,17015元/平米,东南,中楼层,精装,天府新区, 板塔结合, 2个月前
2285,风华庭,185万,3室2厅2卫, 104.75平米 ,17662元/平米,东北,高楼层,简装,武侯区, 板塔结合, 3个月前
2286,合能枫丹铂麓一期,125万,3室1厅1卫, 76.61平米 ,16317元/平米,南,高楼层,精装,天府新区, 塔楼, 3个月前
2287,花牌坊街97号,156万,4室2厅1卫, 151.24平米 ,10315元/平米,西南,高楼层,其他,金牛区, 板楼, 5个月前
2288,保利心语花园四期,320万,3室1厅1卫, 103.02平米 ,31062元/平米,东,中楼层,毛坯,高新区, 板塔结合, 3个月前
2289,双楠忆景,146万,2室2厅2卫, 76.74平米 ,19026元/平米,西南,中楼层,简装,武侯区, 板塔结合, 3个月前
2290,海桐三期,54万,1室1厅1卫, 46.63平米 ,11581元/平米,东南,低楼层,简装,锦江区, 塔楼, 7个月前
2291,绿地圣路易名邸二期,228万,3室1厅1卫, 108.08平米 ,21096元/平米,东西,高楼层,精装,武侯区, 板塔结合, 2个月前
2292,兴元绿洲一期,53万,1室1厅1卫, 44.58平米 ,11777元/平米,东南,高楼层,精装,金牛区, 板楼, 6个月前
2293,华宇阳光水岸,105万,2室1厅2卫, 79.69平米 ,13177元/平米,东南,低楼层,其他,成华区, 板塔结合, 1个月前
2294,置信丹郡湖岸,49万,2室2厅2卫, 70.53平米 ,6877元/平米,东南,低楼层,简装,彭州市, 塔楼, 4个月前
2295,商鼎国际,70万,1室1厅1卫, 56.35平米 ,12423元/平米,南,高楼层,简装,武侯区, 板塔结合, 2个月前
2296,东马棚街12号,115万,2室2厅2卫, 62.95平米 ,18269元/平米,东,高楼层,精装,青羊区, 板楼, 2个月前
2297,麓府,180万,3室2厅2卫, 103.94平米 ,17318元/平米,西南,高楼层,简装,天府新区, 塔楼, 4个月前
2298,清溪雅筑,99万,2室1厅1卫, 72.72平米 ,13614元/平米,南,中楼层,精装,青羊区, 塔楼, 1个月前
2299,鑫苑鑫都汇,139万,3室2厅1卫, 83.42平米 ,16663元/平米,东,高楼层,精装,天府新区, 板塔结合, 3个月前
2300,香澜坊,140万,3室2厅1卫, 85.5平米 ,16375元/平米,东南,高楼层,简装,成华区, 塔楼, 1个月前
2301,时代天骄,68万,2室1厅2卫, 58.06平米 ,11713元/平米,东南,中楼层,简装,青羊区, 塔楼, 17天前
2302,银诚东方国际一期,66万,2室1厅2卫, 71.36平米 ,9249元/平米,北,低楼层,精装,龙泉驿区, 板楼, 19天前
2303,中铁金花国际城,136万,2室1厅1卫, 77.82平米 ,17477元/平米,南北,高楼层,精装,武侯区, 板楼, 16天前
2304,尚林家园,65万,2室2厅4卫, 72.16平米 ,9008元/平米,东北,中楼层,精装,郫都区, 板楼, 3个月前
2305,瑞金广场,212万,4室1厅1卫, 188.64平米 ,11239元/平米,南,高楼层,简装,武侯区, 板楼, 26天前
2306,旺府豪庭,56万,2室1厅1卫, 57.44平米 ,9750元/平米,南,中楼层,其他,新都区, 塔楼, 23天前
2307,两河锦地,90万,2室2厅1卫, 85.49平米 ,10528元/平米,西南,高楼层,精装,金牛区, 板楼, 3个月前
2308,空港十六区,105万,2室1厅1卫, 80.24平米 ,13086元/平米,北,中楼层,精装,双流区, 塔楼, 1个月前
2309,绿地国际花都三期,70万,2室2厅2卫, 72.09平米 ,9711元/平米,东南,高楼层,精装,郫都区, 塔楼, 14天前
2310,华润国际社区,104万,3室1厅1卫, 77.79平米 ,13370元/平米,东南,低楼层,精装,龙泉驿区, 板塔结合, 14天前
2311,中铁瑞景茗城,60万,2室1厅1卫, 82.13平米 ,7306元/平米,东北,低楼层,简装,郫都区, 板塔结合, 1个月前
2312,超洋花园,63万,1室0厅1卫, 44.72平米 ,14088元/平米,东南,中楼层,精装,武侯区, 板塔结合, 18天前
2313,紫御熙庭,310万,3室2厅1卫, 114.94平米 ,26971元/平米,南,高楼层,简装,青羊区, 塔楼, 1个月前
2314,蓝光圣菲TOWN城,86万,2室1厅2卫, 69.34平米 ,12403元/平米,东,中楼层,精装,双流区, 塔楼, 1个月前
2315,金沙巷12号,47万,2室1厅1卫, 54.22平米 ,8669元/平米,东南,高楼层,毛坯,金牛区, 板楼, 12天前
2316,金阳易诚国际,103万,2室2厅1卫, 71.53平米 ,14400元/平米,西,低楼层,其他,青羊区, 塔楼, 6个月前
2317,光华逸家,315万,5室1厅1卫, 122.73平米 ,25667元/平米,南,高楼层,精装,青羊区, 板塔结合, 2个月前
2318,蓝光幸福满庭,95万,3室1厅1卫, 66.47平米 ,14293元/平米,东南,低楼层,简装,郫都区, 板塔结合, 16天前
2319,大石东路7号,75万,2室1厅1卫, 42.13平米 ,17803元/平米,南北,高楼层,精装,青羊区, 板楼, 1年前
2320,光华碧邻,132万,2室1厅2卫, 78.41平米 ,16835元/平米,南,中楼层,其他,青羊区, 塔楼, 5个月前
2321,万科城,125万,3室2厅1卫, 80.87平米 ,15457元/平米,西南,中楼层,精装,郫都区, 塔楼, 3个月前
2322,光华美地,121万,2室2厅1卫, 81.4平米 ,14865元/平米,西,中楼层,其他,青羊区, 板塔结合, 2个月前
2323,人居锦尚春天A区,132万,3室1厅1卫, 90.26平米 ,14625元/平米,西南,低楼层,简装,锦江区, 板塔结合, 8个月前
2324,城楠映象,185万,3室2厅1卫, 128.16平米 ,14436元/平米,西南,高楼层,精装,武侯区, 板楼, 1年前
2325,光华杏林,58万,1室1厅1卫, 55.66平米 ,10421元/平米,南,高楼层,简装,青羊区, 塔楼, 13天前
2326,汉城小区,51万,2室2厅1卫, 81.8平米 ,6235元/平米,南,低楼层,简装,新都区, 板楼, 2个月前
2327,泛悦城市广场,129万,2室2厅1卫, 66.76平米 ,19323元/平米,南,中楼层,精装,成华区, 塔楼, 3个月前
2328,中铁城锦南汇,140万,3室2厅1卫, 80.13平米 ,17472元/平米,南,低楼层,毛坯,高新区, 塔楼, 4个月前
2329,东城攻略,124万,3室2厅1卫, 81.89平米 ,15118元/平米,北,高楼层,精装,锦江区, 板塔结合, 3个月前
2330,建华南巷7号,96万,3室2厅1卫, 78.64平米 ,12208元/平米,东南,高楼层,简装,成华区, 板楼, 1年前
2331,上水花苑,156万,3室2厅2卫, 90平米 ,17334元/平米,东南,中楼层,精装,武侯区, 塔楼, 12天前
2332,北方花园,99万,3室1厅2卫, 81.27平米 ,12182元/平米,南,中楼层,其他,成华区, 板楼, 2个月前
2333,保利心语花园二期,418万,3室2厅1卫, 118.36平米 ,35316元/平米,北,高楼层,其他,高新区, 塔楼, 1个月前
2334,凯莱丽景雅筑,189万,3室2厅1卫, 135.11平米 ,13989元/平米,南,中楼层,精装,天府新区, 板楼, 5个月前
2335,二环路北四段4号,63万,2室1厅1卫, 59.73平米 ,10548元/平米,西南,中楼层,精装,成华区, 板楼, 1年前
2336,新希望皇冠国际,205万,3室2厅3卫, 116.22平米 ,17639元/平米,西南,中楼层,精装,金牛区, 板楼, 2个月前
2337,太升北路31号,80万,3室1厅1卫, 68.02平米 ,11760元/平米,东南,高楼层,简装,青羊区, 板楼, 1年前
2338,卓锦万黛,158万,3室2厅2卫, 95.8平米 ,16493元/平米,南,中楼层,精装,龙泉驿区, 板塔结合, 5个月前
2339,蓝光长岛国际三期,138万,3室2厅1卫, 111.52平米 ,12375元/平米,北,高楼层,其他,双流区, 塔楼, 1年前
2340,华林南苑,75万,2室1厅1卫, 55.71平米 ,13463元/平米,西南,低楼层,简装,成华区, 板塔结合, 3个月前
2341,兰亭半岛,370万,4室2厅2卫, 259.67平米 ,14249元/平米,南,低楼层,精装,双流区, 板楼, 12天前
2342,天鹅湖北苑,130万,2室1厅2卫, 77.57平米 ,16760元/平米,南,低楼层,精装,高新区, 板塔结合, 2个月前
2343,海天阁,100万,2室1厅1卫, 76.72平米 ,13035元/平米,东南,低楼层,简装,武侯区, 板塔结合, 8个月前
2344,蓝润华府春天,98万,3室2厅1卫, 84.67平米 ,11575元/平米,西南,低楼层,精装,双流区, 板塔结合, 13天前
2345,新雨香沁,238万,3室1厅1卫, 107.81平米 ,22076元/平米,西北,低楼层,精装,金牛区, 板塔结合, 1个月前
2346,MOMA摩玛城,132万,2室1厅1卫, 78.47平米 ,16822元/平米,东,高楼层,毛坯,锦江区, 塔楼, 1年前
2347,碧桂园城市花园,140万,3室2厅1卫, 107.42平米 ,12996元/平米,东,高楼层,精装,金牛区, 板楼, 6个月前
2348,阳光100米娅中心一期,70万,1室1厅1卫, 45.89平米 ,15254元/平米,北,中楼层,精装,成华区, 板塔结合, 1个月前
2349,天盛壹中心,55万,1室1厅1卫, 48.01平米 ,11456元/平米,东南,高楼层,简装,青羊区, 塔楼, 1年前
2350,河畔华苑二期,180万,3室2厅1卫, 112.76平米 ,15964元/平米,西南,高楼层,简装,成华区, 塔楼, 1个月前
2351,北延新居B区,78万,3室2厅1卫, 94.47平米 ,8257元/平米,南,高楼层,简装,新都区, 板楼, 1个月前
2352,阳光100米娅中心二期,110万,2室2厅1卫, 70.61平米 ,15551元/平米,东北,低楼层,精装,成华区, 塔楼, 1年前
2353,保利城一期,107万,3室2厅2卫, 93.04平米 ,11501元/平米,东,低楼层,简装,新都区, 板塔结合, 1年前
2354,中莲池横街8号,149万,2室2厅1卫, 65.04平米 ,22909元/平米,东南,高楼层,简装,锦江区, 板楼, 2个月前
2355,碧桂园城市花园,149万,3室2厅1卫, 109.52平米 ,13605元/平米,南北,高楼层,精装,金牛区, 塔楼, 1年前
2356,蓝润睿城,46万,1室1厅2卫, 40.28平米 ,11421元/平米,东南,高楼层,精装,温江区, 塔楼, 1个月前
2357,合能珍宝翡翠,104万,3室1厅1卫, 79.94平米 ,13010元/平米,南,低楼层,精装,双流区, 板塔结合, 3个月前
2358,青龙乾院B区,70万,1室1厅1卫, 54.68平米 ,12802元/平米,东,低楼层,其他,成华区, 塔楼, 4个月前
2359,花样年华常青藤,75万,2室2厅1卫, 82.97平米 ,9040元/平米,东南,中楼层,简装,成华区, 板塔结合, 7个月前
2360,树蓓巷1号,98万,3室1厅1卫, 109.94平米 ,8914元/平米,南,中楼层,其他,金牛区, 板楼, 4个月前
2361,锦东庭园,142万,2室2厅1卫, 68.72平米 ,20664元/平米,北,低楼层,毛坯,锦江区, 塔楼, 2个月前
2362,洲际春天广场,83万,2室1厅1卫, 69.8平米 ,11892元/平米,西北,中楼层,精装,温江区, 板塔结合, 6个月前
2363,曦城,70万,1室1厅1卫, 47.71平米 ,14672元/平米,东南,中楼层,精装,金牛区, 塔楼, 5个月前
2364,中道街99号,210万,3室2厅1卫, 104.84平米 ,20031元/平米,南,高楼层,精装,锦江区, 板楼, 7个月前
2365,洲际亚洲湾A区,130万,3室2厅1卫, 100.87平米 ,12869元/平米,东南,中楼层,精装,温江区, 板塔结合, 8个月前
2366,时代晶科名苑,220万,2室1厅2卫, 91.65平米 ,24005元/平米,东,高楼层,简装,武侯区, 板塔结合, 11个月前
2367,金沙巷16号,109万,3室2厅1卫, 129.25平米 ,8434元/平米,东南,低楼层,简装,金牛区, 板楼, 1个月前
2368,昆仑华庭,180万,2室1厅1卫, 57.94平米 ,31067元/平米,南,中楼层,精装,锦江区, 板塔结合, 2个月前
2369,悦龙山,110万,3室2厅1卫, 92.86平米 ,11846元/平米,西北,高楼层,毛坯,龙泉驿区, 塔楼, 1年前
2370,星河小区,80万,2室1厅1卫, 64.63平米 ,12348元/平米,南,低楼层,精装,金牛区, 板楼, 6个月前
2371,新城市广场,135万,2室1厅1卫, 71.03平米 ,18978元/平米,东南,高楼层,精装,青羊区, 板塔结合, 7个月前
2372,书香府邸,56万,2室1厅1卫, 60.54平米 ,9251元/平米,南,高楼层,精装,郫都区, 板塔结合, 1年前
2373,文武路152号,82万,2室1厅1卫, 67.64平米 ,12124元/平米,北南,中楼层,其他,青羊区, 板塔结合, 1个月前
2374,清邻街3号,95万,2室2厅2卫, 103.9平米 ,9144元/平米,南,中楼层,简装,青羊区, 板楼, 7个月前
2375,碧桂园海昌天澜,125万,4室2厅1卫, 127.96平米 ,9769元/平米,南,中楼层,毛坯,双流区, 板楼, 6个月前
2376,中铁奥维尔二期,90万,3室2厅1卫, 86平米 ,10407元/平米,东南,高楼层,精装,郫都区, 塔楼, 1年前
2377,泉水人家三期A区,58万,1室1厅1卫, 50.91平米 ,11393元/平米,南,中楼层,简装,金牛区, 板楼, 1个月前
2378,置信巴厘岛D区,165万,3室2厅1卫, 88.59平米 ,18626元/平米,东南,中楼层,简装,武侯区, 塔楼, 11个月前
2379,滨江彼岸,109万,3室1厅1卫, 85.1平米 ,12809元/平米,东北,高楼层,精装,郫都区, 塔楼, 1个月前
2380,西府少城,180万,2室1厅1卫, 75.13平米 ,23959元/平米,东北,中楼层,简装,青羊区, 板塔结合, 6个月前
2381,万科金色城市二期,98万,2室1厅1卫, 66.12平米 ,14822元/平米,东北,低楼层,精装,龙泉驿区, 板塔结合, 1个月前
2382,格林城市花园,116万,4室2厅1卫, 116.88平米 ,9925元/平米,北,低楼层,其他,新都区, 塔楼, 2个月前
2383,城南晶座,90万,1室1厅1卫, 57.4平米 ,15680元/平米,北,低楼层,精装,高新区, 塔楼, 1个月前
2384,三里花城,169万,3室2厅1卫, 103.31平米 ,16359元/平米,北,中楼层,精装,双流区, 塔楼, 1年前
2385,滨江彼岸,130万,3室1厅1卫, 91.5平米 ,14208元/平米,东南,中楼层,精装,郫都区, 塔楼, 1个月前
2386,商业前街122号,38万,2室1厅1卫, 71.83平米 ,5291元/平米,东南,中楼层,简装,龙泉驿区, 板楼, 7个月前
2387,绿地国际花都三期,52万,1室1厅1卫, 51.23平米 ,10151元/平米,西北,高楼层,精装,郫都区, 塔楼, 30天前
2388,万达华府D区,95万,3室2厅1卫, 94.61平米 ,10042元/平米,东南,中楼层,其他,郫都区, 塔楼, 1个月前
2389,蓝润V客东区,150万,3室1厅2卫, 74.42平米 ,20129元/平米,西北,中楼层,其他,成华区, 板塔结合, 2个月前
2390,书香府邸二期英伦,128万,3室2厅1卫, 121.92平米 ,10499元/平米,东南,低楼层,精装,郫都区, 板楼, 1年前
2391,中铁奥维尔二期,90万,3室2厅1卫, 89.11平米 ,10100元/平米,东南,高楼层,精装,郫都区, 塔楼, 11个月前
2392,交大归谷国际社区,285万,3室1厅1卫, 140.08平米 ,20346元/平米,东南,中楼层,精装,武侯区, 板塔结合, 1年前
2393,恒大御龙天峰,110万,4室2厅1卫, 139.82平米 ,7868元/平米,东南,中楼层,其他,龙泉驿区, 板塔结合, 10个月前
2394,高碑瑞苑二期,56万,1室1厅2卫, 46.75平米 ,12043元/平米,北南,中楼层,简装,武侯区, 板楼, 11个月前
2395,汇景新村(金牛),166万,3室2厅1卫, 131.23平米 ,12650元/平米,东南,中楼层,简装,金牛区, 板楼, 3个月前
2396,南城都汇汇馨园三期,400万,4室2厅1卫, 143.56平米 ,27863元/平米,南北,高楼层,精装,武侯区, 板塔结合, 1年前
2397,狮马路70号,95万,3室2厅1卫, 77.82平米 ,12208元/平米,南,高楼层,简装,青羊区, 塔楼, 9个月前
2398,美宸东方,75万,3室2厅1卫, 85.11平米 ,8813元/平米,北,高楼层,简装,龙泉驿区, 板塔结合, 5个月前
2399,空港十六区,85万,2室1厅1卫, 88.05平米 ,9654元/平米,南,高楼层,简装,双流区, 板塔结合, 2个月前
2400,新鸿基悦城,345万,4室3厅1卫, 124平米 ,27823元/平米,东南,低楼层,毛坯,天府新区, 板塔结合, 1年前
2401,龙城国际,210万,3室2厅1卫, 137.04平米 ,15324元/平米,东南,高楼层,精装,郫都区, 板塔结合, 3个月前
2402,巴黎都市,110万,2室1厅1卫, 76.05平米 ,14465元/平米,南,中楼层,精装,双流区, 板塔结合, 2个月前
2403,长富新城,180万,2室1厅1卫, 73.19平米 ,24594元/平米,东南,中楼层,简装,青羊区, 板楼, 7个月前
2404,雄飞新园紫郡,159万,3室1厅2卫, 84.44平米 ,18830元/平米,西北,中楼层,精装,武侯区, 板塔结合, 2个月前
2405,果壳里的城,110万,3室2厅1卫, 87.92平米 ,12512元/平米,东南,中楼层,其他,龙泉驿区, 塔楼, 1年前
2406,景尚景二期,95万,3室2厅1卫, 91.72平米 ,10358元/平米,东南,中楼层,精装,郫都区, 板塔结合, 1年前
2407,西锦国际一期,102万,2室1厅1卫, 64.2平米 ,15888元/平米,北,低楼层,简装,金牛区, 板塔结合, 4个月前
2408,恒大名都,129万,3室2厅2卫, 86.66平米 ,14886元/平米,东,低楼层,精装,天府新区, 塔楼, 6个月前
2409,中信未来城南区,116万,3室1厅1卫, 104.89平米 ,11060元/平米,东北,低楼层,其他,郫都区, 塔楼, 5个月前
2410,远大林语城南庭,120万,2室1厅1卫, 82.28平米 ,14585元/平米,北,中楼层,简装,双流区, 板塔结合, 19天前
2411,珑熙郡,229万,3室1厅1卫, 84.95平米 ,26958元/平米,东南,中楼层,精装,新武侯区, 塔楼, 23天前
2412,佳年华新生活,143万,3室2厅1卫, 96平米 ,14896元/平米,西北,低楼层,精装,新都区, 板塔结合, 5个月前
2413,香樟林,92万,3室1厅1卫, 130.28平米 ,7062元/平米,东南,中楼层,精装,新都区, 板楼, 21天前
2414,麦田国际社区,62万,2室1厅1卫, 63.27平米 ,9800元/平米,东南,高楼层,简装,新都区, 板塔结合, 5个月前
2415,泰和佳园,186万,2室1厅2卫, 90.86平米 ,20472元/平米,东南,高楼层,简装,武侯区, 塔楼, 6个月前
2416,蜀都花园,150万,3室2厅1卫, 93.78平米 ,15995元/平米,北南,中楼层,精装,青羊区, 塔楼, 19天前
2417,融城云熙,122万,3室1厅1卫, 85.58平米 ,14256元/平米,南,中楼层,精装,青羊区, 塔楼, 19天前
2418,玉龙山庄,75万,3室2厅1卫, 126.82平米 ,5914元/平米,南,低楼层,简装,龙泉驿区, 板楼, 1年前
2419,公园榕郡,54万,2室1厅1卫, 46.64平米 ,11493元/平米,东北,低楼层,简装,郫都区, 板塔结合, 1年前
2420,三里花城,155万,3室2厅2卫, 100.87平米 ,15367元/平米,西南,中楼层,毛坯,双流区, 板塔结合, 1年前
2421,河畔新世界,168万,3室2厅2卫, 125.72平米 ,13364元/平米,东北,低楼层,精装,天府新区, 塔楼, 9个月前
2422,东马道街21号,95万,2室2厅1卫, 83.32平米 ,11402元/平米,东南,中楼层,精装,青羊区, 板楼, 8个月前
2423,新筑公寓,125万,2室2厅1卫, 81.57平米 ,15325元/平米,东南,中楼层,精装,武侯区, 板塔结合, 9个月前
2424,中信未来城北区,74万,2室1厅1卫, 77.24平米 ,9555元/平米,西北,中楼层,其他,郫都区, 塔楼, 6个月前
2425,赛纳花苑,61万,4室2厅1卫, 119.25平米 ,5116元/平米,南,中楼层,简装,彭州市, 板塔结合, 7个月前
2426,时代晶科名苑,425万,3室2厅1卫, 151.23平米 ,28103元/平米,西北,中楼层,精装,武侯区, 板塔结合, 6个月前
2427,海亮彩悦府,105万,3室1厅1卫, 87.43平米 ,12010元/平米,东南,低楼层,精装,龙泉驿区, 塔楼, 7个月前
2428,我的大学,39万,2室1厅1卫, 50.57平米 ,7713元/平米,南,低楼层,简装,新都区, 板塔结合, 5个月前
2429,东苑C区,295万,3室2厅1卫, 135.72平米 ,21736元/平米,东,高楼层,精装,高新区, 板塔结合, 5个月前
2430,乐天圣苑,265万,3室1厅1卫, 87.64平米 ,30238元/平米,西南,低楼层,其他,锦江区, 板塔结合, 5个月前
2431,美洲花园三期,185万,3室1厅1卫, 129.5平米 ,14286元/平米,东南,低楼层,简装,新都区, 板楼, 5个月前
2432,武海中华锦绣,110万,2室1厅1卫, 89.43平米 ,12278元/平米,西,中楼层,精装,武侯区, 板楼, 1年前
2433,美宸东方,75万,2室2厅5卫, 84.91平米 ,8833元/平米,北,高楼层,其他,龙泉驿区, 板塔结合, 4个月前
2434,恒大都汇华庭,180万,1室1厅1卫, 67.16平米 ,26802元/平米,东南,低楼层,简装,锦江区, 塔楼, 1年前
2435,大成郡,93万,2室1厅2卫, 59.59平米 ,15607元/平米,南,低楼层,精装,双流区, 塔楼, 1个月前
2436,空港十六区,142万,3室2厅1卫, 113.77平米 ,12482元/平米,东西,中楼层,简装,双流区, 塔楼, 25天前
2437,花样年华梦想家,46万,1室0厅1卫, 42.71平米 ,10771元/平米,北,低楼层,其他,武侯区, 塔楼, 25天前
2438,佳年华新生活,125万,3室2厅3卫, 96.2平米 ,12994元/平米,西北,低楼层,精装,新都区, 板塔结合, 8个月前
2439,中粮祥云二期,278万,3室2厅1卫, 127.77平米 ,21758元/平米,南,中楼层,精装,武侯区, 板楼, 21天前
2440,恒昌贵筑,66万,2室1厅1卫, 86.04平米 ,7671元/平米,东南,中楼层,精装,彭州市, 塔楼, 22天前
2441,金沙云庭,418万,4室2厅2卫, 127.05平米 ,32901元/平米,东南,中楼层,精装,青羊区, 板楼, 6个月前
2442,九龙仓时代小镇1号府邸,152万,3室1厅1卫, 111.78平米 ,13599元/平米,东南,高楼层,简装,双流区, 塔楼, 12天前
2443,怡心湖岸二期,198万,3室2厅1卫, 105.78平米 ,18719元/平米,南,低楼层,精装,双流区, 板塔结合, 10个月前
2444,万科理想城二期·树院,148万,3室2厅1卫, 85.22平米 ,17367元/平米,西南,中楼层,精装,郫都区, 板塔结合, 9个月前
2445,置信逸景苑,60万,3室2厅1卫, 71.98平米 ,8308元/平米,南,高楼层,精装,彭州市, 塔楼, 10个月前
2446,水韵天府,138万,3室2厅1卫, 116.79平米 ,11817元/平米,南北,低楼层,精装,金牛区, 塔楼, 5个月前
2447,北新路289号,50万,3室2厅1卫, 126.85平米 ,3934元/平米,东南,高楼层,简装,新都区, 板楼, 6个月前
2448,华润凤凰城三期,358万,3室1厅1卫, 123.99平米 ,28874元/平米,西南,高楼层,精装,高新区, 塔楼, 1年前
2449,城南名著,149万,3室1厅1卫, 123.76平米 ,12040元/平米,北,低楼层,简装,高新区, 板塔结合, 1年前
2450,百花小区,61万,3室2厅2卫, 111.04平米 ,5494元/平米,南,低楼层,精装,郫都区, 板楼, 1年前
2451,中铁西城东苑,118万,1室1厅1卫, 59.29平米 ,19903元/平米,东,高楼层,精装,青羊区, 塔楼, 1年前
2452,天府国际凤凰城,66万,3室1厅2卫, 103.4平米 ,6383元/平米,东南,低楼层,其他,都江堰市, 塔楼, 29天前
2453,美茵河谷,118万,3室2厅1卫, 87.79平米 ,13442元/平米,东南,中楼层,精装,新都区, 板塔结合, 1个月前
2454,明信城B区,123万,3室2厅2卫, 89.26平米 ,13780元/平米,东北,低楼层,精装,温江区, 塔楼, 1个月前
2455,锦江城市花园3期,84万,2室1厅2卫, 57.07平米 ,14719元/平米,东南,中楼层,其他,锦江区, 板塔结合, 12天前
2456,中铁奥维尔二期,69万,3室2厅1卫, 86.15平米 ,8010元/平米,西南,高楼层,其他,郫都区, 塔楼, 16天前
2457,南城都汇汇智园二期,195万,2室2厅1卫, 89.61平米 ,21761元/平米,南,低楼层,简装,武侯区, 板塔结合, 19天前
2458,聚贤半岛花苑,109万,2室1厅2卫, 92.63平米 ,11768元/平米,东,中楼层,精装,金牛区, 板楼, 23天前
2459,名著司南,159万,2室2厅1卫, 75.03平米 ,21192元/平米,北南,中楼层,精装,高新区, 板塔结合, 1个月前
2460,恒大名都,122万,2室1厅1卫, 75.24平米 ,16215元/平米,南,低楼层,精装,天府新区, 塔楼, 23天前
2461,时代花城豪庭二期,98万,3室2厅1卫, 122.9平米 ,7974元/平米,东南,中楼层,精装,郫都区, 板楼, 1个月前
2462,五彩城,72万,2室2厅2卫, 74.53平米 ,9661元/平米,东北,低楼层,精装,郫都区, 塔楼, 1个月前
2463,海天阁,169万,3室2厅1卫, 110.89平米 ,15241元/平米,西南,低楼层,简装,武侯区, 板楼, 28天前
2464,天府上河居,32万,2室1厅1卫, 75.25平米 ,4253元/平米,东,中楼层,精装,郫都区, 板楼, 1个月前
2465,南丽湾,82万,2室1厅1卫, 74.2平米 ,11052元/平米,南,低楼层,其他,双流区, 板楼, 26天前
2466,闲山悦五区,46万,2室1厅1卫, 71.25平米 ,6457元/平米,东南,低楼层,精装,都江堰市, 板塔结合, 20天前
2467,单飞鑫雅苑,71万,1室1厅2卫, 51.46平米 ,13798元/平米,东南,高楼层,精装,金牛区, 板楼, 1年前
2468,交大智能六期,47万,1室1厅1卫, 46.12平米 ,10083元/平米,东南,低楼层,简装,金牛区, 板楼, 1年前
2469,华侨城纯水岸二期,215万,3室1厅2卫, 90.68平米 ,23710元/平米,南,中楼层,精装,金牛区, 板塔结合, 8个月前
2470,宏达世纪锦城,198万,3室2厅1卫, 98平米 ,20205元/平米,北,中楼层,精装,天府新区, 板塔结合, 8个月前
2471,兴盛世家D区,97万,3室1厅2卫, 117.92平米 ,8226元/平米,西北,高楼层,简装,金牛区, 板楼, 1年前
2472,南城都汇汇晴园五期,215万,3室2厅1卫, 89.93平米 ,23908元/平米,南,低楼层,精装,武侯区, 板楼, 1年前
2473,中铁瑞城三号线,147万,2室1厅2卫, 66.73平米 ,22030元/平米,东,中楼层,精装,新武侯区, 塔楼, 1年前
2474,保利香槟国际,188万,3室1厅2卫, 100.39平米 ,18727元/平米,东南,中楼层,精装,金牛区, 板楼, 1年前
2475,普天小区,148万,3室1厅1卫, 116.94平米 ,12657元/平米,南,高楼层,简装,武侯区, 板楼, 1年前
2476,四海逸家二期,430万,4室2厅1卫, 96.76平米 ,44440元/平米,西,低楼层,精装,锦江区, 塔楼, 1年前
2477,上游小区北区,48万,2室1厅1卫, 71.67平米 ,6698元/平米,南北,低楼层,精装,都江堰市, 板楼, 1个月前
2478,红牌楼北街15号,73万,2室1厅1卫, 63.78平米 ,11446元/平米,东,中楼层,其他,武侯区, 板楼, 24天前
2479,名著司南,226万,3室1厅2卫, 116.48平米 ,19403元/平米,东,中楼层,精装,高新区, 板塔结合, 29天前
2480,四季映像,82万,3室1厅1卫, 74.77平米 ,10941元/平米,东南,低楼层,精装,龙泉驿区, 板塔结合, 1个月前
2481,旺府豪庭,85万,3室1厅1卫, 90.58平米 ,9384元/平米,北,中楼层,简装,新都区, 塔楼, 2个月前
2482,龙腾花园,105万,2室2厅1卫, 80.37平米 ,13065元/平米,西,高楼层,精装,武侯区, 板楼, 4个月前
2483,湟普国际,95万,2室1厅1卫, 74.62平米 ,12732元/平米,南,中楼层,精装,温江区, 板塔结合, 1年前
2484,滨江和城,136万,3室2厅1卫, 81.04平米 ,16782元/平米,西,低楼层,其他,天府新区, 板塔结合, 1个月前
2485,东洪广厦,126万,3室2厅1卫, 89.86平米 ,14022元/平米,东南,高楼层,精装,锦江区, 板塔结合, 18天前
2486,成都玩家,196万,3室2厅1卫, 87.76平米 ,22334元/平米,东,中楼层,精装,天府新区, 板塔结合, 29天前
2487,合能枫丹铂麓一期,150万,3室1厅1卫, 92.08平米 ,16269元/平米,东南,中楼层,精装,天府新区, 板塔结合, 27天前
2488,文华路15号,81万,3室1厅1卫, 71.75平米 ,11220元/平米,东南,中楼层,简装,青羊区, 板楼, 14天前
2489,金沙西园四期,180万,2室1厅1卫, 86.5平米 ,20810元/平米,西北,中楼层,精装,青羊区, 板塔结合, 1年前
2490,蓝润城,185万,3室2厅1卫, 118.12平米 ,15663元/平米,南北,低楼层,精装,双流区, 板楼, 16天前
2491,北欧印象,115万,3室2厅1卫, 97.14平米 ,11839元/平米,东南,中楼层,精装,新都区, 塔楼, 13天前
2492,东洪广厦,130万,3室2厅1卫, 89.86平米 ,14467元/平米,东北,中楼层,精装,锦江区, 板塔结合, 15天前
2493,武海西城锦绣,153万,2室1厅1卫, 81.15平米 ,18854元/平米,西,高楼层,毛坯,武侯区, 板楼, 9个月前
2494,华夏之家,72万,3室1厅1卫, 78.2平米 ,9208元/平米,东南,高楼层,简装,金牛区, 板楼, 10个月前
2495,南城都汇汇雅园二期,238万,2室1厅2卫, 86.94平米 ,27376元/平米,南北,高楼层,毛坯,武侯区, 板塔结合, 3个月前
2496,城投东庐,135万,3室1厅1卫, 88.15平米 ,15315元/平米,西,中楼层,精装,成华区, 塔楼, 4个月前
2497,蓝润城,185万,3室2厅2卫, 118.12平米 ,15663元/平米,南北,低楼层,精装,双流区, 板楼, 16天前
2498,武海西城锦绣,153万,2室1厅1卫, 81.15平米 ,18854元/平米,西,高楼层,毛坯,武侯区, 板楼, 9个月前
2499,华夏之家,72万,3室1厅2卫, 78.2平米 ,9208元/平米,东南,高楼层,简装,金牛区, 板楼, 10个月前
2500,北京城建龙樾湾,109万,2室1厅1卫, 85.03平米 ,12820元/平米,西,高楼层,精装,双流区, 板塔结合, 1个月前
2501,紫荆馨苑,136万,2室2厅1卫, 82.88平米 ,16410元/平米,南,低楼层,毛坯,武侯区, 板楼, 1个月前
2502,昊园江南壹品,89万,3室2厅1卫, 82.61平米 ,10750元/平米,南,高楼层,精装,龙泉驿区, 板塔结合, 3个月前
2503,ICC凯旋门,378万,3室2厅1卫, 133.15平米 ,28390元/平米,南,低楼层,毛坯,锦江区, 板塔结合, 3个月前
2504,万科理想城二期·树院,148万,3室2厅1卫, 85.22平米 ,17367元/平米,西南,中楼层,精装,郫都区, 板塔结合, 9个月前
2505,怡心湖岸二期,198万,3室2厅1卫, 105.78平米 ,18719元/平米,南,低楼层,精装,双流区, 板塔结合, 10个月前
2506,汉城小区,51万,2室2厅1卫, 81.8平米 ,6235元/平米,南,低楼层,简装,新都区, 板楼, 2个月前
2507,滨江和城,136万,3室2厅1卫, 81.04平米 ,16782元/平米,西,低楼层,其他,天府新区, 板塔结合, 1个月前
2508,四季映像,82万,3室1厅2卫, 74.77平米 ,10941元/平米,东南,低楼层,精装,龙泉驿区, 板塔结合, 1个月前
2509,龙腾花园,105万,2室2厅2卫, 80.37平米 ,13065元/平米,西,高楼层,精装,武侯区, 板楼, 4个月前
2510,北欧印象,115万,3室2厅1卫, 97.14平米 ,11839元/平米,东南,中楼层,精装,新都区, 塔楼, 13天前
2511,金沙西园四期,180万,2室1厅1卫, 86.5平米 ,20810元/平米,西北,中楼层,精装,青羊区, 板塔结合, 1年前
2512,中粮香榭丽都,397万,4室1厅1卫, 169平米 ,23492元/平米,东南,中楼层,毛坯,武侯区, 板楼, 2个月前
2513,沙河源上金府,56万,2室1厅1卫, 53.91平米 ,10388元/平米,东南,中楼层,其他,金牛区, 板楼, 1个月前
2514,四海逸家二期,430万,4室2厅1卫, 96.76平米 ,44440元/平米,西,低楼层,精装,锦江区, 塔楼, 1年前
2515,上游小区北区,48万,2室1厅2卫, 71.67平米 ,6698元/平米,南北,低楼层,精装,都江堰市, 板楼, 1个月前
2516,红牌楼北街15号,73万,2室1厅2卫, 63.78平米 ,11446元/平米,东,中楼层,其他,武侯区, 板楼, 24天前
2517,花样年华梦想家,46万,1室0厅1卫, 42.71平米 ,10771元/平米,北,低楼层,其他,武侯区, 塔楼, 25天前
2518,佳年华新生活,125万,3室2厅1卫, 96.2平米 ,12994元/平米,西北,低楼层,精装,新都区, 板塔结合, 8个月前
2519,空港十六区,142万,3室2厅1卫, 113.77平米 ,12482元/平米,东西,中楼层,简装,双流区, 塔楼, 25天前
2520,中粮祥云二期,278万,3室2厅1卫, 127.77平米 ,21758元/平米,南,中楼层,精装,武侯区, 板楼, 21天前
2521,名著司南,159万,2室2厅2卫, 75.03平米 ,21192元/平米,北南,中楼层,精装,高新区, 板塔结合, 1个月前
2522,恒大名都,122万,2室1厅1卫, 75.24平米 ,16215元/平米,南,低楼层,精装,天府新区, 塔楼, 23天前
2523,南城都汇汇智园二期,195万,2室2厅1卫, 89.61平米 ,21761元/平米,南,低楼层,简装,武侯区, 板塔结合, 19天前
2524,聚贤半岛花苑,109万,2室1厅1卫, 92.63平米 ,11768元/平米,东,中楼层,精装,金牛区, 板楼, 23天前
2525,汉嘉国际,89万,3室2厅1卫, 91.81平米 ,9694元/平米,北,中楼层,毛坯,新都区, 板塔结合, 3个月前
2526,学府嘉苑,66万,3室1厅1卫, 54.85平米 ,12033元/平米,东,中楼层,精装,双流区, 板楼, 4个月前
2527,海棠名居,155万,3室2厅3卫, 121.37平米 ,12771元/平米,南北,中楼层,简装,成华区, 平房, 9个月前
2528,置信逸景苑,60万,3室2厅1卫, 71.98平米 ,8308元/平米,南,高楼层,精装,彭州市, 塔楼, 10个月前
2529,普天小区,148万,3室1厅1卫, 116.94平米 ,12657元/平米,南,高楼层,简装,武侯区, 板楼, 1年前
2530,空港十六区,142万,3室2厅1卫, 113.77平米 ,12482元/平米,东西,中楼层,简装,双流区, 塔楼, 25天前
2531,花样年华梦想家,46万,1室0厅1卫, 42.71平米 ,10771元/平米,北,低楼层,其他,武侯区, 塔楼, 25天前
2532,佳年华新生活,125万,3室2厅1卫, 96.2平米 ,12994元/平米,西北,低楼层,精装,新都区, 板塔结合, 8个月前
2533,华夏之家,72万,3室1厅2卫, 78.2平米 ,9208元/平米,东南,高楼层,简装,金牛区, 板楼, 10个月前
2534,紫荆馨苑,136万,2室2厅1卫, 82.88平米 ,16410元/平米,南,低楼层,毛坯,武侯区, 板楼, 1个月前
2535,北京城建龙樾湾,109万,2室1厅2卫, 85.03平米 ,12820元/平米,西,高楼层,精装,双流区, 板塔结合, 1个月前
2536,武海西城锦绣,153万,2室1厅1卫, 81.15平米 ,18854元/平米,西,高楼层,毛坯,武侯区, 板楼, 9个月前
2537,恒昌贵筑,66万,2室1厅9卫, 86.04平米 ,7671元/平米,东南,中楼层,精装,彭州市, 塔楼, 22天前
2538,中粮祥云二期,278万,3室2厅1卫, 127.77平米 ,21758元/平米,南,中楼层,精装,武侯区, 板楼, 21天前
2539,金沙云庭,418万,4室2厅1卫, 127.05平米 ,32901元/平米,东南,中楼层,精装,青羊区, 板楼, 6个月前
2540,新里柏仕公馆,186万,3室2厅1卫, 120.21平米 ,15473元/平米,南北,中楼层,毛坯,成华区, 塔楼, 3个月前
2541,东山河畔,69万,2室1厅1卫, 76.34平米 ,9039元/平米,西南,中楼层,精装,龙泉驿区, 塔楼, 27天前
2542,锦江国际花园,145万,3室1厅2卫, 84.69平米 ,17122元/平米,西南,低楼层,精装,锦江区, 塔楼, 5个月前
2543,上龙门,110万,3室2厅1卫, 73.82平米 ,14902元/平米,西,低楼层,简装,龙泉驿区, 板楼, 3个月前
2544,城南名著,142万,3室2厅1卫, 101.58平米 ,13980元/平米,南北,中楼层,简装,高新区, 板塔结合, 1年前
2545,合能珍宝琥珀,83万,3室1厅1卫, 83平米 ,10000元/平米,西,低楼层,简装,温江区, 板塔结合, 4个月前
2546,居民大院,62万,2室1厅1卫, 55.95平米 ,10992元/平米,东南,高楼层,精装,成华区, 板楼, 18天前
2547,保利创智锦城,179万,3室2厅2卫, 85.66平米 ,20897元/平米,西南,高楼层,精装,天府新区, 板塔结合, 3个月前
2548,月映长滩c区,300万,4室3厅1卫, 242平米 ,12397元/平米,南北,低楼层,精装,温江区, 板塔结合, 30天前
2549,时代悦城,63万,3室1厅1卫, 69.54平米 ,9060元/平米,东南,高楼层,其他,郫都区, 板塔结合, 1个月前
2550,绿地悦蓉公馆,170万,4室1厅1卫, 123.62平米 ,13752元/平米,南北,中楼层,毛坯,成华区, 板塔结合, 7个月前
2551,摩根中心,146万,2室2厅1卫, 90.47平米 ,16138元/平米,东南,高楼层,精装,锦江区, 塔楼, 8个月前
2552,蓝光幸福满庭,98万,3室1厅1卫, 70.45平米 ,13911元/平米,东南,低楼层,其他,郫都区, 板塔结合, 8个月前
2553,凤凰小区,21万,2室1厅1卫, 77.28平米 ,2718元/平米,东南,中楼层,简装,青白江区, 板塔结合, 1年前
2554,蓝天路3号,92万,2室1厅1卫, 87.13平米 ,10559元/平米,南,高楼层,简装,高新区, 板楼, 5个月前
2555,照壁巷5号,75万,2室1厅1卫, 45.69平米 ,16415元/平米,东南,高楼层,简装,青羊区, 暂无数据, 1个月前
2556,锦西人家三区,116万,2室2厅1卫, 77.04平米 ,15058元/平米,东南,高楼层,精装,金牛区, 塔楼, 4个月前
2557,锦西花园三期,98万,2室1厅1卫, 93.49平米 ,10483元/平米,南,中楼层,简装,金牛区, 板楼, 22天前
2558,万科朗润园,90万,2室2厅1卫, 84.95平米 ,10595元/平米,西南,中楼层,精装,温江区, 板塔结合, 1年前
2559,艺苑生活圈,55万,2室1厅1卫, 86.9平米 ,6330元/平米,东南,高楼层,精装,温江区, 板楼, 2个月前
2560,梅花庭园,238万,3室2厅1卫, 122.08平米 ,19496元/平米,东,中楼层,简装,锦江区, 板楼, 1年前
2561,石油苑,99万,3室1厅1卫, 77.76平米 ,12732元/平米,东南,中楼层,简装,成华区, 板楼, 1年前
2562,桂王桥东街4号,142万,3室2厅1卫, 116.4平米 ,12200元/平米,南,低楼层,其他,锦江区, 板楼, 2个月前
2563,玉双路52号,125万,3室2厅1卫, 89.23平米 ,14009元/平米,东南,低楼层,简装,成华区, 塔楼, 1个月前
2564,商业街25号,198万,2室1厅2卫, 61.62平米 ,32133元/平米,南北,低楼层,简装,青羊区, 板楼, 2个月前
2565,华润二十四城二期,218万,3室2厅4卫, 88平米 ,24773元/平米,东南,高楼层,简装,成华区, 板塔结合, 2个月前
2566,宜家HOME,128万,1室1厅2卫, 39.04平米 ,32787元/平米,东南,高楼层,简装,锦江区, 板塔结合, 1个月前
2567,锦宏骏苑北区,188万,2室2厅2卫, 75.41平米 ,24931元/平米,东北,低楼层,简装,武侯区, 板楼, 8个月前
2568,恒大锦城,145万,3室2厅1卫, 104.85平米 ,13830元/平米,北,中楼层,简装,成华区, 板塔结合, 1年前
2569,金府花园,300万,3室1厅1卫, 130.63平米 ,22966元/平米,西,中楼层,精装,锦江区, 塔楼, 2个月前
2570,南纱帽街31号院,115万,2室1厅1卫, 56.3平米 ,20427元/平米,西南,高楼层,简装,锦江区, 板楼, 3个月前
2571,东升街90号,130万,3室0厅1卫, 69.4平米 ,18732元/平米,南,中楼层,简装,锦江区, 板塔结合, 2个月前
2572,融创香璟台东苑一期,345万,4室2厅1卫, 157.71平米 ,21876元/平米,南北,高楼层,精装,高新区, 板塔结合, 7个月前
2573,西延锦绣,328万,5室2厅1卫, 170.62平米 ,19225元/平米,东南,高楼层,精装,金牛区, 板楼, 1个月前
2574,蓉上坊一期,82万,1室1厅2卫, 45.95平米 ,17846元/平米,南,高楼层,精装,锦江区, 板塔结合, 1个月前
2575,上锦美地,152万,2室1厅1卫, 87.97平米 ,17279元/平米,东南,低楼层,精装,锦江区, 板楼, 1年前
2576,龙湖九里晴川,269万,3室2厅1卫, 113.11平米 ,23783元/平米,西,高楼层,精装,高新区, 板塔结合, 1个月前
2577,财富领地,82万,2室1厅1卫, 61.68平米 ,13262元/平米,西,高楼层,简装,青羊区, 塔楼, 3个月前
2578,白家塘街25号,75万,3室1厅2卫, 72.25平米 ,10381元/平米,南,高楼层,毛坯,青羊区, 板楼, 7个月前
2579,时代天骄,88万,2室1厅1卫, 73.83平米 ,11920元/平米,东北,中楼层,简装,青羊区, 塔楼, 5个月前
2580,水岸丽舍,95万,1室1厅1卫, 76.63平米 ,12398元/平米,东南,中楼层,精装,青羊区, 板楼, 6个月前
2581,帘官公所街49号,112万,3室2厅1卫, 90.57平米 ,12367元/平米,东南,中楼层,精装,青羊区, 板楼, 4个月前
2582,西府少城,260万,3室2厅1卫, 89.1平米 ,29181元/平米,东南,低楼层,精装,青羊区, 板塔结合, 10个月前
2583,瑞升望江橡树林三期,172万,2室2厅1卫, 68.38平米 ,25154元/平米,西,高楼层,精装,锦江区, 塔楼, 2个月前
2584,瑞升望江橡树林二期,220万,3室2厅1卫, 89.31平米 ,24634元/平米,南,低楼层,精装,锦江区, 板塔结合, 2个月前
2585,保利心语花园四期,320万,3室1厅3卫, 103.02平米 ,31062元/平米,东,中楼层,毛坯,高新区, 板塔结合, 3个月前
2586,双楠忆景,146万,2室2厅3卫, 76.74平米 ,19026元/平米,西南,中楼层,简装,武侯区, 板塔结合, 3个月前
2587,锦绣东方,49万,2室1厅2卫, 79.66平米 ,6152元/平米,东南,低楼层,毛坯,郫都区, 板楼, 4个月前
2588,温哥华花园六期,105万,3室2厅1卫, 101.38平米 ,10358元/平米,北,中楼层,简装,双流区, 塔楼, 3个月前
2589,公元西,150万,2室1厅1卫, 78.15平米 ,19194元/平米,西北,低楼层,简装,青羊区, 板楼, 1年前
2590,时代丽都美语,310万,4室2厅1卫, 171.85平米 ,18039元/平米,西南,中楼层,精装,武侯区, 板塔结合, 2个月前
2591,名著司南,200万,3室2厅1卫, 121.88平米 ,16410元/平米,东,高楼层,精装,高新区, 板塔结合, 2个月前
2592,华侨凤凰国际城,65万,2室1厅1卫, 86.94平米 ,7477元/平米,东南,中楼层,精装,郫都区, 塔楼, 1年前
2593,蜀鑫西TOWN,90万,2室1厅1卫, 64.76平米 ,13898元/平米,东南,中楼层,精装,郫都区, 塔楼, 7个月前
2594,三利麓山城春风里,185万,3室2厅1卫, 108.73平米 ,17015元/平米,东南,中楼层,精装,天府新区, 板塔结合, 2个月前
2595,风华庭,185万,3室2厅1卫, 104.75平米 ,17662元/平米,东北,高楼层,简装,武侯区, 板塔结合, 3个月前
2596,海桐三期,54万,1室1厅1卫, 46.63平米 ,11581元/平米,东南,低楼层,简装,锦江区, 塔楼, 7个月前
2597,东苑F区,245万,2室1厅3卫, 90.54平米 ,27060元/平米,南,中楼层,精装,高新区, 板塔结合, 4个月前
2598,蓉北商贸大道一段26号,81万,2室2厅1卫, 80.12平米 ,10110元/平米,西南,中楼层,其他,金牛区, 平房, 4个月前
2599,欣茂西郡兰庭B区,91万,3室2厅1卫, 109.93平米 ,8278元/平米,东南,低楼层,精装,郫都区, 板塔结合, 7个月前
2600,西派泊玥,305万,4室2厅1卫, 167.29平米 ,18232元/平米,南,高楼层,精装,成华区, 暂无数据, 4个月前
2601,置信丹郡湖岸,49万,2室2厅2卫, 70.53平米 ,6877元/平米,东南,低楼层,简装,彭州市, 塔楼, 4个月前
2602,东马棚街12号,115万,2室2厅2卫, 62.95平米 ,18269元/平米,东,高楼层,精装,青羊区, 板楼, 2个月前
2603,东御佲家,288万,4室2厅1卫, 137.16平米 ,20998元/平米,西南,中楼层,毛坯,锦江区, 塔楼, 1年前
2604,府河路苑,105万,2室1厅1卫, 80.27平米 ,13081元/平米,东西,低楼层,其他,金牛区, 板塔结合, 19天前
2605,保利花园二期,278万,3室2厅1卫, 112.48平米 ,24716元/平米,东南,高楼层,简装,新武侯区, 板楼, 15天前
2606,东山国际新城D区,55万,2室2厅1卫, 65.71平米 ,8371元/平米,东南,高楼层,简装,龙泉驿区, 板塔结合, 1年前
2607,锦和康城·康泰苑,92万,3室1厅1卫, 87.4平米 ,10527元/平米,东南,高楼层,毛坯,龙泉驿区, 暂无数据, 2个月前
2608,馨光嘉苑,65万,1室1厅1卫, 48.28平米 ,13464元/平米,北,低楼层,精装,青羊区, 塔楼, 9个月前
2609,千禧河畔D区,117万,3室2厅1卫, 77.93平米 ,15014元/平米,西北,高楼层,其他,新都区, 板塔结合, 1个月前
2610,中德英伦世邦K区,226万,3室2厅1卫, 89.14平米 ,25354元/平米,南,中楼层,毛坯,高新区, 板塔结合, 9个月前
2611,宏达世纪锦城,173万,3室2厅2卫, 98.42平米 ,17578元/平米,东南,低楼层,精装,天府新区, 塔楼, 13天前
2612,九峰·东方明珠,41万,1室1厅1卫, 52.73平米 ,7776元/平米,东,高楼层,精装,龙泉驿区, 塔楼, 6个月前
2613,观城,160万,3室2厅1卫, 77.56平米 ,20630元/平米,东西,中楼层,毛坯,成华区, 板塔结合, 13天前
2614,中海熙苑二期,216万,3室2厅1卫, 115.12平米 ,18764元/平米,东南,高楼层,精装,武侯区, 板楼, 7个月前
2615,优品尚东,190万,3室2厅2卫, 132.56平米 ,14319元/平米,南,低楼层,简装,成华区, 板塔结合, 1年前
2616,西锦集一期,78万,2室1厅1卫, 75.69平米 ,10306元/平米,东南,高楼层,精装,郫都区, 板楼, 5个月前
2617,翰林上岛,73万,2室1厅1卫, 65.07平米 ,11219元/平米,南西,低楼层,其他,双流区, 塔楼, 4个月前
2618,商鼎国际,70万,1室1厅1卫, 56.35平米 ,12423元/平米,南,高楼层,简装,武侯区, 板塔结合, 2个月前
2619,麓府,180万,3室2厅1卫, 103.94平米 ,17318元/平米,西南,高楼层,简装,天府新区, 塔楼, 4个月前
2620,美宸东方,78万,3室1厅1卫, 89.64平米 ,8702元/平米,东,高楼层,简装,龙泉驿区, 板塔结合, 6个月前
2621,华宇阳光水岸,105万,2室1厅1卫, 79.69平米 ,13177元/平米,东南,低楼层,其他,成华区, 板塔结合, 1个月前
2622,锦江城市花园二期,105万,3室2厅1卫, 65.09平米 ,16132元/平米,西南,中楼层,精装,锦江区, 板塔结合, 2个月前
2623,兴元绿洲一期,53万,1室1厅2卫, 44.58平米 ,11777元/平米,东南,高楼层,精装,金牛区, 板楼, 6个月前
2624,绿地圣路易名邸二期,228万,3室1厅1卫, 108.08平米 ,21096元/平米,东西,高楼层,精装,武侯区, 板塔结合, 2个月前
2625,滨江和城,218万,4室1厅2卫, 114.27平米 ,19078元/平米,东南,低楼层,精装,天府新区, 板塔结合, 27天前
2626,青南美湾,118万,2室1厅1卫, 77.71平米 ,15185元/平米,西南,高楼层,精装,天府新区, 板塔结合, 30天前
2627,远大林语城南庭,120万,2室1厅1卫, 82.28平米 ,14585元/平米,北,中楼层,简装,双流区, 板塔结合, 19天前
2628,洪柳花园三期,86万,2室1厅1卫, 78.24平米 ,10992元/平米,东北,中楼层,其他,龙泉驿区, 板塔结合, 21天前
2629,珑熙郡,229万,3室1厅1卫, 84.95平米 ,26958元/平米,东南,中楼层,精装,新武侯区, 塔楼, 23天前
2630,北湖龙珠,86万,2室1厅1卫, 88.44平米 ,9702元/平米,西北,高楼层,精装,成华区, 塔楼, 19天前
2631,泰和佳园,186万,2室1厅2卫, 90.86平米 ,20472元/平米,东南,中楼层,简装,武侯区, 塔楼, 6个月前
2632,星岛星时区,100万,4室1厅1卫, 142.54平米 ,6981元/平米,南,高楼层,毛坯,金堂县, 板楼, 8个月前
2633,三里花城,125万,2室1厅1卫, 75.04平米 ,16658元/平米,东南,中楼层,其他,双流区, 板塔结合, 7个月前
2634,保利花园一期,249万,3室2厅2卫, 98.48平米 ,25285元/平米,东北,中楼层,简装,新武侯区, 板楼, 4个月前
2635,阳光100米娅中心一期,62万,1室1厅1卫, 39.48平米 ,15705元/平米,东,低楼层,精装,成华区, 板塔结合, 4个月前
2636,万科第五城四期,128万,3室1厅1卫, 92.18平米 ,13886元/平米,北,低楼层,精装,双流区, 板塔结合, 4个月前
2637,美宸东方,77万,3室2厅1卫, 89.54平米 ,8600元/平米,东,中楼层,简装,龙泉驿区, 板塔结合, 6个月前
2638,神仙树馨苑,135万,2室1厅2卫, 73.5平米 ,18368元/平米,南,低楼层,精装,新都区, 塔楼, 3个月前
2639,紫御熙庭,275万,3室1厅1卫, 97.37平米 ,28243元/平米,南,高楼层,其他,青羊区, 板塔结合, 2个月前
2640,碧桂园海昌天澜,125万,4室2厅1卫, 127.96平米 ,9769元/平米,南,中楼层,毛坯,双流区, 板楼, 6个月前
2641,中铁奥维尔二期,90万,3室2厅1卫, 86平米 ,10407元/平米,东南,中楼层,精装,郫都区, 塔楼, 1年前
2642,泉水人家三期A区,58万,1室1厅1卫, 50.91平米 ,11393元/平米,南,中楼层,简装,金牛区, 板楼, 1个月前
2643,盘谷花园,251万,3室2厅1卫, 144.32平米 ,17392元/平米,南,高楼层,精装,武侯区, 塔楼, 2个月前
2644,东山国际新城H区三期,105万,3室2厅1卫, 90.34平米 ,11623元/平米,西南,高楼层,精装,龙泉驿区, 板塔结合, 1个月前
2645,时代花城豪庭二期,98万,3室2厅1卫, 122.9平米 ,7974元/平米,东南,中楼层,精装,郫都区, 板楼, 1个月前
2646,恒大名都,122万,2室1厅1卫, 75.24平米 ,16215元/平米,南,低楼层,精装,天府新区, 塔楼, 23天前
2647,五彩城,72万,2室2厅1卫, 74.53平米 ,9661元/平米,东北,低楼层,精装,郫都区, 塔楼, 1个月前
2648,中铁奥维尔二期,69万,3室2厅1卫, 86.15平米 ,8010元/平米,西南,高楼层,其他,郫都区, 塔楼, 16天前
2649,南城都汇汇智园二期,195万,2室2厅1卫, 89.61平米 ,21761元/平米,南,低楼层,简装,武侯区, 板塔结合, 19天前
2650,聚贤半岛花苑,109万,2室1厅2卫, 92.63平米 ,11768元/平米,东,中楼层,精装,金牛区, 板楼, 23天前
2651,锦江城市花园3期,84万,2室1厅1卫, 57.07平米 ,14719元/平米,东南,中楼层,其他,锦江区, 板塔结合, 12天前
2652,华润二十四城七期,358万,4室2厅2卫, 138.47平米 ,25854元/平米,西南,低楼层,其他,成华区, 板塔结合, 2个月前
2653,昊园江南壹品,89万,3室2厅2卫, 82.61平米 ,10750元/平米,南,高楼层,精装,龙泉驿区, 板塔结合, 3个月前
2654,滨江和城,136万,3室2厅1卫, 81.04平米 ,16782元/平米,西,低楼层,其他,天府新区, 板塔结合, 1个月前
2655,旺府豪庭,85万,3室1厅1卫, 90.58平米 ,9384元/平米,北,中楼层,简装,新都区, 塔楼, 2个月前
2656,龙湖三千城A区,190万,3室1厅1卫, 90.23平米 ,21058元/平米,西北,高楼层,精装,成华区, 板塔结合, 1个月前
2657,龙腾花园,105万,2室2厅1卫, 80.37平米 ,13065元/平米,西,高楼层,精装,武侯区, 板楼, 4个月前
2658,湟普国际,95万,2室1厅3卫, 74.62平米 ,12732元/平米,南,中楼层,精装,温江区, 板塔结合, 1年前
2659,四季映像,82万,3室1厅1卫, 74.77平米 ,10941元/平米,东南,低楼层,精装,龙泉驿区, 板塔结合, 1个月前
2660,中筑西府兰庭,175万,3室2厅1卫, 88.52平米 ,19770元/平米,东南,低楼层,简装,新武侯区, 板塔结合, 1年前
2661,南城都汇汇雅园二期,238万,2室1厅2卫, 86.94平米 ,27376元/平米,南北,高楼层,毛坯,武侯区, 板塔结合, 3个月前
2662,城投东庐,135万,3室1厅1卫, 88.15平米 ,15315元/平米,西,中楼层,精装,成华区, 塔楼, 4个月前
2663,蓝光圣菲TOWN城,100万,2室1厅2卫, 77.71平米 ,12856元/平米,东南,中楼层,精装,双流区, 塔楼, 3个月前
2664,空港十六区,98万,2室1厅2卫, 85.57平米 ,11453元/平米,东西,高楼层,精装,双流区, 塔楼, 2个月前
2665,华宇阳光水岸,113万,2室1厅1卫, 68.63平米 ,16466元/平米,西南,中楼层,精装,成华区, 板塔结合, 30天前
2666,千居朝阳,137万,2室1厅3卫, 85.7平米 ,15963元/平米,南,低楼层,简装,成华区, 塔楼, 15天前
2667,中铁西城东苑,118万,1室1厅1卫, 59.29平米 ,19903元/平米,东,高楼层,精装,青羊区, 塔楼, 1年前
2668,保利香槟国际,188万,3室1厅1卫, 100.39平米 ,18727元/平米,东南,中楼层,精装,金牛区, 板楼, 1年前
2669,华侨城纯水岸二期,215万,3室1厅1卫, 90.68平米 ,23710元/平米,南,中楼层,精装,金牛区, 板塔结合, 8个月前
2670,中海新华府,77万,1室1厅2卫, 46.03平米 ,16729元/平米,南,高楼层,简装,成华区, 塔楼, 3个月前
2671,中海熙苑二期,165万,3室1厅1卫, 89.97平米 ,18340元/平米,东南,低楼层,精装,武侯区, 板塔结合, 3个月前
2672,华润凤凰城三期,358万,3室1厅1卫, 123.99平米 ,28874元/平米,西南,高楼层,精装,高新区, 塔楼, 1年前
2673,城南名著,149万,3室1厅2卫, 123.76平米 ,12040元/平米,北,低楼层,简装,高新区, 板塔结合, 1年前
2674,百花小区,61万,3室2厅3卫, 111.04平米 ,5494元/平米,南,低楼层,精装,郫都区, 板楼, 1年前
2675,富力史丹尼国际公寓,160万,1室0厅1卫, 54.69平米 ,29256元/平米,东,高楼层,简装,青羊区, 塔楼, 30天前
2676,月映长滩c区,300万,4室3厅2卫, 242平米 ,12397元/平米,南北,低楼层,精装,温江区, 板塔结合, 30天前
2677,华莱丽景,73万,2室2厅1卫, 81.94平米 ,8909元/平米,南,高楼层,精装,双流区, 板楼, 8个月前
2678,临江苑西区,110万,1室1厅1卫, 51.14平米 ,21510元/平米,东南,中楼层,简装,高新区, 板塔结合, 8个月前
2679,东明街44号,76万,3室2厅2卫, 125.79平米 ,6042元/平米,东南,高楼层,精装,双流区, 板塔结合, 13天前
2680,交大智能二期,86万,2室1厅1卫, 74.8平米 ,11498元/平米,南,中楼层,简装,金牛区, 板楼, 3个月前
2681,锦西花园三期,218万,4室2厅2卫, 156.3平米 ,13948元/平米,西南,高楼层,精装,金牛区, 板楼, 5个月前
2682,新希望锦悦楠庭,172万,3室2厅1卫, 96.56平米 ,17813元/平米,南,高楼层,毛坯,武侯区, 板楼, 1年前
2683,交大智能五期,133万,3室1厅1卫, 131.87平米 ,10086元/平米,东南,高楼层,简装,金牛区, 板楼, 1年前
2684,西财学府尚郡,105万,3室1厅1卫, 122.03平米 ,8605元/平米,东北,中楼层,毛坯,温江区, 塔楼, 4个月前
2685,南城都汇汇翠园一期,320万,3室2厅1卫, 140.01平米 ,22856元/平米,南,低楼层,精装,武侯区, 板塔结合, 1年前
2686,比华利国际城二期,156万,2室1厅1卫, 77.77平米 ,20060元/平米,西南,中楼层,简装,锦江区, 板塔结合, 1个月前
2687,招商雍华府一期,185万,3室2厅2卫, 108.46平米 ,17057元/平米,西北,低楼层,精装,成华区, 板塔结合, 3个月前
2688,华宇静苑二期,175万,3室1厅1卫, 73.27平米 ,23885元/平米,西北,高楼层,精装,新武侯区, 板塔结合, 8个月前
2689,保利国宾首府二期,273万,4室1厅1卫, 141.31平米 ,19320元/平米,东南,高楼层,精装,金牛区, 板楼, 11个月前
2690,卓锦万黛,150万,3室2厅2卫, 95.54平米 ,15648元/平米,南,中楼层,精装,龙泉驿区, 板塔结合, 2个月前
2691,冠城花园二期,356万,5室2厅1卫, 173.59平米 ,20509元/平米,东南,高楼层,简装,青羊区, 板塔结合, 15天前
2692,华银美景,102万,2室2厅1卫, 83.93平米 ,12153元/平米,南,低楼层,简装,双流区, 板塔结合, 1年前
2693,冠城花园二期,280万,3室2厅1卫, 141.93平米 ,19729元/平米,东南,低楼层,简装,青羊区, 塔楼, 8个月前
2694,西财学府憬城,77万,3室2厅2卫, 84.05平米 ,9162元/平米,南,高楼层,简装,温江区, 塔楼, 1年前
2695,保利叶语,139万,3室2厅1卫, 85.53平米 ,16229元/平米,西,中楼层,毛坯,双流区, 板塔结合, 2个月前
2696,融创香璟台东苑三期,220万,3室2厅1卫, 116.52平米 ,18881元/平米,东,高楼层,精装,高新区, 板塔结合, 1年前
2697,清波小区A区,45万,1室1厅1卫, 42.46平米 ,10599元/平米,西,低楼层,精装,青羊区, 板楼, 3个月前
2698,水岸格林,168万,3室1厅1卫, 80.53平米 ,20862元/平米,南,低楼层,精装,青羊区, 板楼, 3个月前
2699,和信孔雀天成,133万,3室2厅1卫, 105.06平米 ,12660元/平米,东南,中楼层,精装,温江区, 板塔结合, 22天前
2700,汇融悉尼湾达令港,102万,3室2厅2卫, 93.55平米 ,10904元/平米,南,高楼层,毛坯,新都区, 板塔结合, 3个月前
2701,锦蓉佳苑,249万,4室2厅2卫, 137.13平米 ,18158元/平米,南,低楼层,毛坯,锦江区, 塔楼, 1年前
2702,长顺苑,105万,3室2厅1卫, 91.59平米 ,11465元/平米,东南,高楼层,简装,武侯区, 板楼, 1年前
2703,卓锦万黛,125万,3室2厅2卫, 82.99平米 ,15063元/平米,东,高楼层,精装,龙泉驿区, 板塔结合, 3个月前
2704,中央花园二期,75万,2室2厅1卫, 78.8平米 ,9518元/平米,南,中楼层,简装,武侯区, 板塔结合, 5个月前
2705,单飞鑫雅苑,71万,1室1厅2卫, 51.46平米 ,13798元/平米,东南,高楼层,精装,金牛区, 板楼, 1年前
2706,置信逸景苑,60万,3室2厅1卫, 71.98平米 ,8308元/平米,南,高楼层,精装,彭州市, 塔楼, 10个月前
2707,兴盛世家D区,97万,3室1厅1卫, 117.92平米 ,8226元/平米,西北,高楼层,简装,金牛区, 板楼, 1年前
2708,中铁瑞城三号线,147万,2室1厅1卫, 66.73平米 ,22030元/平米,东,中楼层,精装,新武侯区, 塔楼, 1年前
2709,南城都汇汇晴园五期,215万,3室2厅2卫, 89.93平米 ,23908元/平米,南,低楼层,精装,武侯区, 板楼, 1年前
2710,清水路苑,105万,2室1厅2卫, 82.46平米 ,12734元/平米,东,中楼层,简装,青羊区, 板塔结合, 1个月前
2711,恒大银海湖,110万,4室2厅2卫, 136.24平米 ,8074元/平米,东南,高楼层,其他,崇州市, 暂无数据, 1个月前
2712,楠庭理想,80万,2室1厅1卫, 63.67平米 ,12565元/平米,西北,高楼层,精装,武侯区, 板楼, 4个月前
2713,北新路289号,50万,3室2厅4卫, 126.85平米 ,3934元/平米,东南,高楼层,简装,新都区, 板楼, 6个月前
2714,水韵天府,138万,3室2厅1卫, 116.79平米 ,11817元/平米,南北,低楼层,精装,金牛区, 塔楼, 5个月前
2715,橙花风景,175万,2室2厅1卫, 88.94平米 ,19677元/平米,东,中楼层,精装,青羊区, 塔楼, 5个月前
2716,满座,119万,3室2厅2卫, 92.43平米 ,12875元/平米,东南,中楼层,精装,双流区, 板塔结合, 5个月前
2717,中海新华府,77万,1室1厅4卫, 46.03平米 ,16729元/平米,南,高楼层,简装,成华区, 塔楼, 3个月前
2718,中海熙苑二期,165万,3室1厅1卫, 89.97平米 ,18340元/平米,东南,低楼层,精装,武侯区, 板塔结合, 3个月前
2719,泛悦城市广场,129万,2室2厅1卫, 66.76平米 ,19323元/平米,南,中楼层,精装,成华区, 塔楼, 3个月前
2720,雅颂居二期,268万,2室1厅1卫, 90.45平米 ,29630元/平米,西,高楼层,精装,高新区, 板塔结合, 8个月前
2721,蓝光COCO金沙三期,179万,3室1厅1卫, 76.39平米 ,23433元/平米,南,低楼层,简装,青羊区, 板塔结合, 8个月前
2722,双源社区152号院,106万,2室2厅1卫, 72.12平米 ,14698元/平米,南,低楼层,简装,高新区, 塔楼, 1个月前
2723,都城雅颂居,288万,2室1厅2卫, 93.55平米 ,30786元/平米,北,高楼层,精装,高新区, 塔楼, 1个月前
2724,置信丽都花园D区,235万,3室2厅1卫, 130.38平米 ,18025元/平米,东南,中楼层,简装,武侯区, 塔楼, 7个月前
2725,蓝光幸福满庭,95万,3室1厅1卫, 66.47平米 ,14293元/平米,东南,低楼层,简装,郫都区, 板塔结合, 16天前
2726,优品尚东,140万,2室1厅2卫, 90.63平米 ,15437元/平米,南,高楼层,简装,成华区, 板塔结合, 6个月前
2727,万科城,125万,3室2厅1卫, 80.87平米 ,15457元/平米,西南,中楼层,精装,郫都区, 塔楼, 3个月前
2728,光华美地,121万,2室2厅1卫, 81.4平米 ,14865元/平米,西,中楼层,其他,青羊区, 板塔结合, 2个月前
2729,交大卡布里城,98万,2室1厅2卫, 88.16平米 ,11117元/平米,东南,高楼层,精装,郫都区, 板塔结合, 2个月前
2730,荔园悦享花醍,115万,3室1厅2卫, 99.05平米 ,11611元/平米,西北,低楼层,精装,郫都区, 板楼, 6个月前
2731,武侯祠大街89号,138万,2室2厅1卫, 86.22平米 ,16006元/平米,东,中楼层,简装,武侯区, 板楼, 5个月前
2732,华宇阳光水岸,95万,2室1厅1卫, 65.94平米 ,14408元/平米,西南,高楼层,简装,成华区, 板塔结合, 1个月前
2733,城楠映象,185万,3室2厅1卫, 128.16平米 ,14436元/平米,西南,高楼层,精装,武侯区, 板楼, 1年前
2734,人居锦尚春天A区,132万,3室1厅2卫, 90.26平米 ,14625元/平米,西南,低楼层,简装,锦江区, 板塔结合, 8个月前
2735,王家坝后街3号,101万,2室1厅1卫, 59.01平米 ,17116元/平米,南,低楼层,毛坯,锦江区, 板楼, 7个月前
2736,草堂铭城,189万,2室2厅2卫, 78.03平米 ,24222元/平米,西,中楼层,简装,青羊区, 塔楼, 1年前
2737,蓝光锦绣城,155万,3室2厅2卫, 85.89平米 ,18047元/平米,西北,低楼层,精装,成华区, 板塔结合, 20天前
2738,富力史丹尼国际公寓,160万,1室0厅1卫, 54.69平米 ,29256元/平米,东,高楼层,简装,青羊区, 塔楼, 30天前
2739,朗御,249万,1室1厅1卫, 88.85平米 ,28025元/平米,东南,高楼层,精装,锦江区, 塔楼, 3个月前
2740,禾嘉利好,104万,3室1厅1卫, 91.67平米 ,11291元/平米,西,低楼层,简装,金牛区, 板楼, 1年前
2741,新里柏仕公馆,186万,3室2厅2卫, 120.21平米 ,15473元/平米,南北,中楼层,毛坯,成华区, 塔楼, 3个月前
2742,上水花苑,152万,3室2厅1卫, 96.91平米 ,15685元/平米,南,中楼层,精装,武侯区, 塔楼, 21天前
2743,华川小区,32万,1室1厅1卫, 37.61平米 ,8509元/平米,西南,高楼层,简装,龙泉驿区, 板楼, 5个月前
2744,皇冠国际社区二期,135万,3室2厅1卫, 93.53平米 ,14434元/平米,东,高楼层,简装,龙泉驿区, 塔楼, 1年前
2745,学府嘉苑,66万,3室1厅2卫, 54.85平米 ,12033元/平米,东,中楼层,精装,双流区, 板楼, 4个月前
2746,月映长滩c区,300万,4室3厅1卫, 242平米 ,12397元/平米,南北,低楼层,精装,温江区, 板塔结合, 30天前
2747,清波小区A区,45万,1室1厅2卫, 42.46平米 ,10599元/平米,西,低楼层,精装,青羊区, 板楼, 3个月前
2748,中铁西城西苑,225万,3室1厅1卫, 92.92平米 ,24215元/平米,东北,高楼层,简装,青羊区, 板塔结合, 8个月前
2749,时代悦城,63万,3室1厅1卫, 69.54平米 ,9060元/平米,东南,高楼层,其他,郫都区, 板塔结合, 1个月前
2750,华莱丽景,73万,2室2厅1卫, 81.94平米 ,8909元/平米,南,高楼层,精装,双流区, 板楼, 8个月前
2751,新13号院,89万,2室2厅1卫, 98.91平米 ,8999元/平米,南,高楼层,其他,成华区, 板楼, 1个月前
2752,华银美景,102万,2室2厅1卫, 83.93平米 ,12153元/平米,南,低楼层,简装,双流区, 板塔结合, 1年前
2753,怡泰花园,55万,1室1厅1卫, 45.95平米 ,11970元/平米,东,中楼层,简装,武侯区, 板楼, 2个月前
2754,晶宝塞纳国际,74万,3室2厅1卫, 79.94平米 ,9195元/平米,东北,中楼层,精装,郫都区, 塔楼, 6个月前
2755,万科金润华府,188万,3室1厅4卫, 73.44平米 ,25600元/平米,东南,低楼层,精装,锦江区, 塔楼, 7个月前
2756,南桥新居B区,57万,1室1厅1卫, 48平米 ,11875元/平米,东南,高楼层,其他,武侯区, 暂无数据, 1个月前
2757,蓝岸丽景,116万,2室1厅2卫, 94.56平米 ,12268元/平米,南,中楼层,精装,天府新区, 板塔结合, 1年前
2758,鑫苑鑫都汇南区,145万,3室2厅1卫, 85.18平米 ,17023元/平米,东西,高楼层,精装,天府新区, 板塔结合, 1年前
2759,锦城名都,77万,1室1厅1卫, 46.24平米 ,16545元/平米,东南,高楼层,简装,金牛区, 板塔结合, 9个月前
2760,金河谷四期,134万,3室2厅1卫, 124.3平米 ,10781元/平米,东南,中楼层,毛坯,温江区, 塔楼, 1个月前
2761,朗诗绿色街区,140万,3室2厅1卫, 70.97平米 ,19727元/平米,北,中楼层,精装,成华区, 板塔结合, 2个月前
2762,水岸格林,168万,3室1厅1卫, 80.53平米 ,20862元/平米,南,低楼层,精装,青羊区, 板楼, 3个月前
2763,绿地468公馆三期,136万,2室1厅1卫, 74.68平米 ,18212元/平米,东南,低楼层,精装,锦江区, 塔楼, 1个月前
2764,华宇静苑二期,175万,3室1厅2卫, 73.27平米 ,23885元/平米,西北,高楼层,精装,新武侯区, 板塔结合, 8个月前
2765,光华逸家,315万,5室1厅1卫, 122.73平米 ,25667元/平米,南,高楼层,精装,青羊区, 板塔结合, 2个月前
2766,金阳易诚国际,103万,2室2厅1卫, 71.53平米 ,14400元/平米,西,低楼层,其他,青羊区, 塔楼, 6个月前
2767,正成艺墅洋房,125万,3室1厅1卫, 89.79平米 ,13922元/平米,东,低楼层,简装,青羊区, 板楼, 7个月前
2768,光华碧邻,132万,2室1厅1卫, 78.41平米 ,16835元/平米,南,中楼层,其他,青羊区, 塔楼, 5个月前
2769,光华杏林,58万,1室1厅1卫, 55.66平米 ,10421元/平米,南,高楼层,简装,青羊区, 塔楼, 13天前
2770,大石东路7号,75万,2室1厅1卫, 42.13平米 ,17803元/平米,南北,高楼层,精装,青羊区, 板楼, 1年前
2771,置信丽都花园D区,235万,3室2厅1卫, 130.38平米 ,18025元/平米,东南,中楼层,简装,武侯区, 塔楼, 7个月前
2772,名品佳7080,41万,2室1厅2卫, 58.42平米 ,7019元/平米,南北,中楼层,简装,新都区, 塔楼, 31天前
2773,西街42号附12号,55万,3室2厅2卫, 106.69平米 ,5156元/平米,东,中楼层,简装,新都区, 暂无数据, 5个月前
2774,光华美地,121万,2室2厅1卫, 81.4平米 ,14865元/平米,西,中楼层,其他,青羊区, 板塔结合, 2个月前
2775,华宇阳光水岸,95万,2室1厅1卫, 65.94平米 ,14408元/平米,西南,高楼层,简装,成华区, 板塔结合, 1个月前
2776,美洲花园城南公馆,100万,2室2厅1卫, 71.28平米 ,14030元/平米,南,低楼层,精装,新都区, 板楼, 1年前
2777,青羊东一路68号,85万,2室2厅2卫, 54平米 ,15741元/平米,南北,高楼层,精装,青羊区, 板楼, 13天前
2778,蓝光幸福满庭,95万,3室1厅1卫, 66.47平米 ,14293元/平米,东南,低楼层,简装,郫都区, 板塔结合, 16天前
2779,万科城,125万,3室2厅1卫, 80.87平米 ,15457元/平米,西南,中楼层,精装,郫都区, 塔楼, 3个月前
2780,交大卡布里城,98万,2室1厅1卫, 88.16平米 ,11117元/平米,东南,高楼层,精装,郫都区, 板塔结合, 2个月前
2781,成外雅庭,75万,2室2厅1卫, 83.72平米 ,8959元/平米,东,高楼层,精装,郫都区, 塔楼, 12天前
2782,傲城,135万,3室2厅1卫, 99.97平米 ,13505元/平米,东南,中楼层,精装,郫都区, 板塔结合, 4个月前
2783,嘉祥瑞庭南城,175万,2室2厅1卫, 73.91平米 ,23678元/平米,北,低楼层,其他,高新区, 塔楼, 19天前
2784,锦芙蓉,130万,2室1厅1卫, 60.84平米 ,21368元/平米,西,中楼层,简装,青羊区, 板塔结合, 3个月前
2785,西安北路27号,93万,2室1厅2卫, 80.92平米 ,11493元/平米,东南,中楼层,简装,青羊区, 板楼, 1年前
2786,蓝天路3号,92万,2室1厅2卫, 87.13平米 ,10559元/平米,南,高楼层,简装,高新区, 板楼, 5个月前
2787,塔子山壹号,243万,3室1厅3卫, 82.22平米 ,29555元/平米,西南,高楼层,精装,锦江区, 塔楼, 1年前
2788,蓝光幸福满庭,98万,3室1厅1卫, 70.45平米 ,13911元/平米,东南,低楼层,其他,郫都区, 板塔结合, 8个月前
2789,凤凰小区,21万,2室1厅1卫, 77.28平米 ,2718元/平米,东南,中楼层,简装,青白江区, 板塔结合, 1年前
2790,蓝光幸福满庭,76万,2室1厅1卫, 45.96平米 ,16537元/平米,南,中楼层,精装,郫都区, 板塔结合, 1个月前
2791,晶宝盛世桃源,72万,2室2厅1卫, 72.08平米 ,9989元/平米,东南,低楼层,简装,郫都区, 板塔结合, 3个月前
2792,佳乐国际城二期,76万,2室1厅1卫, 81.49平米 ,9327元/平米,南,低楼层,精装,新都区, 塔楼, 31天前
2793,金科博翠府,560万,4室2厅2卫, 179.53平米 ,31193元/平米,南,中楼层,精装,新武侯区, 板楼, 4个月前
2794,新神风八座,96万,3室2厅1卫, 100.88平米 ,9517元/平米,南,高楼层,其他,新都区, 塔楼, 12天前
2795,招商雍华府一期,185万,3室2厅1卫, 108.46平米 ,17057元/平米,西北,低楼层,精装,成华区, 板塔结合, 3个月前
2796,保利叶语,145万,3室2厅1卫, 96.99平米 ,14950元/平米,东,高楼层,简装,双流区, 板塔结合, 1个月前
2797,尚郡,238万,3室1厅1卫, 88.6平米 ,26863元/平米,西南,高楼层,精装,高新区, 板塔结合, 4个月前
2798,比华利国际城二期,156万,2室1厅1卫, 77.77平米 ,20060元/平米,西南,中楼层,简装,锦江区, 板塔结合, 1个月前
2799,融创香璟台东苑三期,220万,3室2厅1卫, 116.52平米 ,18881元/平米,东,高楼层,精装,高新区, 板塔结合, 1年前
2800,北新国际广场,82万,2室1厅1卫, 79.46平米 ,10320元/平米,南,高楼层,精装,新都区, 板塔结合, 1个月前
2801,长顺苑,105万,3室2厅2卫, 91.59平米 ,11465元/平米,东南,高楼层,简装,武侯区, 板楼, 1年前
2802,卓锦万黛,125万,3室2厅1卫, 82.99平米 ,15063元/平米,东,高楼层,精装,龙泉驿区, 板塔结合, 3个月前
2803,保利国宾首府二期,273万,4室1厅1卫, 141.31平米 ,19320元/平米,东南,高楼层,精装,金牛区, 板楼, 11个月前
2804,华宇静苑二期,175万,3室1厅1卫, 73.27平米 ,23885元/平米,西北,高楼层,精装,新武侯区, 板塔结合, 8个月前
2805,蓝润城,226万,4室2厅1卫, 156.16平米 ,14473元/平米,东,低楼层,毛坯,双流区, 板楼, 1个月前
2806,中铁西城西苑,225万,3室1厅1卫, 92.92平米 ,24215元/平米,东北,高楼层,简装,青羊区, 板塔结合, 8个月前
2807,南城都汇汇翠园一期,320万,3室2厅1卫, 140.01平米 ,22856元/平米,南,低楼层,精装,武侯区, 板塔结合, 1年前
2808,丽水金都,60万,2室2厅2卫, 79.06平米 ,7564元/平米,南,中楼层,简装,新都区, 塔楼, 7个月前
2809,彩叠园1B期,180万,3室1厅2卫, 117.49平米 ,15321元/平米,南,低楼层,其他,温江区, 板塔结合, 2个月前
2810,水岸格林,168万,3室1厅1卫, 80.53平米 ,20862元/平米,南,低楼层,精装,青羊区, 板楼, 3个月前
2811,通瑞月光湖,88万,2室1厅2卫, 81.73平米 ,10768元/平米,东南,低楼层,精装,双流区, 塔楼, 3个月前
2812,清波小区A区,45万,1室1厅1卫, 42.46平米 ,10599元/平米,西,低楼层,精装,青羊区, 板楼, 3个月前
2813,温哥华花园六期,115万,3室2厅1卫, 100.94平米 ,11393元/平米,西,中楼层,精装,双流区, 塔楼, 1个月前
2814,茶店子横街7号院小区,110万,4室2厅1卫, 68.26平米 ,16115元/平米,东南,低楼层,精装,金牛区, 暂无数据, 1个月前
2815,金恒德时代金悦,113万,3室1厅1卫, 85.44平米 ,13226元/平米,西南,低楼层,精装,温江区, 板塔结合, 2个月前
2816,团结小区二期,98万,3室2厅1卫, 124平米 ,7904元/平米,东北,中楼层,其他,新都区, 塔楼, 8个月前
2817,梧桐世家一期,68万,1室1厅1卫, 47.04平米 ,14456元/平米,东,中楼层,简装,高新区, 板楼, 2个月前
2818,三九八家属区,29万,2室1厅1卫, 43.43平米 ,6678元/平米,东南,低楼层,简装,郫都区, 板楼, 4个月前
2819,四季康城,96万,3室2厅1卫, 88.68平米 ,10826元/平米,南,高楼层,精装,龙泉驿区, 板塔结合, 1个月前
2820,万科金域名邸二期,288万,3室2厅1卫, 97.11平米 ,29658元/平米,南,低楼层,精装,高新区, 板塔结合, 5个月前
2821,皇冠湖壹号,152万,3室1厅1卫, 98.29平米 ,15465元/平米,东南,高楼层,精装,龙泉驿区, 塔楼, 1年前
2822,汇融名城B区,145万,2室1厅1卫, 86.29平米 ,16804元/平米,东南,高楼层,简装,成华区, 板塔结合, 12天前
2823,领地天府兰台,125万,4室2厅1卫, 141.36平米 ,8843元/平米,南,中楼层,精装,新津区, 板楼, 31天前
2824,绿地新城新里桃溪川,110万,4室2厅1卫, 126.81平米 ,8675元/平米,南,中楼层,毛坯,龙泉驿区, 板楼, 4个月前
2825,沙河源上金府,128万,2室2厅2卫, 89.08平米 ,14370元/平米,南,高楼层,精装,金牛区, 板楼, 2个月前
2826,中铁马家公馆,225万,3室2厅1卫, 103.73平米 ,21691元/平米,东,高楼层,简装,金牛区, 塔楼, 9个月前
2827,幸福彼岸,120万,3室1厅1卫, 110.96平米 ,10815元/平米,西北,高楼层,简装,金牛区, 板塔结合, 6个月前
2828,新桥丽景B区,73万,2室1厅1卫, 76.77平米 ,9509元/平米,东,低楼层,其他,金牛区, 板楼, 6个月前
2829,一环路北一段113号,112万,3室1厅2卫, 84.11平米 ,13316元/平米,东南,低楼层,简装,金牛区, 板楼, 1年前
2830,贝多小屋,46万,1室0厅1卫, 26.57平米 ,17125元/平米,西北,高楼层,精装,金牛区, 塔楼, 9个月前
2831,东珠市街18号,98万,2室2厅1卫, 85.19平米 ,11504元/平米,南,高楼层,简装,青羊区, 暂无数据, 6个月前
2832,北方花园,99万,3室1厅1卫, 81.27平米 ,12182元/平米,南,中楼层,其他,成华区, 板楼, 2个月前
2833,上水花苑,156万,3室2厅1卫, 90平米 ,17334元/平米,东南,中楼层,精装,武侯区, 塔楼, 12天前
2834,蓝光圣菲TOWN城,135万,3室2厅1卫, 105.08平米 ,12848元/平米,西,高楼层,简装,双流区, 塔楼, 3个月前
2835,南城都汇汇尚园,232万,2室1厅1卫, 89.36平米 ,25963元/平米,南北,低楼层,精装,武侯区, 板塔结合, 3个月前
2836,园丁小区A区,58万,3室2厅2卫, 115.87平米 ,5006元/平米,东南,高楼层,简装,温江区, 板塔结合, 5个月前
2837,外滩,148万,2室1厅1卫, 75.63平米 ,19569元/平米,东北,低楼层,简装,锦江区, 板塔结合, 1年前
2838,万科金润华府,188万,3室1厅1卫, 73.44平米 ,25600元/平米,东南,低楼层,精装,锦江区, 塔楼, 7个月前
2839,荷里活,109万,2室1厅1卫, 43.57平米 ,24972元/平米,西北,中楼层,精装,金牛区, 塔楼, 3个月前
2840,交大靓典,99万,2室1厅1卫, 81.5平米 ,12148元/平米,西南,中楼层,简装,青羊区, 塔楼, 10个月前
2841,世茂城二期,75万,2室1厅1卫, 54.48平米 ,13767元/平米,东北,高楼层,精装,龙泉驿区, 塔楼, 2个月前
2842,万科第五城二期,172万,4室1厅1卫, 116.73平米 ,14735元/平米,南,高楼层,精装,双流区, 板塔结合, 2个月前
2843,塞纳河畔,122万,3室2厅1卫, 130.93平米 ,9318元/平米,西北,中楼层,简装,温江区, 板塔结合, 1年前
2844,锦桂苑,93万,2室1厅1卫, 75.92平米 ,12250元/平米,西北,中楼层,简装,青羊区, 板楼, 5个月前
2845,绿地468公馆一期,210万,3室2厅1卫, 88.4平米 ,23756元/平米,东北,中楼层,精装,锦江区, 板塔结合, 3个月前
2846,金壕雅庭,58万,2室1厅1卫, 74.57平米 ,7778元/平米,西南,低楼层,精装,郫都区, 塔楼, 1个月前
2847,荷花名都,67万,2室1厅1卫, 70.75平米 ,9470元/平米,南,低楼层,简装,金牛区, 塔楼, 7个月前
2848,保利熙公馆,135万,3室1厅1卫, 117.61平米 ,11479元/平米,东南,高楼层,精装,郫都区, 塔楼, 4个月前
2849,中南上熙府珑悦,168万,3室2厅1卫, 114.56平米 ,14665元/平米,南,中楼层,精装,温江区, 板塔结合, 5个月前
2850,恒大未来城一期,169万,3室1厅1卫, 127.75平米 ,13229元/平米,西北,高楼层,其他,温江区, 塔楼, 3个月前
2851,汇融名城C区,138万,2室1厅1卫, 81.47平米 ,16939元/平米,西南,中楼层,精装,成华区, 塔楼, 4个月前
2852,曼哈顿一期,66万,1室1厅1卫, 44.64平米 ,14785元/平米,东北,低楼层,简装,武侯区, 板塔结合, 1个月前
2853,万科金域名邸二期,288万,3室2厅1卫, 97.11平米 ,29658元/平米,南,低楼层,精装,高新区, 板塔结合, 5个月前
2854,锦洲花园,260万,4室2厅1卫, 124.68平米 ,20854元/平米,西北,高楼层,简装,锦江区, 板楼, 3个月前
2855,文庙前街71号,140万,3室1厅1卫, 94.34平米 ,14840元/平米,南北,高楼层,简装,青羊区, 板塔结合, 1个月前
2856,华川小区,32万,1室1厅2卫, 37.61平米 ,8509元/平米,西南,高楼层,简装,龙泉驿区, 板楼, 5个月前
2857,王家坝后街3号,101万,2室1厅1卫, 59.01平米 ,17116元/平米,南,低楼层,毛坯,锦江区, 板楼, 7个月前
2858,草堂铭城,189万,2室2厅3卫, 78.03平米 ,24222元/平米,西,中楼层,简装,青羊区, 塔楼, 1年前
2859,富力史丹尼国际公寓,160万,1室0厅4卫, 54.69平米 ,29256元/平米,东,高楼层,简装,青羊区, 塔楼, 30天前
2860,皇冠国际社区二期,135万,3室2厅2卫, 93.53平米 ,14434元/平米,东,高楼层,简装,龙泉驿区, 塔楼, 1年前
2861,上水花苑,152万,3室2厅1卫, 96.91平米 ,15685元/平米,南,中楼层,精装,武侯区, 塔楼, 21天前
2862,蜀都花园,130万,2室2厅1卫, 95.04平米 ,13679元/平米,东,中楼层,精装,青羊区, 塔楼, 5个月前
2863,冠城花园二期,356万,5室2厅1卫, 173.59平米 ,20509元/平米,东南,高楼层,简装,青羊区, 板塔结合, 15天前
2864,华银美景,102万,2室2厅1卫, 83.93平米 ,12153元/平米,南,低楼层,简装,双流区, 板塔结合, 1年前
2865,英祥财富领域,155万,2室2厅1卫, 83.77平米 ,18504元/平米,东南,高楼层,精装,高新区, 板塔结合, 3个月前
2866,荷里活,109万,2室1厅1卫, 43.57平米 ,24972元/平米,西北,中楼层,精装,金牛区, 塔楼, 3个月前
2867,万科金润华府,188万,3室1厅1卫, 73.44平米 ,25600元/平米,东南,低楼层,精装,锦江区, 塔楼, 7个月前
2868,金山郡,82万,3室2厅1卫, 118.33平米 ,6905元/平米,西南,中楼层,精装,金堂县, 塔楼, 29天前
2869,楠丽湾,55万,2室1厅2卫, 33.3平米 ,16517元/平米,西南,低楼层,简装,武侯区, 板塔结合, 2个月前
2870,棠湖南路三段28号,60万,2室2厅2卫, 63.71平米 ,9418元/平米,东南,低楼层,精装,双流区, 板楼, 2个月前
2871,卓锦万黛,150万,3室2厅1卫, 95.54平米 ,15648元/平米,南,中楼层,精装,龙泉驿区, 板塔结合, 2个月前
2872,怡泰花园,55万,1室1厅2卫, 45.95平米 ,11970元/平米,东,中楼层,简装,武侯区, 板楼, 2个月前
2873,朗诗绿色街区,140万,3室2厅1卫, 70.97平米 ,19727元/平米,北,中楼层,精装,成华区, 板塔结合, 2个月前
2874,佳乐国际城二期,72万,2室1厅1卫, 82.44平米 ,8734元/平米,南,高楼层,毛坯,新都区, 塔楼, 8个月前
2875,万科城,96万,3室1厅2卫, 78.76平米 ,12189元/平米,南,高楼层,精装,郫都区, 塔楼, 6个月前
2876,万科理想城三期·星河,117万,3室2厅1卫, 73.91平米 ,15831元/平米,南,中楼层,精装,郫都区, 塔楼, 2个月前
2877,领地海纳时代,95万,2室1厅1卫, 59.08平米 ,16080元/平米,南,低楼层,简装,成华区, 板塔结合, 14天前
2878,冠城花园二期,280万,3室2厅1卫, 141.93平米 ,19729元/平米,东南,低楼层,简装,青羊区, 塔楼, 8个月前
2879,锦洲花园,260万,4室2厅1卫, 124.68平米 ,20854元/平米,西北,高楼层,简装,锦江区, 板楼, 3个月前
2880,新巢小区二期,80万,1室1厅1卫, 61.81平米 ,12943元/平米,东南,中楼层,精装,武侯区, 板楼, 3个月前
2881,晶宝塞纳国际,74万,3室2厅1卫, 79.94平米 ,9195元/平米,东北,中楼层,精装,郫都区, 塔楼, 6个月前
2882,上东壹号丽景苑,155万,3室1厅1卫, 87.73平米 ,17623元/平米,东西,中楼层,精装,成华区, 板塔结合, 2个月前
2883,新开街7号,220万,3室1厅2卫, 77.69平米 ,28318元/平米,南北,高楼层,简装,锦江区, 板楼, 2个月前
2884,阳光城半山悦,237万,3室2厅2卫, 121.04平米 ,19548元/平米,南,高楼层,精装,天府新区, 塔楼, 1年前
2885,时代晶座(高新),176万,2室1厅1卫, 65.86平米 ,26724元/平米,东,低楼层,精装,高新区, 板塔结合, 2个月前
2886,融创香璟台东苑三期,220万,3室2厅2卫, 116.52平米 ,18881元/平米,东,高楼层,精装,高新区, 板塔结合, 1年前
2887,长顺苑,105万,3室2厅1卫, 91.59平米 ,11465元/平米,东南,高楼层,简装,武侯区, 板楼, 1年前
2888,卓锦万黛,125万,3室2厅1卫, 82.99平米 ,15063元/平米,东,高楼层,精装,龙泉驿区, 板塔结合, 3个月前
2889,北新国际广场,82万,2室1厅1卫, 79.46平米 ,10320元/平米,南,高楼层,精装,新都区, 板塔结合, 1个月前
2890,万科第五城二期,165万,4室2厅1卫, 117.01平米 ,14102元/平米,南,低楼层,简装,双流区, 板塔结合, 1个月前
2891,南城都汇汇翠园一期,320万,3室2厅2卫, 140.01平米 ,22856元/平米,南,低楼层,精装,武侯区, 板塔结合, 1年前
2892,中国铁建北湖国际城溪檀三期,220万,4室2厅1卫, 136.67平米 ,16098元/平米,东,中楼层,精装,成华区, 板塔结合, 8个月前
2893,锦蓉佳苑,249万,4室2厅1卫, 137.13平米 ,18158元/平米,南,低楼层,毛坯,锦江区, 塔楼, 1年前
2894,汇融悉尼湾达令港,102万,3室2厅1卫, 93.55平米 ,10904元/平米,南,高楼层,毛坯,新都区, 板塔结合, 3个月前
2895,西财学府尚郡,105万,3室1厅3卫, 122.03平米 ,8605元/平米,东北,中楼层,毛坯,温江区, 塔楼, 4个月前
2896,保利叶语,145万,3室2厅1卫, 96.99平米 ,14950元/平米,东,高楼层,简装,双流区, 板塔结合, 1个月前
2897,比华利国际城二期,156万,2室1厅2卫, 77.77平米 ,20060元/平米,西南,中楼层,简装,锦江区, 板塔结合, 1个月前
2898,西财学府憬城,77万,3室2厅1卫, 84.05平米 ,9162元/平米,南,高楼层,简装,温江区, 塔楼, 1年前
2899,保利叶语,139万,3室2厅1卫, 85.53平米 ,16229元/平米,西,中楼层,毛坯,双流区, 板塔结合, 2个月前
2900,麦田国际社区,83万,3室2厅1卫, 80.91平米 ,10259元/平米,东南,中楼层,简装,新都区, 塔楼, 7个月前
2901,新希望锦悦楠庭,172万,3室2厅1卫, 96.56平米 ,17813元/平米,南,高楼层,毛坯,武侯区, 板楼, 1年前
2902,交大智能五期,133万,3室1厅2卫, 131.87平米 ,10086元/平米,东南,高楼层,简装,金牛区, 板楼, 1年前
2903,书香秀筑,65万,3室2厅1卫, 106.25平米 ,6118元/平米,东南,中楼层,精装,温江区, 板楼, 1年前
2904,锦桂苑,93万,2室1厅1卫, 75.92平米 ,12250元/平米,西北,中楼层,简装,青羊区, 板楼, 5个月前
2905,绿地468公馆一期,210万,3室2厅2卫, 88.4平米 ,23756元/平米,东北,中楼层,精装,锦江区, 板塔结合, 3个月前
2906,蓝光COCO金沙三期,179万,3室1厅1卫, 76.39平米 ,23433元/平米,南,低楼层,简装,青羊区, 板塔结合, 8个月前
2907,中洲锦城湖岸,510万,4室2厅1卫, 123.96平米 ,41143元/平米,北,中楼层,精装,高新区, 板塔结合, 8个月前
2908,中铁城锦南汇,140万,3室2厅1卫, 80.13平米 ,17472元/平米,南,低楼层,毛坯,高新区, 塔楼, 4个月前
2909,泛悦城市广场,129万,2室2厅1卫, 66.76平米 ,19323元/平米,南,中楼层,精装,成华区, 塔楼, 3个月前
2910,都城雅颂居,288万,2室1厅1卫, 93.55平米 ,30786元/平米,北,高楼层,精装,高新区, 塔楼, 1个月前
2911,双源社区152号院,106万,2室2厅1卫, 72.12平米 ,14698元/平米,南,低楼层,简装,高新区, 塔楼, 1个月前
2912,温哥华花园,98万,2室1厅1卫, 89.98平米 ,10892元/平米,南,高楼层,精装,双流区, 塔楼, 12天前
2913,新神风八座,96万,3室2厅1卫, 100.88平米 ,9517元/平米,南,高楼层,其他,新都区, 塔楼, 12天前
2914,上龙门,110万,3室2厅1卫, 73.82平米 ,14902元/平米,西,低楼层,简装,龙泉驿区, 板楼, 3个月前
2915,阳光100米娅中心一期,62万,1室1厅1卫, 39.48平米 ,15705元/平米,东,低楼层,精装,成华区, 板塔结合, 4个月前
2916,万科第五城四期,128万,3室1厅1卫, 92.18平米 ,13886元/平米,北,低楼层,精装,双流区, 板塔结合, 4个月前
2917,三里花城,125万,2室1厅1卫, 75.04平米 ,16658元/平米,东南,中楼层,其他,双流区, 板塔结合, 7个月前
2918,保利花园一期,249万,3室2厅1卫, 98.48平米 ,25285元/平米,东北,中楼层,简装,新武侯区, 板楼, 4个月前
2919,美宸东方,77万,3室2厅2卫, 89.54平米 ,8600元/平米,东,中楼层,简装,龙泉驿区, 板塔结合, 6个月前
2920,九峰·东方明珠,41万,1室1厅1卫, 52.73平米 ,7776元/平米,东,高楼层,精装,龙泉驿区, 塔楼, 6个月前
2921,风华庭,185万,3室2厅2卫, 104.75平米 ,17662元/平米,东北,高楼层,简装,武侯区, 板塔结合, 3个月前
2922,海桐三期,54万,1室1厅1卫, 46.63平米 ,11581元/平米,东南,低楼层,简装,锦江区, 塔楼, 7个月前
2923,蓉北商贸大道一段26号,81万,2室2厅1卫, 80.12平米 ,10110元/平米,西南,中楼层,其他,金牛区, 平房, 4个月前
2924,麓府,180万,3室2厅1卫, 103.94平米 ,17318元/平米,西南,高楼层,简装,天府新区, 塔楼, 4个月前
2925,置信丹郡湖岸,49万,2室2厅1卫, 70.53平米 ,6877元/平米,东南,低楼层,简装,彭州市, 塔楼, 4个月前
2926,商鼎国际,70万,1室1厅1卫, 56.35平米 ,12423元/平米,南,高楼层,简装,武侯区, 板塔结合, 2个月前
2927,东马棚街12号,115万,2室2厅2卫, 62.95平米 ,18269元/平米,东,高楼层,精装,青羊区, 板楼, 2个月前
2928,银诚东方国际一期,66万,2室1厅1卫, 71.36平米 ,9249元/平米,北,低楼层,精装,龙泉驿区, 板楼, 19天前
2929,瑞金广场,212万,4室1厅1卫, 188.64平米 ,11239元/平米,南,高楼层,简装,武侯区, 板楼, 26天前
2930,时代天骄,68万,2室1厅1卫, 58.06平米 ,11713元/平米,东南,中楼层,简装,青羊区, 塔楼, 17天前
2931,旺府豪庭,56万,2室1厅1卫, 57.44平米 ,9750元/平米,南,中楼层,其他,新都区, 塔楼, 23天前
2932,尚林家园,65万,2室2厅1卫, 72.16平米 ,9008元/平米,东北,中楼层,精装,郫都区, 板楼, 3个月前
2933,正成名城左岸,35万,2室0厅2卫, 56.5平米 ,6107元/平米,西北,中楼层,简装,郫都区, 板塔结合, 31天前
2934,华宇阳光水岸,113万,2室1厅1卫, 68.63平米 ,16466元/平米,西南,中楼层,精装,成华区, 板塔结合, 30天前
2935,水沐环岛,76万,2室2厅1卫, 98.74平米 ,7697元/平米,东南,低楼层,简装,新都区, 板楼, 22天前
2936,三里花城,128万,3室1厅1卫, 94.26平米 ,13580元/平米,西,低楼层,精装,双流区, 板塔结合, 4个月前
2937,花样年智荟城,69万,3室2厅1卫, 98.87平米 ,6979元/平米,东南,中楼层,精装,崇州市, 塔楼, 3个月前
2938,华润二十四城七期,239万,3室2厅2卫, 91.55平米 ,26106元/平米,南,高楼层,精装,成华区, 板塔结合, 4个月前
2939,清水路苑,105万,2室1厅1卫, 82.46平米 ,12734元/平米,东,中楼层,简装,青羊区, 板塔结合, 1个月前
2940,五星蕊园,92万,3室2厅1卫, 111.34平米 ,8254元/平米,东南,高楼层,毛坯,龙泉驿区, 板楼, 2个月前
2941,优地B区,196万,3室2厅1卫, 100.94平米 ,19418元/平米,东北,中楼层,精装,武侯区, 板楼, 1个月前
2942,恒大银海湖,110万,4室2厅1卫, 136.24平米 ,8074元/平米,东南,高楼层,其他,崇州市, 暂无数据, 1个月前
2943,华润二十四城二期,218万,3室2厅1卫, 88平米 ,24773元/平米,东南,高楼层,简装,成华区, 板塔结合, 2个月前
2944,商业街25号,198万,2室1厅1卫, 61.62平米 ,32133元/平米,南北,低楼层,简装,青羊区, 板楼, 2个月前
2945,蓝光幸福满庭,74万,2室1厅1卫, 51.83平米 ,14278元/平米,西南,中楼层,精装,郫都区, 板塔结合, 2个月前
2946,银诚东方国际一期,75万,3室2厅1卫, 108.02平米 ,6944元/平米,南北,低楼层,简装,龙泉驿区, 板塔结合, 2个月前
2947,蓝润城,167万,4室2厅1卫, 129.73平米 ,12873元/平米,南,低楼层,毛坯,双流区, 板楼, 2个月前
2948,千居朝阳,137万,2室1厅1卫, 85.7平米 ,15963元/平米,南,低楼层,简装,成华区, 塔楼, 15天前
2949,嘉祥瑞庭南城,175万,2室2厅1卫, 73.91平米 ,23678元/平米,北,低楼层,其他,高新区, 塔楼, 19天前
2950,凤凰小区,21万,2室1厅3卫, 77.28平米 ,2718元/平米,东南,中楼层,简装,青白江区, 板塔结合, 1年前
2951,蓝光幸福满庭,98万,3室1厅1卫, 70.45平米 ,13911元/平米,东南,低楼层,其他,郫都区, 板塔结合, 8个月前
2952,美洲花园城南公馆,100万,2室2厅1卫, 71.28平米 ,14030元/平米,南,低楼层,精装,新都区, 板楼, 1年前
2953,青羊东一路68号,85万,2室2厅1卫, 54平米 ,15741元/平米,南北,高楼层,精装,青羊区, 板楼, 13天前
2954,佳乐国际城二期,76万,2室1厅1卫, 81.49平米 ,9327元/平米,南,低楼层,精装,新都区, 塔楼, 31天前
2955,金科博翠府,560万,4室2厅1卫, 179.53平米 ,31193元/平米,南,中楼层,精装,新武侯区, 板楼, 4个月前
2956,西安北路27号,93万,2室1厅1卫, 80.92平米 ,11493元/平米,东南,中楼层,简装,青羊区, 板楼, 1年前
2957,锦芙蓉,130万,2室1厅1卫, 60.84平米 ,21368元/平米,西,中楼层,简装,青羊区, 板塔结合, 3个月前
2958,西街42号附12号,55万,3室2厅1卫, 106.69平米 ,5156元/平米,东,中楼层,简装,新都区, 暂无数据, 5个月前
2959,花样年花郡,133万,2室1厅1卫, 84.27平米 ,15783元/平米,北,高楼层,简装,成华区, 板塔结合, 6个月前
2960,上龙门,110万,3室2厅1卫, 73.82平米 ,14902元/平米,西,低楼层,简装,龙泉驿区, 板楼, 3个月前
2961,居民大院,62万,2室1厅1卫, 55.95平米 ,10992元/平米,东南,高楼层,精装,成华区, 板楼, 18天前
2962,荔园悦享花醍,115万,3室1厅1卫, 99.05平米 ,11611元/平米,西北,低楼层,精装,郫都区, 板楼, 6个月前
2963,正成艺墅洋房,125万,3室1厅2卫, 89.79平米 ,13922元/平米,东,低楼层,简装,青羊区, 板楼, 7个月前
2964,蓝光幸福满庭,76万,2室1厅1卫, 45.96平米 ,16537元/平米,南,中楼层,精装,郫都区, 板塔结合, 1个月前
2965,晶宝盛世桃源,72万,2室2厅1卫, 72.08平米 ,9989元/平米,东南,低楼层,简装,郫都区, 板塔结合, 3个月前
2966,蓝光幸福满庭,95万,3室1厅3卫, 66.47平米 ,14293元/平米,东南,低楼层,简装,郫都区, 板塔结合, 16天前
2967,城楠映象,185万,3室2厅1卫, 128.16平米 ,14436元/平米,西南,高楼层,精装,武侯区, 板楼, 1年前
2968,人居锦尚春天A区,132万,3室1厅1卫, 90.26平米 ,14625元/平米,西南,低楼层,简装,锦江区, 板塔结合, 8个月前
2969,大石东路7号,75万,2室1厅1卫, 42.13平米 ,17803元/平米,南北,高楼层,精装,青羊区, 板楼, 1年前
2970,光华碧邻,132万,2室1厅1卫, 78.41平米 ,16835元/平米,南,中楼层,其他,青羊区, 塔楼, 5个月前
2971,傲城,135万,3室2厅1卫, 99.97平米 ,13505元/平米,东南,中楼层,精装,郫都区, 板塔结合, 4个月前
2972,名品佳7080,41万,2室1厅1卫, 58.42平米 ,7019元/平米,南北,中楼层,简装,新都区, 塔楼, 31天前
2973,时代悦城,63万,3室1厅2卫, 69.54平米 ,9060元/平米,东南,高楼层,其他,郫都区, 板塔结合, 1个月前
2974,人和逸景,91万,2室1厅1卫, 90.42平米 ,10065元/平米,东,高楼层,精装,金牛区, 塔楼, 1年前
